200 203.352738 272.667456 7.177927090510e-01 -2.432232920141e+00 1.100000000000e+01 
201 208.838736 278.153454 7.161416196123e-01 -2.433121268451e+00 1.100000000000e+01 
202 211.108675 280.423393 7.176147194374e-01 -2.412343292145e+00 1.100000000000e+01 
203 201.890609 271.205327 7.176506889559e-01 -2.559421412597e+00 1.100000000000e+01 
204 206.367478 275.682196 7.174670780096e-01 -2.603748291109e+00 1.100000000000e+01 
205 205.161234 274.475952 7.179225527247e-01 -2.531177577429e+00 1.100000000000e+01 
206 207.377497 276.692215 7.178121114511e-01 -2.705933990989e+00 1.100000000000e+01 
207 208.964371 278.279089 7.181208356860e-01 -2.438705032963e+00 1.100000000000e+01 
208 204.014660 273.329378 7.189731816179e-01 -2.529602851503e+00 1.100000000000e+01 
209 208.365905 277.680623 7.163284446454e-01 -2.516902052358e+00 1.100000000000e+01 
210 207.170648 276.485366 7.169229308153e-01 -2.423981418100e+00 1.100000000000e+01 
211 210.169406 279.484124 7.171929403945e-01 -2.582394602818e+00 1.100000000000e+01 
212 209.319382 278.634101 7.168714477338e-01 -2.401061601304e+00 1.100000000000e+01 
213 210.259563 279.574281 7.157483832046e-01 -2.444776006669e+00 1.100000000000e+01 
214 207.714977 277.029695 7.169213563601e-01 -2.549334923080e+00 1.100000000000e+01 
215 210.071086 279.385804 7.171280533773e-01 -2.474813536100e+00 1.100000000000e+01 
216 209.453744 278.768462 7.165373852052e-01 -2.447967946589e+00 1.100000000000e+01 
217 205.961075 275.275793 7.165555501098e-01 -2.536836202422e+00 1.100000000000e+01 
218 206.547554 275.862272 7.158899625290e-01 -2.596542894593e+00 1.100000000000e+01 
219 209.593075 278.907793 7.163728720754e-01 -2.512228932687e+00 1.100000000000e+01 
220 205.240377 274.555095 7.152346930592e-01 -2.527732773977e+00 1.100000000000e+01 
221 210.116473 279.431191 7.171426419253e-01 -2.472994069688e+00 1.100000000000e+01 
222 207.348386 276.663104 7.172614789797e-01 -2.509204197273e+00 1.100000000000e+01 
223 204.666162 273.980880 7.164756455793e-01 -2.473808191945e+00 1.100000000000e+01 
224 208.058254 277.372972 7.235960876655e-01 -2.562840281548e+00 1.100000000000e+01 
225 208.577858 277.892576 7.240992012537e-01 -2.559365484602e+00 1.100000000000e+01 
226 208.399343 277.714061 7.239973858858e-01 -2.379897747493e+00 1.100000000000e+01 
227 203.610266 272.924984 6.030498016480e-01 -2.740889616906e+00 1.100000000000e+01 
228 209.130233 278.444951 7.232062991491e-01 -2.521978721502e+00 1.100000000000e+01 
229 200.288673 269.603391 7.237775738063e-01 -2.448902570222e+00 1.100000000000e+01 
230 206.871982 276.186700 7.228107230727e-01 -2.624154497192e+00 1.100000000000e+01 
231 202.201891 271.516609 7.232432432485e-01 -2.333283657635e+00 1.100000000000e+01 
232 210.573341 279.888059 7.236423460528e-01 -2.609879590973e+00 1.100000000000e+01 
233 206.877676 276.192394 7.244812243502e-01 -2.457514659030e+00 1.100000000000e+01 
234 207.220204 276.534922 7.244903895088e-01 -2.438152326696e+00 1.100000000000e+01 
235 208.084305 277.399023 7.231000885925e-01 -2.521590809272e+00 1.100000000000e+01 
236 206.683378 275.998096 7.224259388440e-01 -2.431131466466e+00 1.100000000000e+01 
237 204.260501 273.575219 7.247802116844e-01 -2.593938962102e+00 1.100000000000e+01 
238 202.691444 272.006162 7.216573743290e-01 -2.684478475062e+00 1.100000000000e+01 
239 208.941552 278.256270 7.235354924657e-01 -2.554369349858e+00 1.100000000000e+01 
240 211.196387 280.511105 7.235660319361e-01 -2.556045087686e+00 1.100000000000e+01 
241 211.212914 280.527632 7.235038197950e-01 -2.463381502521e+00 1.100000000000e+01 
242 208.006133 277.320851 7.241355287732e-01 -2.531055692198e+00 1.100000000000e+01 
243 205.821939 275.136657 7.225890355759e-01 -2.541007509205e+00 1.100000000000e+01 
244 206.192034 275.506752 7.217649862001e-01 -2.463335606690e+00 1.100000000000e+01 
245 210.904829 280.219548 7.236011358129e-01 -2.390670488566e+00 1.100000000000e+01 
246 210.285153 279.599871 7.232786188474e-01 -2.457293258995e+00 1.100000000000e+01 
247 203.142958 272.457677 7.250518942316e-01 -2.506146251794e+00 1.100000000000e+01 
248 206.272622 275.587340 7.229438192969e-01 -2.611540688777e+00 1.100000000000e+01 
249 204.125392 273.440110 7.221242411809e-01 -2.512277812353e+00 1.100000000000e+01 
250 209.927584 279.242302 7.228376063203e-01 -2.587107241152e+00 1.100000000000e+01 
251 208.435333 277.750051 7.235779410343e-01 -2.516335611371e+00 1.100000000000e+01 
252 209.175204 278.489922 7.248904302996e-01 -2.518218955779e+00 1.100000000000e+01 
253 209.043325 278.358043 7.237081811402e-01 -2.357358600667e+00 1.100000000000e+01 
254 206.747716 276.062434 7.232548841507e-01 -2.329193621000e+00 1.100000000000e+01 
255 206.315738 275.630456 7.231157680431e-01 -2.524780361356e+00 1.100000000000e+01 
256 206.869848 276.184566 7.242272573563e-01 -2.561853603563e+00 1.100000000000e+01 
257 204.576744 273.891462 7.234794788999e-01 -2.366058292890e+00 1.100000000000e+01 
258 206.615796 275.930515 7.231319315959e-01 -2.483346622376e+00 1.100000000000e+01 
259 206.654476 275.969194 7.234200078113e-01 -2.567034299711e+00 1.100000000000e+01 
260 206.453581 275.768299 7.238728324901e-01 -2.471152605254e+00 1.100000000000e+01 
261 207.298643 276.613361 7.235184090230e-01 -2.401777516689e+00 1.100000000000e+01 
262 205.799235 275.113953 7.239016791754e-01 -2.338177904742e+00 1.100000000000e+01 
263 203.104316 272.419034 7.237941680632e-01 -2.466367200644e+00 1.100000000000e+01 
264 202.095150 271.409868 7.220929792086e-01 -2.430017163911e+00 1.100000000000e+01 
265 207.077565 276.392283 7.227558839649e-01 -2.615066459223e+00 1.100000000000e+01 
266 204.925854 274.240572 7.224218076187e-01 -2.589409662493e+00 1.100000000000e+01 
267 208.045794 277.360512 7.244172812785e-01 -2.575782611357e+00 1.100000000000e+01 
268 206.656376 275.971095 7.212530473063e-01 -2.518275168988e+00 1.100000000000e+01 
269 208.572398 277.887116 7.237030821404e-01 -2.610418608209e+00 1.100000000000e+01 
270 209.534645 278.849363 7.244841968061e-01 -2.384018794331e+00 1.100000000000e+01 
271 209.450491 278.765209 7.249696564401e-01 -2.408889670782e+00 1.100000000000e+01 
272 205.743398 275.058116 7.258004144781e-01 -2.424262827373e+00 1.100000000000e+01 
273 208.088686 277.403404 7.243547420285e-01 -2.457019473299e+00 1.100000000000e+01 
274 201.913397 271.228115 6.076511320420e-01 -2.814998831210e+00 1.100000000000e+01 
275 202.660606 271.975324 7.256817595523e-01 -2.556702992269e+00 1.100000000000e+01 
276 205.069543 274.384261 7.239969726498e-01 -2.476585519485e+00 1.100000000000e+01 
277 211.714065 281.028783 7.243838395330e-01 -2.476331237632e+00 1.100000000000e+01 
278 209.148350 278.463068 7.254773677772e-01 -2.378901748054e+00 1.100000000000e+01 
279 207.410951 276.725669 7.246095131134e-01 -2.350783547167e+00 1.100000000000e+01 
280 205.843463 275.158181 7.238223781930e-01 -2.490463402871e+00 1.100000000000e+01 
281 207.418702 276.733420 7.238568123926e-01 -2.540173152489e+00 1.100000000000e+01 
282 204.942370 274.257089 7.234371113032e-01 -2.623751237447e+00 1.100000000000e+01 
283 207.702006 277.016724 7.237612670666e-01 -2.481073043180e+00 1.100000000000e+01 
284 206.433916 275.748634 7.239412332819e-01 -2.601880098889e+00 1.100000000000e+01 
285 206.788452 276.103170 7.226473522963e-01 -2.651945196440e+00 1.100000000000e+01 
286 208.040129 277.354847 7.241978079904e-01 -2.646419926057e+00 1.100000000000e+01 
287 206.517446 275.832164 7.234960480553e-01 -2.572367260917e+00 1.100000000000e+01 
288 207.399894 276.714612 7.244906404492e-01 -2.520913974514e+00 1.100000000000e+01 
289 206.645671 275.960389 7.242814203659e-01 -2.486760354884e+00 1.100000000000e+01 
290 206.816261 276.130979 7.250351072958e-01 -2.364841080399e+00 1.100000000000e+01 
291 209.474006 278.788724 7.245959651508e-01 -2.527079491207e+00 1.100000000000e+01 
292 207.074168 276.388886 7.242567980868e-01 -2.652280616587e+00 1.100000000000e+01 
293 205.006579 274.321297 7.236097662782e-01 -2.717177051550e+00 1.100000000000e+01 
294 208.535281 277.849999 7.241069560928e-01 -2.494895853236e+00 1.100000000000e+01 
295 209.328510 278.643228 7.243721178088e-01 -2.504746440635e+00 1.100000000000e+01 
296 207.158495 276.473213 7.243525275189e-01 -2.409039724034e+00 1.100000000000e+01 
297 208.923393 278.238111 7.247842048183e-01 -2.547324293841e+00 1.100000000000e+01 
298 207.803016 277.117734 7.249944833196e-01 -2.437481295041e+00 1.100000000000e+01 
299 207.096403 276.411121 7.243374652668e-01 -2.415511487312e+00 1.100000000000e+01 
300 208.223594 277.538312 7.246414618901e-01 -2.480122259139e+00 1.100000000000e+01 
301 205.757320 275.072038 7.244172502076e-01 -2.522013909658e+00 1.100000000000e+01 
302 210.740333 280.055051 7.239219330592e-01 -2.592098799387e+00 1.100000000000e+01 
303 203.292917 272.607635 7.256855596190e-01 -2.650398823037e+00 1.100000000000e+01 
304 208.549758 277.864476 7.240766410937e-01 -2.408271261412e+00 1.100000000000e+01 
305 207.266402 276.581120 7.243126868732e-01 -2.555012681977e+00 1.100000000000e+01 
306 205.866581 275.181299 7.234225162842e-01 -2.688698172648e+00 1.100000000000e+01 
307 208.554614 277.869332 7.247663913787e-01 -2.478044022139e+00 1.100000000000e+01 
308 208.300050 277.614768 7.242997751503e-01 -2.591009365238e+00 1.100000000000e+01 
309 208.852931 278.167649 7.246588253904e-01 -2.547543549821e+00 1.100000000000e+01 
310 202.573191 271.887909 7.250733367521e-01 -2.508745622956e+00 1.100000000000e+01 
311 205.422848 274.737566 7.257223331379e-01 -2.434145006879e+00 1.100000000000e+01 
312 207.989325 277.304043 7.239048904648e-01 -2.323365640689e+00 1.100000000000e+01 
313 206.130518 275.445236 7.236950707333e-01 -2.616341401652e+00 1.100000000000e+01 
314 204.320289 273.635007 7.236382105692e-01 -2.383508375962e+00 1.100000000000e+01 
315 208.504051 277.818769 7.237811677684e-01 -2.562343385220e+00 1.100000000000e+01 
316 205.129260 274.443978 7.233014800818e-01 -2.385662493343e+00 1.100000000000e+01 
317 208.141578 277.456296 7.241152595651e-01 -2.484587853048e+00 1.100000000000e+01 
318 206.052189 275.366907 7.231180165403e-01 -2.447030489807e+00 1.100000000000e+01 
319 207.821850 277.136568 7.226643416346e-01 -2.355143474612e+00 1.100000000000e+01 
320 208.244922 277.559640 7.233040092317e-01 -2.441030292404e+00 1.100000000000e+01 
321 208.336074 277.650792 7.223261712902e-01 -2.615420953043e+00 1.100000000000e+01 
322 208.498668 277.813386 7.237136563523e-01 -2.587648628813e+00 1.100000000000e+01 
323 209.723859 279.038577 7.231855328901e-01 -2.560619666836e+00 1.100000000000e+01 
324 207.790757 277.105475 7.226828189608e-01 -2.593066821967e+00 1.100000000000e+01 
325 209.505380 278.820098 7.239592634940e-01 -2.431094539872e+00 1.100000000000e+01 
326 208.531465 277.846183 7.226306382308e-01 -2.563843546702e+00 1.100000000000e+01 
327 208.829652 278.144370 7.231425122533e-01 -2.399809391511e+00 1.100000000000e+01 
328 208.655807 277.970525 7.239380744564e-01 -2.515862631358e+00 1.100000000000e+01 
329 205.591202 274.905920 7.241871645713e-01 -2.446646703073e+00 1.100000000000e+01 
330 201.150294 270.465012 7.232151483661e-01 -2.200576153991e+00 1.100000000000e+01 
331 209.068312 278.383030 7.236229850729e-01 -2.537366096682e+00 1.100000000000e+01 
332 203.927121 273.241839 7.249281840870e-01 -2.427933093504e+00 1.100000000000e+01 
333 205.302104 274.616822 7.251312351615e-01 -2.431639687620e+00 1.100000000000e+01 
334 204.975005 274.289723 7.233979413154e-01 -2.534072094675e+00 1.100000000000e+01 
335 207.659220 276.973938 7.240275690850e-01 -2.492703098248e+00 1.100000000000e+01 
336 205.950195 275.264913 7.221806884005e-01 -2.601372077485e+00 1.100000000000e+01 
337 208.014162 277.328880 7.239877308194e-01 -2.502847728248e+00 1.100000000000e+01 
338 206.074595 275.389313 7.237087240712e-01 -2.582369617700e+00 1.100000000000e+01 
339 205.388346 274.703064 7.220250684024e-01 -2.694704786178e+00 1.100000000000e+01 
340 207.653557 276.968275 7.241227189286e-01 -2.628752179751e+00 1.100000000000e+01 
341 208.353175 277.667893 7.243404747547e-01 -2.340131620731e+00 1.100000000000e+01 
342 205.104564 274.419282 7.233125876365e-01 -2.526975024820e+00 1.100000000000e+01 
343 204.403391 273.718109 7.252971037079e-01 -2.543611040535e+00 1.100000000000e+01 
344 201.248499 270.563217 7.224606169528e-01 -2.568692182655e+00 1.100000000000e+01 
345 208.945309 278.260027 7.240653453352e-01 -2.515278715396e+00 1.100000000000e+01 
346 202.709890 272.024608 7.246797315989e-01 -2.578998735816e+00 1.100000000000e+01 
347 207.940949 277.255667 7.237054049518e-01 -2.527003998258e+00 1.100000000000e+01 
348 207.200449 276.515167 7.248060600150e-01 -2.418307416731e+00 1.100000000000e+01 
349 204.457839 273.772557 7.235889164136e-01 -2.373967321920e+00 1.100000000000e+01 
350 206.896144 276.210862 7.224713191883e-01 -2.589070093102e+00 1.100000000000e+01 
351 200.356088 269.670806 7.242179840096e-01 -2.409607795920e+00 1.100000000000e+01 
352 206.793766 276.108484 7.235532676585e-01 -2.463865926542e+00 1.100000000000e+01 
353 205.122380 274.437098 7.233749957778e-01 -2.351167517122e+00 1.100000000000e+01 
354 200.994378 270.309096 7.209685503339e-01 -2.414163677128e+00 1.100000000000e+01 
355 206.038644 275.353362 7.227894902349e-01 -2.669908659704e+00 1.100000000000e+01 
356 204.690376 274.005094 7.240020313103e-01 -2.307972820544e+00 1.100000000000e+01 
357 207.258308 276.573026 7.242286898154e-01 -2.573026283893e+00 1.100000000000e+01 
358 207.956800 277.271519 7.239602491756e-01 -2.585572090653e+00 1.100000000000e+01 
359 203.831477 273.146195 7.237854479139e-01 -2.460714483913e+00 1.100000000000e+01 
360 202.576462 271.891180 7.233552377023e-01 -2.452604788637e+00 1.100000000000e+01 
361 205.410141 274.724859 7.225408538125e-01 -2.651923846836e+00 1.100000000000e+01 
362 207.423503 276.738221 7.244042206348e-01 -2.693031695831e+00 1.100000000000e+01 
363 205.711909 275.026627 7.230241116664e-01 -2.460744133139e+00 1.100000000000e+01 
364 205.592372 274.907090 7.242013085794e-01 -2.481409048480e+00 1.100000000000e+01 
365 204.641026 273.955744 7.231607914606e-01 -2.624665434663e+00 1.100000000000e+01 
366 206.338564 275.653283 7.236085146147e-01 -2.604102211737e+00 1.100000000000e+01 
367 207.874348 277.189066 7.244742461126e-01 -2.456904405246e+00 1.100000000000e+01 
368 207.391156 276.705874 7.222724290605e-01 -2.539441345613e+00 1.100000000000e+01 
369 206.822624 276.137342 7.237183909242e-01 -2.440355298064e+00 1.100000000000e+01 
370 205.510915 274.825633 7.239847590912e-01 -2.580889519433e+00 1.100000000000e+01 
371 206.081386 275.396104 7.233956396488e-01 -2.361151442841e+00 1.100000000000e+01 
372 206.787478 276.102196 7.221116850370e-01 -2.455059463237e+00 1.100000000000e+01 
373 208.781951 278.096669 7.236847507545e-01 -2.648019725884e+00 1.100000000000e+01 
374 205.948738 275.263456 7.252937040486e-01 -2.337881224040e+00 1.100000000000e+01 
375 210.519197 279.833915 7.244674510317e-01 -2.462869723747e+00 1.100000000000e+01 
376 206.897871 276.212589 7.242097418479e-01 -2.422406591954e+00 1.100000000000e+01 
377 202.489333 271.804051 7.258379717692e-01 -2.400512289230e+00 1.100000000000e+01 
378 207.569033 276.883751 7.240290543512e-01 -2.444604796550e+00 1.100000000000e+01 
379 206.101512 275.416230 7.246391509320e-01 -2.367404226154e+00 1.100000000000e+01 
380 206.943176 276.257894 7.231488231799e-01 -2.665479952982e+00 1.100000000000e+01 
381 206.534307 275.849025 7.243090310108e-01 -2.249903798377e+00 1.100000000000e+01 
382 206.902440 276.217158 7.243699002249e-01 -2.374894286278e+00 1.100000000000e+01 
383 204.018947 273.333665 7.249074533439e-01 -2.443956143359e+00 1.100000000000e+01 
384 205.573249 274.887967 7.255032201573e-01 -2.597317159980e+00 1.100000000000e+01 
385 206.589792 275.904510 7.242926698425e-01 -2.539570576339e+00 1.100000000000e+01 
386 208.090245 277.404963 6.147724807722e-01 -2.717088908020e+00 1.100000000000e+01 
387 205.972025 275.286743 7.257552353042e-01 -2.410920528614e+00 1.100000000000e+01 
388 209.139976 278.454694 7.237916360766e-01 -2.551456492361e+00 1.100000000000e+01 
389 205.524427 274.839145 7.234972101362e-01 -2.451629898929e+00 1.100000000000e+01 
390 202.905743 272.220461 7.240744848706e-01 -2.504418436235e+00 1.100000000000e+01 
391 207.094185 276.408903 7.235916204237e-01 -2.466231831646e+00 1.100000000000e+01 
392 210.571479 279.886197 7.230294638631e-01 -2.627935138068e+00 1.100000000000e+01 
393 204.969781 274.284499 7.226266102741e-01 -2.395436962976e+00 1.100000000000e+01 
394 207.222582 276.537300 7.235993846118e-01 -2.550131810162e+00 1.100000000000e+01 
395 204.914388 274.229106 7.231459196267e-01 -2.368444455763e+00 1.100000000000e+01 
396 207.646262 276.960980 7.249302188233e-01 -2.410639128519e+00 1.100000000000e+01 
397 211.835604 281.150322 7.227379983684e-01 -2.608209231094e+00 1.100000000000e+01 
398 209.576469 278.891187 7.233590528989e-01 -2.431768591387e+00 1.100000000000e+01 
399 208.925265 278.239983 7.226004491429e-01 -2.533681997252e+00 1.100000000000e+01 
400 208.254333 277.569051 7.226425135576e-01 -2.588326606714e+00 1.100000000000e+01 
401 207.707974 277.022692 7.214819255283e-01 -2.552009744539e+00 1.100000000000e+01 
402 208.604419 277.919137 7.227092368985e-01 -2.340488173182e+00 1.100000000000e+01 
403 207.724609 277.039327 7.246426315614e-01 -2.470169501643e+00 1.100000000000e+01 
404 209.849262 279.163980 7.224763284292e-01 -2.449152899664e+00 1.100000000000e+01 
405 203.754196 273.068914 7.248288713239e-01 -2.635950127411e+00 1.100000000000e+01 
406 210.645622 279.960340 7.227509348139e-01 -2.605752971654e+00 1.100000000000e+01 
407 205.800353 275.115071 7.224671536063e-01 -2.697108782630e+00 1.100000000000e+01 
408 210.542101 279.856819 7.239742581663e-01 -2.534464452240e+00 1.100000000000e+01 
409 208.485824 277.800542 7.241817037277e-01 -2.599957346129e+00 1.100000000000e+01 
410 209.425302 278.740020 7.234706529866e-01 -2.541792072850e+00 1.100000000000e+01 
411 209.255374 278.570092 7.234173852195e-01 -2.472603952245e+00 1.100000000000e+01 
412 210.250448 279.565166 7.244617093587e-01 -2.507105882981e+00 1.100000000000e+01 
413 207.528713 276.843431 7.238686488253e-01 -2.441877450733e+00 1.100000000000e+01 
414 209.966194 279.280912 7.227326424860e-01 -2.696322378123e+00 1.100000000000e+01 
415 203.739313 273.054031 7.231059187826e-01 -2.654101399278e+00 1.100000000000e+01 
416 206.328620 275.643338 7.231628085969e-01 -2.510665207994e+00 1.100000000000e+01 
417 206.726565 276.041283 7.245863969905e-01 -2.452479520284e+00 1.100000000000e+01 
418 207.054998 276.369716 7.231767311992e-01 -2.628976723013e+00 1.100000000000e+01 
419 203.880110 273.194828 7.225357209445e-01 -2.373827181345e+00 1.100000000000e+01 
420 207.189091 276.503809 7.251151673729e-01 -2.530342005502e+00 1.100000000000e+01 
421 209.097401 278.412119 7.229826925565e-01 -2.588467738742e+00 1.100000000000e+01 
422 208.165726 277.480444 7.232962046130e-01 -2.483178127656e+00 1.100000000000e+01 
423 209.067474 278.382192 7.241499390127e-01 -2.582517241610e+00 1.100000000000e+01 
424 209.707793 279.022511 7.237746113008e-01 -2.688273152277e+00 1.100000000000e+01 
425 206.920748 276.235466 7.233283894905e-01 -2.593003472442e+00 1.100000000000e+01 
426 211.361674 280.676393 7.236022232638e-01 -2.596740883668e+00 1.100000000000e+01 
427 211.036375 280.351093 7.237077461004e-01 -2.497500137225e+00 1.100000000000e+01 
428 204.454883 273.769601 7.240426021163e-01 -2.576692611054e+00 1.100000000000e+01 
429 207.455472 276.770190 7.241710907112e-01 -2.706811556733e+00 1.100000000000e+01 
430 208.883480 278.198198 7.246260530182e-01 -2.468532624992e+00 1.100000000000e+01 
431 206.750146 276.064864 7.243954007207e-01 -2.582115463995e+00 1.100000000000e+01 
432 206.724204 276.038922 7.251046732172e-01 -2.736133155424e+00 1.100000000000e+01 
433 207.786196 277.100914 7.244233578315e-01 -2.482171095093e+00 1.100000000000e+01 
434 208.604357 277.919076 7.243764462989e-01 -2.447764470595e+00 1.100000000000e+01 
435 206.233375 275.548093 7.251073255368e-01 -2.363687895965e+00 1.100000000000e+01 
436 205.120511 274.435230 7.244683439778e-01 -2.514639046619e+00 1.100000000000e+01 
437 206.591395 275.906113 7.254332013899e-01 -2.426446563981e+00 1.100000000000e+01 
438 203.538816 272.853534 7.255775460653e-01 -2.489359546668e+00 1.100000000000e+01 
439 206.815131 276.129849 7.259983238878e-01 -2.453567301736e+00 1.100000000000e+01 
440 204.873572 274.188290 7.232817887507e-01 -2.432595649460e+00 1.100000000000e+01 
441 206.839565 276.154283 6.070034682576e-01 -2.675182564319e+00 1.100000000000e+01 
442 203.864732 273.179450 7.240465012005e-01 -2.550188639797e+00 1.100000000000e+01 
443 205.909105 275.223823 7.257440215471e-01 -2.685413926096e+00 1.100000000000e+01 
444 208.221611 277.536330 7.234472400149e-01 -2.607505543758e+00 1.100000000000e+01 
445 207.940066 277.254784 7.245890463062e-01 -2.459751460686e+00 1.100000000000e+01 
446 212.107328 281.422046 7.236669888398e-01 -2.537303556351e+00 1.100000000000e+01 
447 208.840245 278.154963 7.225615632662e-01 -2.471554687970e+00 1.100000000000e+01 
448 201.995551 271.310269 7.235751089088e-01 -2.737429840760e+00 1.100000000000e+01 
449 206.504600 275.819318 7.247398881320e-01 -2.683401116393e+00 1.100000000000e+01 
450 206.235007 275.549725 7.241060080343e-01 -2.316999666535e+00 1.100000000000e+01 
451 206.054541 275.369259 7.240767289065e-01 -2.669287377229e+00 1.100000000000e+01 
452 208.151495 277.466213 7.225454321945e-01 -2.682619930197e+00 1.100000000000e+01 
453 204.841168 274.155886 6.168358665537e-01 -2.713086527957e+00 1.100000000000e+01 
454 205.039910 274.354628 7.219007109392e-01 -2.537991411683e+00 1.100000000000e+01 
455 210.412225 279.726943 7.225384939150e-01 -2.482425397252e+00 1.100000000000e+01 
456 204.255571 273.570289 7.241528686768e-01 -2.366167024138e+00 1.100000000000e+01 
457 211.137463 280.452181 7.242473073960e-01 -2.551622984521e+00 1.100000000000e+01 
458 201.878324 271.193042 7.235315987247e-01 -2.191531182327e+00 1.100000000000e+01 
459 208.694870 278.009588 7.222335568478e-01 -2.680863635824e+00 1.100000000000e+01 
460 204.732316 274.047034 6.092959283033e-01 -2.691092705915e+00 1.100000000000e+01 
461 208.961774 278.276492 7.215244668738e-01 -2.520337914403e+00 1.100000000000e+01 
462 207.968253 277.282971 7.218276264879e-01 -2.518421824810e+00 1.100000000000e+01 
463 206.778230 276.092948 6.057349291312e-01 -2.682681927254e+00 1.100000000000e+01 
464 205.533923 274.848641 7.225223286368e-01 -2.395709684618e+00 1.100000000000e+01 
465 206.453799 275.768517 7.234370848888e-01 -2.418921799194e+00 1.100000000000e+01 
466 209.004356 278.319074 7.228796389901e-01 -2.615926516873e+00 1.100000000000e+01 
467 207.876989 277.191707 7.234760050816e-01 -2.585850898702e+00 1.100000000000e+01 
468 203.119330 272.434048 7.235187013185e-01 -2.693470625110e+00 1.100000000000e+01 
469 206.342189 275.656907 6.101319497822e-01 -2.668933946507e+00 1.100000000000e+01 
470 207.969371 277.284089 7.230677160753e-01 -2.427305018702e+00 1.100000000000e+01 
471 207.521285 276.836003 7.236426836566e-01 -2.628152280211e+00 1.100000000000e+01 
472 206.414457 275.729175 7.229545938038e-01 -2.574441179360e+00 1.100000000000e+01 
473 206.922195 276.236913 7.237277788947e-01 -2.370543639890e+00 1.100000000000e+01 
474 207.134613 276.449331 7.230530430901e-01 -2.622904153879e+00 1.100000000000e+01 
475 208.411001 277.725719 7.228924032687e-01 -2.510911261569e+00 1.100000000000e+01 
476 205.841440 275.156158 7.226890955942e-01 -2.669061640346e+00 1.100000000000e+01 
477 207.867296 277.182014 7.230114548024e-01 -2.393257258331e+00 1.100000000000e+01 
478 205.861788 275.176506 7.231932151779e-01 -2.508273381090e+00 1.100000000000e+01 
479 208.439042 277.753760 7.230162848718e-01 -2.501645537362e+00 1.100000000000e+01 
480 208.851097 278.165815 7.232856152570e-01 -2.596433417359e+00 1.100000000000e+01 
481 208.317189 277.631907 7.222641312535e-01 -2.455501884654e+00 1.100000000000e+01 
482 206.516171 275.830889 7.235727520034e-01 -2.570695186842e+00 1.100000000000e+01 
483 200.039919 269.354637 7.246452161390e-01 -2.424105342973e+00 1.100000000000e+01 
484 201.590433 270.905151 7.223799378622e-01 -2.367644598277e+00 1.100000000000e+01 
485 208.979197 272.748737 7.239248175481e-01 -2.472713455056e+00 1.000000000000e+01 
486 210.612854 274.382395 7.166949395705e-01 -2.529276276369e+00 1.000000000000e+01 
487 209.444100 273.213641 6.094493576369e-01 -2.594675598744e+00 1.000000000000e+01 
488 211.443009 275.212550 7.162404566959e-01 -2.420600567895e+00 1.000000000000e+01 
489 209.794083 273.563623 7.166093198578e-01 -2.259410187685e+00 1.000000000000e+01 
490 206.024772 269.794313 7.163716696025e-01 -2.410311820250e+00 1.000000000000e+01 
491 205.303036 269.072577 7.167949384862e-01 -2.471890009263e+00 1.000000000000e+01 
492 204.521753 268.291294 7.176440713685e-01 -2.584728236649e+00 1.000000000000e+01 
493 206.485204 270.254745 7.161913136542e-01 -2.390849105124e+00 1.000000000000e+01 
494 207.025632 270.795173 6.118182077772e-01 -2.528923337376e+00 1.000000000000e+01 
495 206.945199 270.714739 6.094667166383e-01 -2.555552529977e+00 1.000000000000e+01 
496 207.493029 271.262570 7.234473554601e-01 -2.232053796396e+00 1.000000000000e+01 
497 208.364387 272.133928 7.232450306905e-01 -2.541441252092e+00 1.000000000000e+01 
498 207.617190 271.386731 7.236105766549e-01 -2.487359444875e+00 1.000000000000e+01 
499 208.473607 272.243148 7.226367004116e-01 -2.502188717341e+00 1.000000000000e+01 
500 209.199182 272.968723 7.225623404387e-01 -2.515371151523e+00 1.000000000000e+01 
501 208.694573 272.464114 6.083098464735e-01 -2.653305638558e+00 1.000000000000e+01 
502 205.775098 269.544639 6.082362069568e-01 -2.519699124683e+00 1.000000000000e+01 
503 205.804676 269.574216 7.238757285258e-01 -2.651206053212e+00 1.000000000000e+01 
504 208.058201 271.827741 7.232328853525e-01 -2.417521831756e+00 1.000000000000e+01 
505 210.061045 273.830586 7.234951899087e-01 -2.444666480610e+00 1.000000000000e+01 
506 208.384184 272.153725 7.231174571588e-01 -2.495247489230e+00 1.000000000000e+01 
507 208.242311 272.011851 7.234023692673e-01 -2.462499630698e+00 1.000000000000e+01 
508 209.155070 272.924611 7.235541183184e-01 -2.546176341192e+00 1.000000000000e+01 
509 207.004653 270.774194 7.239711261957e-01 -2.276688130490e+00 1.000000000000e+01 
510 206.958606 270.728147 7.223992917451e-01 -2.273178084590e+00 1.000000000000e+01 
511 207.234624 271.004164 7.221274457293e-01 -2.346087019517e+00 1.000000000000e+01 
512 208.386610 272.156150 7.233482503074e-01 -2.342839955820e+00 1.000000000000e+01 
513 209.469472 273.239012 7.233970345977e-01 -2.454358787422e+00 1.000000000000e+01 
514 208.977339 272.746879 7.230949820931e-01 -2.527069646505e+00 1.000000000000e+01 
515 211.526805 275.296346 7.235790241857e-01 -2.487812025829e+00 1.000000000000e+01 
516 207.746032 271.515572 7.221997571011e-01 -2.390843391612e+00 1.000000000000e+01 
517 206.508221 270.277762 7.229324393653e-01 -2.381465306912e+00 1.000000000000e+01 
518 208.427274 272.196815 7.230418078825e-01 -2.514386832147e+00 1.000000000000e+01 
519 207.869202 271.638743 7.230632909427e-01 -2.510672425105e+00 1.000000000000e+01 
520 209.549632 273.319173 7.223724313124e-01 -2.582051964837e+00 1.000000000000e+01 
521 210.349953 274.119494 7.222703825363e-01 -2.333642529597e+00 1.000000000000e+01 
522 207.140367 270.909908 7.235378437224e-01 -2.584906673955e+00 1.000000000000e+01 
523 201.655321 265.424862 7.232760294761e-01 -2.234500044478e+00 1.000000000000e+01 
524 203.509664 267.279205 7.208112345782e-01 -2.642392974740e+00 1.000000000000e+01 
525 210.281934 274.051474 7.230134571640e-01 -2.419644303102e+00 1.000000000000e+01 
526 209.721446 273.490987 7.223474816006e-01 -2.400209872248e+00 1.000000000000e+01 
527 205.727764 269.497305 7.221654661179e-01 -2.433043606673e+00 1.000000000000e+01 
528 207.123487 270.893027 7.224867124517e-01 -2.575185875741e+00 1.000000000000e+01 
529 207.119448 270.888989 7.218886815111e-01 -2.441844133343e+00 1.000000000000e+01 
530 210.604502 274.374042 7.216406085891e-01 -2.580376495379e+00 1.000000000000e+01 
531 204.562514 268.332055 7.227202846359e-01 -2.568628586880e+00 1.000000000000e+01 
532 205.851338 269.620879 7.227111811907e-01 -2.509001304889e+00 1.000000000000e+01 
533 204.080960 267.850501 6.102622594269e-01 -2.636999316352e+00 1.000000000000e+01 
534 201.856190 265.625731 6.095853938445e-01 -2.462617338642e+00 1.000000000000e+01 
535 208.146745 271.916286 7.215539117209e-01 -2.369195412460e+00 1.000000000000e+01 
536 207.531820 271.301361 7.217630608491e-01 -2.528452229951e+00 1.000000000000e+01 
537 207.480967 271.250508 7.222401115174e-01 -2.566405506083e+00 1.000000000000e+01 
538 205.766033 269.535574 7.222372207586e-01 -2.353899052702e+00 1.000000000000e+01 
539 206.837023 270.606563 7.218929518519e-01 -2.543194885718e+00 1.000000000000e+01 
540 204.710643 268.480184 6.076857574695e-01 -2.717363422464e+00 1.000000000000e+01 
541 203.015114 266.784655 7.226326499422e-01 -2.391248026248e+00 1.000000000000e+01 
542 206.722856 270.492397 6.064875354820e-01 -2.621234496331e+00 1.000000000000e+01 
543 201.435762 265.205303 7.235749303568e-01 -2.315241118564e+00 1.000000000000e+01 
544 207.902174 271.671715 7.224558284788e-01 -2.570736398154e+00 1.000000000000e+01 
545 204.779723 268.549264 7.249219318285e-01 -2.661219296464e+00 1.000000000000e+01 
546 200.362333 264.131873 7.224875985829e-01 -2.559618398264e+00 1.000000000000e+01 
547 203.845938 267.615478 6.102748398436e-01 -2.690940621441e+00 1.000000000000e+01 
548 207.416747 271.186288 7.234483477186e-01 -2.581062966113e+00 1.000000000000e+01 
549 208.123173 271.892714 6.112261550360e-01 -2.605279067196e+00 1.000000000000e+01 
550 207.398324 271.167865 7.223559297175e-01 -2.661824567376e+00 1.000000000000e+01 
551 205.955770 269.725311 6.090062961225e-01 -2.610259275946e+00 1.000000000000e+01 
552 200.585388 264.354929 7.217262304369e-01 -2.693669143008e+00 1.000000000000e+01 
553 202.095627 265.865167 6.130319336013e-01 -2.685916014669e+00 1.000000000000e+01 
554 206.993983 270.763524 7.226511051430e-01 -2.593108776467e+00 1.000000000000e+01 
555 203.705430 267.474971 7.235521857086e-01 -2.312817937919e+00 1.000000000000e+01 
556 206.451766 270.221306 7.228469431121e-01 -2.710543300556e+00 1.000000000000e+01 
557 203.595854 267.365394 7.235496216222e-01 -2.425003621786e+00 1.000000000000e+01 
558 204.054512 267.824053 7.214974875578e-01 -2.601414664033e+00 1.000000000000e+01 
559 206.559056 270.328597 7.233745915000e-01 -2.513669572116e+00 1.000000000000e+01 
560 204.721733 268.491274 7.228361965644e-01 -2.463912783796e+00 1.000000000000e+01 
561 200.035957 263.805497 7.222525123352e-01 -2.547066318396e+00 1.000000000000e+01 
562 201.210521 264.980061 7.244695202552e-01 -2.654756413535e+00 1.000000000000e+01 
563 205.029877 268.799418 6.129257671254e-01 -2.649876299150e+00 1.000000000000e+01 
564 202.931716 266.701256 7.227351198110e-01 -2.407607711202e+00 1.000000000000e+01 
565 205.240707 269.010247 7.225202697019e-01 -2.348254593367e+00 1.000000000000e+01 
566 198.174060 261.943601 6.126031875799e-01 -2.482968340542e+00 1.000000000000e+01 
567 207.026938 270.796478 7.229492619895e-01 -2.694686030039e+00 1.000000000000e+01 
568 198.424423 262.193964 7.221083850118e-01 -2.361172966582e+00 1.000000000000e+01 
569 199.546142 263.315682 6.105986275817e-01 -2.540221192085e+00 1.000000000000e+01 
570 203.220847 266.990387 7.216122251032e-01 -2.511475363795e+00 1.000000000000e+01 
571 199.346658 263.116199 7.210890934603e-01 -2.577208345676e+00 1.000000000000e+01 
572 202.751923 266.521464 7.218594754499e-01 -2.553405720476e+00 1.000000000000e+01 
573 203.750741 267.520282 6.077386232307e-01 -2.568423985527e+00 1.000000000000e+01 
574 199.714314 263.483854 7.229881803913e-01 -2.722183791008e+00 1.000000000000e+01 
575 203.436850 267.206391 6.108439941230e-01 -2.556434563971e+00 1.000000000000e+01 
576 203.412216 267.181757 7.221437681420e-01 -2.535924601738e+00 1.000000000000e+01 
577 201.948200 265.717741 6.113575790758e-01 -2.645682547874e+00 1.000000000000e+01 
578 205.631334 269.400875 6.087090799749e-01 -2.641540569353e+00 1.000000000000e+01 
579 203.043153 266.812694 7.197836073009e-01 -2.580491644061e+00 1.000000000000e+01 
580 202.897489 266.667029 7.216737288485e-01 -2.455188570141e+00 1.000000000000e+01 
581 206.647448 270.416989 6.090367911574e-01 -2.608316320836e+00 1.000000000000e+01 
582 206.763943 270.533483 7.209694653216e-01 -2.483547073077e+00 1.000000000000e+01 
583 205.099769 268.869310 7.212980697468e-01 -2.596105692366e+00 1.000000000000e+01 
584 202.139934 265.909474 7.212140441281e-01 -2.369291305250e+00 1.000000000000e+01 
585 198.577668 262.347209 7.183829200493e-01 -2.319510130344e+00 1.000000000000e+01 
586 202.187950 265.957491 7.223606210857e-01 -2.689540492437e+00 1.000000000000e+01 
587 202.319685 266.089226 7.201881007657e-01 -2.454153038627e+00 1.000000000000e+01 
588 195.888842 259.658382 6.078829995119e-01 -2.529169392064e+00 1.000000000000e+01 
589 202.403700 266.173241 7.196613010984e-01 -2.617056403016e+00 1.000000000000e+01 
590 202.203825 265.973366 7.207983198377e-01 -2.473446497070e+00 1.000000000000e+01 
591 203.899937 267.669477 7.203603805953e-01 -2.529524333199e+00 1.000000000000e+01 
592 206.226281 269.995822 7.212921517606e-01 -2.538041501269e+00 1.000000000000e+01 
593 201.781337 265.550877 6.099512133536e-01 -2.607099018621e+00 1.000000000000e+01 
594 206.954123 270.723664 7.200265425541e-01 -2.552138739211e+00 1.000000000000e+01 
595 205.311781 269.081321 7.196975556729e-01 -2.396828226813e+00 1.000000000000e+01 
596 205.524588 269.294128 7.205168981162e-01 -2.573941368952e+00 1.000000000000e+01 
597 202.553626 266.323166 6.090834015253e-01 -2.701635578973e+00 1.000000000000e+01 
598 205.755837 269.525378 7.198086440609e-01 -2.428218507611e+00 1.000000000000e+01 
599 206.096185 269.865725 6.114351278858e-01 -2.554077511149e+00 1.000000000000e+01 
600 206.690287 270.459828 6.121619245971e-01 -2.712787655038e+00 1.000000000000e+01 
601 208.334524 272.104065 7.205406760644e-01 -2.387734143186e+00 1.000000000000e+01 
602 206.841988 270.611529 6.100103959216e-01 -2.605007543441e+00 1.000000000000e+01 
603 203.195188 266.964728 7.200980089094e-01 -2.383944281819e+00 1.000000000000e+01 
604 207.078326 270.847867 7.211057353725e-01 -2.531630295189e+00 1.000000000000e+01 
605 203.661747 267.431288 6.096542718450e-01 -2.647708675464e+00 1.000000000000e+01 
606 201.256043 265.025583 7.199247860367e-01 -2.449493824880e+00 1.000000000000e+01 
607 205.611328 269.380869 6.125162558050e-01 -2.731434476352e+00 1.000000000000e+01 
608 205.444006 269.213546 7.199229282178e-01 -2.324932482448e+00 1.000000000000e+01 
609 206.969780 270.739321 7.209761865540e-01 -2.565374186305e+00 1.000000000000e+01 
610 206.225969 269.995510 7.204004647173e-01 -2.390240580989e+00 1.000000000000e+01 
611 202.675705 266.445246 7.187899951082e-01 -2.517911175846e+00 1.000000000000e+01 
612 203.191898 266.961439 7.210493987825e-01 -2.540356916227e+00 1.000000000000e+01 
613 207.559965 271.329505 7.196832487748e-01 -2.592739651011e+00 1.000000000000e+01 
614 201.951583 265.721124 6.103150265300e-01 -2.668568193452e+00 1.000000000000e+01 
615 208.439035 272.208576 7.196337228038e-01 -2.519365007260e+00 1.000000000000e+01 
616 208.137347 271.906888 7.201348476035e-01 -2.545893549424e+00 1.000000000000e+01 
617 201.248549 265.018090 7.196399686906e-01 -2.486295604494e+00 1.000000000000e+01 
618 204.134066 267.903607 7.206032315645e-01 -2.436545436339e+00 1.000000000000e+01 
619 206.324649 270.094189 7.203998249918e-01 -2.626538289107e+00 1.000000000000e+01 
620 208.944717 272.714258 7.199442058378e-01 -2.619253263247e+00 1.000000000000e+01 
621 205.712113 269.481654 7.192780333602e-01 -2.330577389824e+00 1.000000000000e+01 
622 206.090200 269.859741 7.205091264763e-01 -2.512744914058e+00 1.000000000000e+01 
623 204.722579 268.492119 7.196588052993e-01 -2.366045026093e+00 1.000000000000e+01 
624 202.994445 266.763986 7.195943768402e-01 -2.639847545572e+00 1.000000000000e+01 
625 207.012556 270.782097 7.196697846070e-01 -2.561639694803e+00 1.000000000000e+01 
626 207.617752 271.387292 7.191311219545e-01 -2.497143581617e+00 1.000000000000e+01 
627 201.816155 265.585695 7.183559933958e-01 -2.496541558839e+00 1.000000000000e+01 
628 202.085214 265.854754 7.185408432094e-01 -2.554891935491e+00 1.000000000000e+01 
629 206.477184 270.246725 7.209291686812e-01 -2.644032200677e+00 1.000000000000e+01 
630 203.085485 266.855025 7.191629709464e-01 -2.576322477696e+00 1.000000000000e+01 
631 208.533740 272.303281 7.209822964294e-01 -2.507898851694e+00 1.000000000000e+01 
632 206.076805 269.846346 7.203339005313e-01 -2.601308124797e+00 1.000000000000e+01 
633 207.226701 270.996241 7.187617537581e-01 -2.507838595036e+00 1.000000000000e+01 
634 209.199229 272.968770 7.203201681257e-01 -2.576713711138e+00 1.000000000000e+01 
635 206.544078 270.313619 7.210036568364e-01 -2.472686470447e+00 1.000000000000e+01 
636 202.658782 266.428322 7.199115863337e-01 -2.569200982816e+00 1.000000000000e+01 
637 205.231059 269.000600 7.184573814497e-01 -2.499108843000e+00 1.000000000000e+01 
638 207.815719 271.585259 7.194515482414e-01 -2.570498692614e+00 1.000000000000e+01 
639 206.390102 270.159643 7.206733297555e-01 -2.575695483371e+00 1.000000000000e+01 
640 204.262182 268.031722 6.068085896488e-01 -2.631022823526e+00 1.000000000000e+01 
641 202.752680 266.522221 7.151616805443e-01 -2.636922856173e+00 1.000000000000e+01 
642 204.197824 267.967364 6.101733743086e-01 -2.574010330817e+00 1.000000000000e+01 
643 200.842643 264.612183 6.060445307878e-01 -2.500572477896e+00 1.000000000000e+01 
644 204.873786 268.643327 7.130758936151e-01 -2.650457607309e+00 1.000000000000e+01 
645 205.331394 269.100935 7.139980737820e-01 -2.515104231373e+00 1.000000000000e+01 
646 205.374086 269.143626 7.131141787556e-01 -2.525011154937e+00 1.000000000000e+01 
647 205.653235 269.422776 7.132432124035e-01 -2.517165146875e+00 1.000000000000e+01 
648 206.997829 270.767369 7.181181910082e-01 -2.398091326697e+00 1.000000000000e+01 
649 205.105565 268.875105 7.191348701922e-01 -2.445722437379e+00 1.000000000000e+01 
650 207.368255 271.137796 7.169084358587e-01 -2.126411153840e+00 1.000000000000e+01 
651 211.933836 275.703377 7.174045402090e-01 -2.243590090597e+00 1.000000000000e+01 
652 203.612069 267.381610 7.170332820125e-01 -2.171475376578e+00 1.000000000000e+01 
653 209.754565 273.524106 7.172783549407e-01 -2.393492332739e+00 1.000000000000e+01 
654 209.084296 272.853837 7.168972631699e-01 -2.404320999242e+00 1.000000000000e+01 
655 206.926630 270.696171 7.173336261913e-01 -2.011359433000e+00 1.000000000000e+01 
656 213.427910 277.197451 7.177176357948e-01 -2.390544970806e+00 1.000000000000e+01 
657 208.338102 272.107642 7.172089843776e-01 -2.562222661958e+00 1.000000000000e+01 
658 208.675439 272.444980 7.177330770825e-01 -2.214885171919e+00 1.000000000000e+01 
659 209.941589 273.711130 7.181937534010e-01 -2.385565876487e+00 1.000000000000e+01 
660 201.529328 265.298868 7.178575236803e-01 -2.442413646823e+00 1.000000000000e+01 
661 208.608828 272.378369 7.181260712487e-01 -2.469157204945e+00 1.000000000000e+01 
662 210.543322 274.312863 7.161065576581e-01 -2.346058607489e+00 1.000000000000e+01 
663 208.502053 272.271594 7.147971074327e-01 -2.462727434886e+00 1.000000000000e+01 
664 207.254291 271.023832 7.145228773448e-01 -2.411410197727e+00 1.000000000000e+01 
665 204.594872 268.364413 7.164507418443e-01 -2.594621725096e+00 1.000000000000e+01 
666 207.925002 271.694542 7.153056174362e-01 -2.358953231485e+00 1.000000000000e+01 
667 206.451975 270.221516 7.155044315892e-01 -2.351099559574e+00 1.000000000000e+01 
668 207.859161 271.628702 7.153761496278e-01 -2.515851508938e+00 1.000000000000e+01 
669 206.609983 270.379524 6.110863244013e-01 -2.585139552957e+00 1.000000000000e+01 
670 207.106721 270.876262 7.202638210001e-01 -2.470237783235e+00 1.000000000000e+01 
671 208.341467 272.111007 7.181337521042e-01 -2.544216224925e+00 1.000000000000e+01 
672 203.749180 267.518721 7.192621839505e-01 -2.307417129192e+00 1.000000000000e+01 
673 204.440490 268.210030 7.183672107858e-01 -2.473475470829e+00 1.000000000000e+01 
674 206.964178 270.733718 7.192724167588e-01 -2.582092036406e+00 1.000000000000e+01 
675 202.622190 266.391731 6.095673680530e-01 -2.700604090883e+00 1.000000000000e+01 
676 200.912094 264.681635 7.198535846448e-01 -2.542779993019e+00 1.000000000000e+01 
677 204.631710 268.401251 7.198519281971e-01 -2.603574764953e+00 1.000000000000e+01 
678 204.938138 268.707679 7.192646873486e-01 -2.311867291000e+00 1.000000000000e+01 
679 206.091840 269.861381 7.186189907895e-01 -2.403190446435e+00 1.000000000000e+01 
680 201.004636 264.774176 7.200465761296e-01 -2.461383173150e+00 1.000000000000e+01 
681 208.433061 272.202601 7.194264868166e-01 -2.367667078050e+00 1.000000000000e+01 
682 205.572905 269.342446 7.204935709833e-01 -2.609898875154e+00 1.000000000000e+01 
683 206.426641 270.196182 7.199993023409e-01 -2.446375467276e+00 1.000000000000e+01 
684 205.114899 268.884440 7.207169229403e-01 -2.599244215727e+00 1.000000000000e+01 
685 202.556135 266.325676 7.205430034904e-01 -2.603841656619e+00 1.000000000000e+01 
686 207.871250 271.640790 7.197469431797e-01 -2.331238427319e+00 1.000000000000e+01 
687 202.160764 265.930305 7.193279415620e-01 -2.486219751477e+00 1.000000000000e+01 
688 209.346824 273.116365 7.191904544290e-01 -2.323062898798e+00 1.000000000000e+01 
689 214.597433 278.366973 7.191905312153e-01 -2.459757561090e+00 1.000000000000e+01 
690 214.387704 278.157245 7.188554923046e-01 -2.389199446846e+00 1.000000000000e+01 
691 209.812069 273.581609 7.192184214790e-01 -2.358870115010e+00 1.000000000000e+01 
692 212.671531 276.441072 7.196909690826e-01 -2.423563829175e+00 1.000000000000e+01 
693 209.997795 273.767335 7.190292251642e-01 -2.157431101660e+00 1.000000000000e+01 
694 207.650157 271.419697 7.190294046142e-01 -2.370878514230e+00 1.000000000000e+01 
695 210.989492 274.759033 7.185545030433e-01 -2.520044337057e+00 1.000000000000e+01 
696 212.783728 276.553269 7.198001617206e-01 -2.463347086121e+00 1.000000000000e+01 
697 209.588794 273.358335 7.192544313765e-01 -2.535072644728e+00 1.000000000000e+01 
698 212.420394 276.189935 7.194794204620e-01 -2.495129345678e+00 1.000000000000e+01 
699 205.423386 269.192927 7.196291197139e-01 -2.629186325116e+00 1.000000000000e+01 
700 213.927503 277.697043 7.198481201229e-01 -2.561541439872e+00 1.000000000000e+01 
701 207.701295 271.470836 7.188465489615e-01 -2.268951831587e+00 1.000000000000e+01 
702 211.578348 275.347888 7.190892365222e-01 -2.430995422175e+00 1.000000000000e+01 
703 207.243444 271.012984 7.188327816664e-01 -2.490058446926e+00 1.000000000000e+01 
704 210.834854 274.604395 7.194842421421e-01 -2.444296757188e+00 1.000000000000e+01 
705 209.913774 273.683314 7.185092630612e-01 -2.332252437548e+00 1.000000000000e+01 
706 212.245202 276.014743 7.196785218084e-01 -2.462102753375e+00 1.000000000000e+01 
707 205.709286 269.478827 7.210808132479e-01 -2.571703320445e+00 1.000000000000e+01 
708 210.891771 274.661312 7.200445324852e-01 -2.543231880557e+00 1.000000000000e+01 
709 211.366231 275.135772 7.193720603946e-01 -2.270445104872e+00 1.000000000000e+01 
710 215.265537 279.035078 7.203535455804e-01 -2.453037455151e+00 1.000000000000e+01 
711 208.445817 272.215357 7.193704117230e-01 -2.663183878383e+00 1.000000000000e+01 
712 210.398758 274.168298 7.199319492889e-01 -2.487083865859e+00 1.000000000000e+01 
713 213.589259 277.358800 7.190485556195e-01 -2.476835169082e+00 1.000000000000e+01 
714 210.811257 274.580798 7.201994195762e-01 -2.379896600421e+00 1.000000000000e+01 
715 211.296737 275.066278 7.199042397329e-01 -2.244861084312e+00 1.000000000000e+01 
716 208.551667 272.321207 7.216088657657e-01 -2.305196258210e+00 1.000000000000e+01 
717 212.088025 275.857566 7.198281432615e-01 -2.600866699775e+00 1.000000000000e+01 
718 208.929541 272.699081 7.203315203361e-01 -2.365695839841e+00 1.000000000000e+01 
719 207.959125 271.728665 7.187044557646e-01 -2.466904002237e+00 1.000000000000e+01 
720 210.753215 274.522756 6.154030169912e-01 -2.573430716450e+00 1.000000000000e+01 
721 205.433977 269.203518 7.211110631692e-01 -2.556996513897e+00 1.000000000000e+01 
722 207.430652 271.200193 7.207333868870e-01 -2.396845178760e+00 1.000000000000e+01 
723 204.001782 267.771323 7.203939618457e-01 -2.284080664491e+00 1.000000000000e+01 
724 209.811984 273.581525 7.185334592258e-01 -2.557936195800e+00 1.000000000000e+01 
725 210.841584 274.611125 7.198511757793e-01 -2.464144883658e+00 1.000000000000e+01 
726 208.618314 272.387855 7.209890727454e-01 -2.588550068228e+00 1.000000000000e+01 
727 204.952628 268.722168 7.197760490035e-01 -2.223991964793e+00 1.000000000000e+01 
728 206.707373 270.476913 7.208513844790e-01 -2.481413374775e+00 1.000000000000e+01 
729 210.310574 274.080114 7.193362687987e-01 -2.253672133242e+00 1.000000000000e+01 
730 211.773356 275.542897 7.202309125836e-01 -2.585823690640e+00 1.000000000000e+01 
731 207.843674 271.613214 7.203117759159e-01 -2.435358085552e+00 1.000000000000e+01 
732 213.112036 276.881577 7.198893230189e-01 -2.432247201846e+00 1.000000000000e+01 
733 211.113424 274.882964 7.200104983391e-01 -2.393858003037e+00 1.000000000000e+01 
734 205.358239 269.127779 7.195361181110e-01 -2.164408462385e+00 1.000000000000e+01 
735 211.400549 275.170089 7.204275754493e-01 -2.511308334612e+00 1.000000000000e+01 
736 207.620556 271.390097 7.183827571471e-01 -2.086253388372e+00 1.000000000000e+01 
737 212.273069 276.042610 7.199228265857e-01 -2.384052330256e+00 1.000000000000e+01 
738 210.997402 274.766943 7.189314295540e-01 -2.566832692067e+00 1.000000000000e+01 
739 203.955944 267.725484 7.187577746416e-01 -2.355895900854e+00 1.000000000000e+01 
740 212.367987 276.137527 7.193201594107e-01 -2.280410287486e+00 1.000000000000e+01 
741 209.578278 273.347819 7.200961253293e-01 -2.414304013507e+00 1.000000000000e+01 
742 211.731701 275.501242 7.197707766486e-01 -2.309177068743e+00 1.000000000000e+01 
743 211.523447 275.292988 7.192970810707e-01 -2.463063831319e+00 1.000000000000e+01 
744 205.078322 268.847862 6.115056327266e-01 -2.484050659829e+00 1.000000000000e+01 
745 209.620979 273.390520 7.194210952516e-01 -2.307686046314e+00 1.000000000000e+01 
746 209.997378 273.766918 7.185471338183e-01 -2.413557209789e+00 1.000000000000e+01 
747 208.587338 272.356879 7.185877186229e-01 -2.572205039055e+00 1.000000000000e+01 
748 212.887463 276.657003 7.199471760553e-01 -2.407476995086e+00 1.000000000000e+01 
749 209.227876 272.997417 6.119495121377e-01 -2.509046718450e+00 1.000000000000e+01 
750 213.698234 277.467775 7.190953733222e-01 -2.309744982122e+00 1.000000000000e+01 
751 211.415868 275.185408 7.188345498819e-01 -2.276156618989e+00 1.000000000000e+01 
752 211.814735 275.584276 7.184644350738e-01 -2.344675030667e+00 1.000000000000e+01 
753 208.346015 272.115556 7.196338203230e-01 -2.369280487002e+00 1.000000000000e+01 
754 210.421923 274.191464 7.145490345343e-01 -2.294877157109e+00 1.000000000000e+01 
755 211.588885 275.358425 7.151438166763e-01 -2.324727684039e+00 1.000000000000e+01 
756 207.827759 271.597300 7.145542575418e-01 -2.310228060604e+00 1.000000000000e+01 
757 206.688949 270.458490 7.144370478098e-01 -2.103683669535e+00 1.000000000000e+01 
758 211.996953 275.766494 7.143848661044e-01 -2.389422286640e+00 1.000000000000e+01 
759 214.351378 278.120918 7.144011353427e-01 -2.228044602121e+00 1.000000000000e+01 
760 208.880334 272.649875 7.145575045334e-01 -2.301106287467e+00 1.000000000000e+01 
761 210.656672 274.426213 7.147129883925e-01 -2.233666517593e+00 1.000000000000e+01 
762 209.918706 273.688247 7.144597011155e-01 -2.271780530029e+00 1.000000000000e+01 
763 211.284702 275.054243 7.140968761720e-01 -2.157694914942e+00 1.000000000000e+01 
764 210.986488 274.756028 7.144440836217e-01 -2.486141311421e+00 1.000000000000e+01 
765 210.657512 274.427053 7.144136397995e-01 -2.441715958491e+00 1.000000000000e+01 
766 209.250722 273.020263 7.133352828751e-01 -2.470792338796e+00 1.000000000000e+01 
767 210.890880 274.660421 7.134254572470e-01 -2.300842385374e+00 1.000000000000e+01 
768 209.123051 272.892591 7.132084868231e-01 -2.109539838927e+00 1.000000000000e+01 
769 206.874812 270.644353 7.145946156608e-01 -2.422493654714e+00 1.000000000000e+01 
770 211.538451 275.307991 7.149758862418e-01 -2.500651882570e+00 1.000000000000e+01 
771 214.214124 277.983664 7.147222504895e-01 -2.275485482493e+00 1.000000000000e+01 
772 212.246963 276.016504 7.148289286834e-01 -2.218647484546e+00 1.000000000000e+01 
773 202.221433 265.990973 7.147323398132e-01 -2.154466974710e+00 1.000000000000e+01 
774 213.660992 277.430533 7.142499271566e-01 -2.258674344146e+00 1.000000000000e+01 
775 211.071929 274.841469 7.146753456353e-01 -2.303440905608e+00 1.000000000000e+01 
776 204.104325 267.873866 7.153183820502e-01 -2.429099626494e+00 1.000000000000e+01 
777 207.047172 270.816713 7.141929204030e-01 -2.101906084127e+00 1.000000000000e+01 
778 210.042088 273.811629 7.145305204296e-01 -2.190527172456e+00 1.000000000000e+01 
779 213.739989 277.509529 7.145947937742e-01 -2.504744878856e+00 1.000000000000e+01 
780 208.502277 272.271818 7.142172444241e-01 -2.222123724681e+00 1.000000000000e+01 
781 209.565644 273.335185 7.144531332686e-01 -2.405310424386e+00 1.000000000000e+01 
782 213.236281 277.005821 7.127642342436e-01 -2.319442079927e+00 1.000000000000e+01 
783 214.903438 278.672979 7.129673315389e-01 -2.344098999392e+00 1.000000000000e+01 
784 208.345844 272.115384 7.125511788755e-01 -2.039449589035e+00 1.000000000000e+01 
785 212.443310 276.212851 7.130184895605e-01 -2.463141429578e+00 1.000000000000e+01 
786 206.981595 270.751135 7.129934404321e-01 -2.445381520500e+00 1.000000000000e+01 
787 207.458378 271.227919 7.125409742243e-01 -2.495404601824e+00 1.000000000000e+01 
788 212.001706 275.771246 7.129255859920e-01 -2.298229999140e+00 1.000000000000e+01 
789 206.898073 270.667614 7.133054586264e-01 -2.152112075178e+00 1.000000000000e+01 
790 212.624246 276.393787 7.128929523561e-01 -2.204125092989e+00 1.000000000000e+01 
791 209.079165 272.848705 7.128926307128e-01 -2.191979073874e+00 1.000000000000e+01 
792 209.326008 273.095548 7.127737688030e-01 -2.276111260358e+00 1.000000000000e+01 
793 209.991958 273.761499 7.129786036925e-01 -2.232199797285e+00 1.000000000000e+01 
794 213.729684 277.499224 7.128377470632e-01 -2.240273227022e+00 1.000000000000e+01 
795 212.449344 276.218885 7.130857468557e-01 -2.178278792068e+00 1.000000000000e+01 
796 213.149499 276.919040 7.134283874316e-01 -2.427807715200e+00 1.000000000000e+01 
797 210.008962 273.778502 7.127993019444e-01 -2.282119537769e+00 1.000000000000e+01 
798 210.328408 274.097948 7.127253715728e-01 -2.249108699249e+00 1.000000000000e+01 
799 212.104928 275.874469 7.134492820067e-01 -2.355261535521e+00 1.000000000000e+01 
800 211.176807 274.946348 7.133574946944e-01 -2.275654380478e+00 1.000000000000e+01 
801 211.259711 275.029252 7.133707662009e-01 -2.084765257537e+00 1.000000000000e+01 
802 210.368017 274.137558 7.133939205226e-01 -2.331462673381e+00 1.000000000000e+01 
803 210.013817 273.783358 7.135244109446e-01 -2.046484074778e+00 1.000000000000e+01 
804 213.795435 277.564976 7.135106473595e-01 -2.104639576266e+00 1.000000000000e+01 
805 213.641203 277.410744 7.135325625610e-01 -2.382760641947e+00 1.000000000000e+01 
806 208.761259 272.530799 7.134954955114e-01 -2.170316348052e+00 1.000000000000e+01 
807 206.753010 270.522550 7.137827371298e-01 -2.159089756687e+00 1.000000000000e+01 
808 206.118305 269.887846 7.137534835688e-01 -2.425893485926e+00 1.000000000000e+01 
809 207.488767 271.258307 7.140012749789e-01 -2.313237875992e+00 1.000000000000e+01 
810 213.736089 277.505629 7.134690293511e-01 -2.213059291341e+00 1.000000000000e+01 
811 208.844782 272.614322 7.138015371307e-01 -2.249474591342e+00 1.000000000000e+01 
812 213.437176 277.206716 7.128753283860e-01 -2.356303030122e+00 1.000000000000e+01 
813 212.988604 276.758145 7.124883543077e-01 -2.153486214265e+00 1.000000000000e+01 
814 213.914967 277.684507 7.128336162558e-01 -2.233556116812e+00 1.000000000000e+01 
815 214.274110 278.043650 7.129145973315e-01 -2.496193008999e+00 1.000000000000e+01 
816 212.714163 276.483704 7.130999719093e-01 -2.393145604131e+00 1.000000000000e+01 
817 211.059945 274.829486 7.129982722138e-01 -2.254135815805e+00 1.000000000000e+01 
818 214.519568 278.289109 7.127293715045e-01 -2.548762044297e+00 1.000000000000e+01 
819 213.003718 276.773258 7.126251144173e-01 -2.479664010747e+00 1.000000000000e+01 
820 211.342002 275.111542 7.132076451010e-01 -2.599213831600e+00 1.000000000000e+01 
821 214.603810 278.373351 7.129200080377e-01 -2.473187854657e+00 1.000000000000e+01 
822 213.215769 276.985310 7.127927335461e-01 -2.498862877387e+00 1.000000000000e+01 
823 202.194939 265.964479 7.128383505757e-01 -2.260025806141e+00 1.000000000000e+01 
824 207.311221 271.080761 7.127027801191e-01 -2.494544806974e+00 1.000000000000e+01 
825 208.883868 272.653409 7.126257226723e-01 -2.445511631605e+00 1.000000000000e+01 
826 205.563496 269.333037 7.128626249419e-01 -2.265579974680e+00 1.000000000000e+01 
827 204.501948 262.726312 7.120479064024e-01 -2.278321386851e+00 9.000000000000e+00 
828 210.241807 268.466170 7.127737637402e-01 -2.243167331937e+00 9.000000000000e+00 
829 208.566867 266.791230 7.126641167760e-01 -2.405249793242e+00 9.000000000000e+00 
830 207.523334 265.747697 7.123697225388e-01 -2.414292320068e+00 9.000000000000e+00 
831 210.118820 268.343183 7.129768905948e-01 -2.410921317214e+00 9.000000000000e+00 
832 211.973091 270.197454 7.127407292778e-01 -2.550565282407e+00 9.000000000000e+00 
833 210.991278 269.215641 7.121673232369e-01 -2.439837138249e+00 9.000000000000e+00 
834 212.786385 271.010748 7.126292555171e-01 -2.308932023093e+00 9.000000000000e+00 
835 215.108903 273.333266 7.130633870403e-01 -2.482499297089e+00 9.000000000000e+00 
836 210.260659 268.485023 7.126333669177e-01 -2.577124488946e+00 9.000000000000e+00 
837 214.046390 272.270753 7.126352344007e-01 -2.340378053430e+00 9.000000000000e+00 
838 212.088424 270.312787 7.127970299377e-01 -2.274506363026e+00 9.000000000000e+00 
839 212.868208 271.092572 7.128192213643e-01 -2.227156085454e+00 9.000000000000e+00 
840 213.599753 271.824116 7.127089150734e-01 -2.236232994071e+00 9.000000000000e+00 
841 211.970345 270.194708 7.123771390860e-01 -2.134919720778e+00 9.000000000000e+00 
842 214.028476 272.252839 7.128648517398e-01 -2.314676922251e+00 9.000000000000e+00 
843 212.397171 270.621534 7.134014905974e-01 -2.304253423483e+00 9.000000000000e+00 
844 215.251572 273.475935 7.127335378595e-01 -2.366038224127e+00 9.000000000000e+00 
845 215.107358 273.331721 7.131880018891e-01 -2.351078949838e+00 9.000000000000e+00 
846 213.540365 271.764728 7.134536199290e-01 -2.458855495528e+00 9.000000000000e+00 
847 214.353788 272.578151 7.133621265178e-01 -2.583186640040e+00 9.000000000000e+00 
848 214.206008 272.430371 7.128940730342e-01 -2.426920109195e+00 9.000000000000e+00 
849 209.834617 268.058980 7.137720886152e-01 -2.651446858653e+00 9.000000000000e+00 
850 216.024789 274.249152 7.133060039125e-01 -2.483564672437e+00 9.000000000000e+00 
851 215.378170 273.602533 7.131406492562e-01 -2.380767087995e+00 9.000000000000e+00 
852 209.375096 267.599459 7.138818083975e-01 -2.392551287688e+00 9.000000000000e+00 
853 211.940978 270.165341 7.128395998768e-01 -2.310687555573e+00 9.000000000000e+00 
854 205.679893 263.904256 7.133005498078e-01 -2.276502519234e+00 9.000000000000e+00 
855 213.912034 272.136397 7.134998969276e-01 -2.392538203461e+00 9.000000000000e+00 
856 210.871380 269.095743 7.128674826731e-01 -2.277010371999e+00 9.000000000000e+00 
857 211.804775 270.029138 6.064072658952e-01 -2.553394224885e+00 9.000000000000e+00 
858 210.746125 268.970488 7.149234196505e-01 -2.397865078845e+00 9.000000000000e+00 
859 206.344358 264.568722 7.165636552989e-01 -2.469271797922e+00 9.000000000000e+00 
860 214.817739 273.042102 7.158324784508e-01 -2.330502081967e+00 9.000000000000e+00 
861 211.419879 269.644242 7.161359720289e-01 -2.349839921331e+00 9.000000000000e+00 
862 211.543465 269.767828 7.158590542421e-01 -2.310367104695e+00 9.000000000000e+00 
863 211.065701 269.290064 7.154540017082e-01 -2.311116629718e+00 9.000000000000e+00 
864 208.215871 266.440234 7.151096086286e-01 -2.140548179980e+00 9.000000000000e+00 
865 210.598674 268.823037 7.164305827618e-01 -2.315117178425e+00 9.000000000000e+00 
866 208.306845 266.531208 6.145990428159e-01 -2.523694629204e+00 9.000000000000e+00 
867 213.073357 271.297720 7.159617054185e-01 -2.535220967437e+00 9.000000000000e+00 
868 211.225770 269.450133 7.157320647090e-01 -2.259003981067e+00 9.000000000000e+00 
869 214.279497 272.503861 7.161064993358e-01 -2.391080431132e+00 9.000000000000e+00 
870 205.302922 263.527285 7.155131415016e-01 -2.383793374597e+00 9.000000000000e+00 
871 210.672597 268.896960 7.160285568318e-01 -2.436632451713e+00 9.000000000000e+00 
872 208.439248 266.663611 7.155570158374e-01 -2.420146349540e+00 9.000000000000e+00 
873 211.752913 269.977276 7.150906360515e-01 -2.369836222701e+00 9.000000000000e+00 
874 208.899768 267.124131 7.167300596111e-01 -2.525082198950e+00 9.000000000000e+00 
875 212.149085 270.373448 7.165066055336e-01 -2.482023493735e+00 9.000000000000e+00 
876 212.494844 270.719207 7.155960888598e-01 -2.550195466131e+00 9.000000000000e+00 
877 210.607417 268.831781 7.162071973529e-01 -2.243606110765e+00 9.000000000000e+00 
878 210.174605 268.398968 7.156673322505e-01 -2.393380832352e+00 9.000000000000e+00 
879 209.924395 268.148759 7.165749989944e-01 -2.313360085638e+00 9.000000000000e+00 
880 212.288703 270.513066 7.156794957396e-01 -2.243116613582e+00 9.000000000000e+00 
881 209.863271 268.087635 7.160365516095e-01 -2.543720594728e+00 9.000000000000e+00 
882 209.734526 267.958889 7.166746632618e-01 -2.621488861126e+00 9.000000000000e+00 
883 213.174815 271.399178 7.158672605484e-01 -2.479320563006e+00 9.000000000000e+00 
884 210.014602 268.238965 7.160930900311e-01 -2.433621066431e+00 9.000000000000e+00 
885 212.952096 271.176460 7.159554104034e-01 -2.486782797110e+00 9.000000000000e+00 
886 211.933165 270.157529 7.162996795022e-01 -2.597579325463e+00 9.000000000000e+00 
887 213.675025 271.899388 7.156348397692e-01 -2.321860772214e+00 9.000000000000e+00 
888 213.204888 271.429251 7.158802042812e-01 -2.441563654592e+00 9.000000000000e+00 
889 213.082940 271.307303 7.152427550241e-01 -2.231835831507e+00 9.000000000000e+00 
890 213.554228 271.778592 7.155771779699e-01 -2.461596799135e+00 9.000000000000e+00 
891 208.014754 266.239117 7.153007126966e-01 -2.398711666464e+00 9.000000000000e+00 
892 214.645182 272.869545 7.149681073412e-01 -2.408908830756e+00 9.000000000000e+00 
893 214.762611 272.986974 7.189050714685e-01 -2.134399366515e+00 9.000000000000e+00 
894 211.830722 270.055085 7.185882953476e-01 -2.141506984949e+00 9.000000000000e+00 
895 206.904218 265.128581 7.189474837102e-01 -2.213519229071e+00 9.000000000000e+00 
896 211.874312 270.098675 7.189203847261e-01 -2.272106064356e+00 9.000000000000e+00 
897 210.690565 268.914928 7.185704329487e-01 -2.175805685843e+00 9.000000000000e+00 
898 214.995680 273.220043 7.186891517459e-01 -2.161547117689e+00 9.000000000000e+00 
899 214.294527 272.518890 7.190005167968e-01 -2.209077488540e+00 9.000000000000e+00 
900 209.972262 268.196625 7.187291329115e-01 -2.328114429921e+00 9.000000000000e+00 
901 212.108827 270.333190 7.188908961251e-01 -2.189603829445e+00 9.000000000000e+00 
902 212.452494 270.676857 7.185432056110e-01 -2.338370929380e+00 9.000000000000e+00 
903 210.858012 269.082375 7.188919027167e-01 -2.171393069580e+00 9.000000000000e+00 
904 213.526383 271.750746 7.190170218624e-01 -2.219950359133e+00 9.000000000000e+00 
905 211.762665 269.987028 7.185593975745e-01 -2.328704799971e+00 9.000000000000e+00 
906 209.437890 267.662253 7.188182738857e-01 -2.503634566846e+00 9.000000000000e+00 
907 212.577305 270.801669 7.185385144670e-01 -2.143280309513e+00 9.000000000000e+00 
908 210.537308 268.761671 7.185467574459e-01 -2.036725403473e+00 9.000000000000e+00 
909 210.384469 268.608833 7.188780572358e-01 -2.567229566117e+00 9.000000000000e+00 
910 211.798143 270.022506 7.190759850133e-01 -2.361879113087e+00 9.000000000000e+00 
911 215.488973 273.713336 7.177591971182e-01 -2.195346582262e+00 9.000000000000e+00 
912 211.406775 269.631138 7.178172885852e-01 -1.882671916441e+00 9.000000000000e+00 
913 209.941306 268.165669 7.180805738525e-01 -2.095603373558e+00 9.000000000000e+00 
914 209.116743 267.341106 7.177520135524e-01 -2.448286891431e+00 9.000000000000e+00 
915 214.034077 272.258440 7.178075036296e-01 -2.096131169930e+00 9.000000000000e+00 
916 213.199497 271.423860 7.177344607628e-01 -2.345822752853e+00 9.000000000000e+00 
917 210.014916 268.239279 7.179618406017e-01 -2.110092996443e+00 9.000000000000e+00 
918 213.481186 271.705549 7.178201675927e-01 -2.292014857714e+00 9.000000000000e+00 
919 215.604389 273.828752 7.178170702646e-01 -2.399842723213e+00 9.000000000000e+00 
920 214.146587 272.370951 7.180260220383e-01 -2.258214725598e+00 9.000000000000e+00 
921 215.933237 274.157600 7.179852534961e-01 -2.215250242745e+00 9.000000000000e+00 
922 216.178471 274.402834 7.179105866438e-01 -2.176171963932e+00 9.000000000000e+00 
923 212.483502 270.707865 7.178146152971e-01 -2.108607140686e+00 9.000000000000e+00 
924 214.089796 272.314159 7.175216829020e-01 -2.346768426875e+00 9.000000000000e+00 
925 210.833050 269.057413 7.181564320158e-01 -2.128396195912e+00 9.000000000000e+00 
926 209.530780 267.755144 7.177383292505e-01 -2.033742441149e+00 9.000000000000e+00 
927 214.468426 272.692789 7.178580156774e-01 -2.249693353511e+00 9.000000000000e+00 
928 212.172040 270.396403 7.177930682292e-01 -2.078314232816e+00 9.000000000000e+00 
929 212.130218 270.354581 7.178549472150e-01 -2.079129467741e+00 9.000000000000e+00 
930 211.188582 269.412945 7.179407935289e-01 -2.222385623321e+00 9.000000000000e+00 
931 213.044975 271.269338 7.177610593019e-01 -2.310797316631e+00 9.000000000000e+00 
932 212.339300 270.563663 7.179555798925e-01 -2.192940278127e+00 9.000000000000e+00 
933 214.758300 272.982663 7.179290846150e-01 -2.268950457220e+00 9.000000000000e+00 
934 212.785858 271.010221 7.180913079505e-01 -2.196578239635e+00 9.000000000000e+00 
935 215.245627 273.469991 7.177005878930e-01 -2.206965928955e+00 9.000000000000e+00 
936 216.405531 274.629894 7.178407491791e-01 -2.172089621227e+00 9.000000000000e+00 
937 205.906629 264.130992 7.182046162826e-01 -2.068357246941e+00 9.000000000000e+00 
938 215.369539 273.593902 7.178795999826e-01 -2.159188264619e+00 9.000000000000e+00 
939 213.390343 271.614706 7.180788003806e-01 -2.235234977054e+00 9.000000000000e+00 
940 212.994920 271.219283 7.167937314044e-01 -2.355521000664e+00 9.000000000000e+00 
941 213.249039 271.473402 7.170661985188e-01 -2.459033935068e+00 9.000000000000e+00 
942 212.634997 270.859360 7.169357781269e-01 -2.530924616084e+00 9.000000000000e+00 
943 214.227246 272.451609 7.168795283922e-01 -2.481701388090e+00 9.000000000000e+00 
944 209.083789 267.308152 7.172510324689e-01 -2.470916813694e+00 9.000000000000e+00 
945 207.744675 265.969038 7.173119219424e-01 -2.286997846872e+00 9.000000000000e+00 
946 212.755941 270.980304 7.171378567727e-01 -2.440782854027e+00 9.000000000000e+00 
947 213.902629 272.126992 7.172819979659e-01 -2.327198491313e+00 9.000000000000e+00 
948 211.544832 269.769195 7.173377356381e-01 -2.597932469322e+00 9.000000000000e+00 
949 211.504129 269.728493 7.172277096019e-01 -2.089647389809e+00 9.000000000000e+00 
950 212.405896 270.630259 7.170833944785e-01 -2.403227101358e+00 9.000000000000e+00 
951 213.979786 272.204149 7.174815974906e-01 -2.450955387401e+00 9.000000000000e+00 
952 211.512783 269.737146 7.204545515271e-01 -2.300049523973e+00 9.000000000000e+00 
953 212.679024 270.903387 7.208000147951e-01 -2.470142486846e+00 9.000000000000e+00 
954 213.002993 271.227356 7.204024562211e-01 -2.488195866596e+00 9.000000000000e+00 
955 214.079250 272.303613 7.209147266326e-01 -2.395010558770e+00 9.000000000000e+00 
956 211.667081 269.891444 7.205204647597e-01 -2.447683887644e+00 9.000000000000e+00 
957 209.403671 267.628034 7.213290143704e-01 -2.372625528010e+00 9.000000000000e+00 
958 214.409860 272.634223 7.201245892589e-01 -2.473146073606e+00 9.000000000000e+00 
959 210.469924 268.694288 7.203619142345e-01 -2.161076017691e+00 9.000000000000e+00 
960 207.718078 265.942441 7.206346136750e-01 -2.493117364055e+00 9.000000000000e+00 
961 214.524616 272.748979 7.207503848838e-01 -2.387478635877e+00 9.000000000000e+00 
962 214.092932 272.317296 7.204669556826e-01 -2.518895247009e+00 9.000000000000e+00 
963 214.068221 272.292585 7.209606219332e-01 -2.366819338213e+00 9.000000000000e+00 
964 212.058672 270.283035 7.210573913210e-01 -2.303706582880e+00 9.000000000000e+00 
965 212.302452 270.526815 7.206747300617e-01 -2.451919454673e+00 9.000000000000e+00 
966 212.703960 270.928323 7.207691805234e-01 -2.346560637868e+00 9.000000000000e+00 
967 213.814074 272.038437 7.200622399526e-01 -2.482719649877e+00 9.000000000000e+00 
968 213.969625 272.193988 7.205898909404e-01 -2.491042273097e+00 9.000000000000e+00 
969 214.817022 273.041385 7.194569049608e-01 -2.514060116883e+00 9.000000000000e+00 
970 207.959718 266.184082 7.199692220640e-01 -2.566983716785e+00 9.000000000000e+00 
971 209.190551 267.414915 7.190342729092e-01 -2.636261770469e+00 9.000000000000e+00 
972 208.084133 266.308497 7.192323694558e-01 -2.544450900509e+00 9.000000000000e+00 
973 209.142634 267.366998 7.195476117657e-01 -2.666255783284e+00 9.000000000000e+00 
974 211.143068 269.367431 7.207355237708e-01 -2.523759711888e+00 9.000000000000e+00 
975 207.215344 265.439707 7.214073421369e-01 -2.529060882275e+00 9.000000000000e+00 
976 213.101964 271.326327 7.216394567953e-01 -2.575537688763e+00 9.000000000000e+00 
977 211.289999 269.514362 7.217003295894e-01 -2.490599560391e+00 9.000000000000e+00 
978 211.683032 269.907395 7.213947977125e-01 -2.333651862434e+00 9.000000000000e+00 
979 211.644077 269.868440 7.205964760926e-01 -2.620481584806e+00 9.000000000000e+00 
980 214.549649 272.774012 7.211780537966e-01 -2.591271047098e+00 9.000000000000e+00 
981 212.997142 271.221505 7.209669587904e-01 -2.624240979287e+00 9.000000000000e+00 
982 213.064511 271.288874 7.208640875736e-01 -2.457244182179e+00 9.000000000000e+00 
983 211.272040 269.496403 7.208735561614e-01 -2.436291116136e+00 9.000000000000e+00 
984 213.496963 271.721327 7.206106389296e-01 -2.513781899382e+00 9.000000000000e+00 
985 209.087091 267.311454 7.221104184740e-01 -2.647179950207e+00 9.000000000000e+00 
986 213.405858 271.630221 7.228113748055e-01 -2.309582948369e+00 9.000000000000e+00 
987 211.882940 270.107303 7.227258351710e-01 -2.330773794566e+00 9.000000000000e+00 
988 213.416063 271.640426 7.219922033723e-01 -2.329126163389e+00 9.000000000000e+00 
989 212.817794 271.042158 7.227941964547e-01 -2.287923769040e+00 9.000000000000e+00 
990 207.852544 266.076907 7.231012583472e-01 -2.223730380245e+00 9.000000000000e+00 
991 213.599943 271.824306 7.222808438543e-01 -2.381949144602e+00 9.000000000000e+00 
992 207.874854 266.099217 7.229881445957e-01 -2.278975380341e+00 9.000000000000e+00 
993 208.905131 267.129494 7.219471642954e-01 -2.343589959070e+00 9.000000000000e+00 
994 210.068549 268.292912 7.225405306059e-01 -2.145324683569e+00 9.000000000000e+00 
995 210.828437 269.052800 7.230345031200e-01 -2.328388498663e+00 9.000000000000e+00 
996 214.021505 272.245868 7.224840927384e-01 -2.301040016936e+00 9.000000000000e+00 
997 207.531785 265.756149 7.233708862705e-01 -2.395931688809e+00 9.000000000000e+00 
998 212.011174 270.235537 7.226699422323e-01 -2.512749884098e+00 9.000000000000e+00 
999 208.787363 267.011726 7.218743797325e-01 -2.656762181989e+00 9.000000000000e+00 
1000 212.818406 271.042769 7.227613870949e-01 -2.261310976315e+00 9.000000000000e+00 
1001 209.831946 268.056309 7.230290507847e-01 -2.181831394948e+00 9.000000000000e+00 
1002 209.082798 267.307161 7.226231507695e-01 -2.140480711814e+00 9.000000000000e+00 
1003 212.198888 270.423251 7.223843102481e-01 -2.436344817884e+00 9.000000000000e+00 
1004 209.681243 267.905606 7.228084665173e-01 -2.348763388664e+00 9.000000000000e+00 
1005 215.003489 273.227852 7.225381427219e-01 -2.317532262738e+00 9.000000000000e+00 
1006 214.249275 272.473638 7.226764047893e-01 -2.326125302727e+00 9.000000000000e+00 
1007 212.849226 271.073589 7.226439514370e-01 -2.505868830943e+00 9.000000000000e+00 
1008 210.697075 268.921438 7.229970461173e-01 -2.288917126694e+00 9.000000000000e+00 
1009 213.294465 271.518828 7.225796820969e-01 -2.515276258040e+00 9.000000000000e+00 
1010 210.010682 268.235045 7.231085382411e-01 -2.437284348342e+00 9.000000000000e+00 
1011 214.273994 272.498357 7.229562055213e-01 -2.377522989316e+00 9.000000000000e+00 
1012 213.905883 272.130246 7.225949655915e-01 -2.428850262104e+00 9.000000000000e+00 
1013 202.804653 261.029016 7.214820260395e-01 -2.323153975268e+00 9.000000000000e+00 
1014 210.485916 268.710279 7.232667800765e-01 -2.245417432841e+00 9.000000000000e+00 
1015 210.098510 268.322873 7.230047836350e-01 -2.438613627899e+00 9.000000000000e+00 
1016 212.089030 270.313393 7.223214328583e-01 -2.473954666446e+00 9.000000000000e+00 
1017 209.886900 268.111263 7.221842910161e-01 -2.399277602965e+00 9.000000000000e+00 
1018 211.068259 269.292622 7.224111858452e-01 -2.228548658015e+00 9.000000000000e+00 
1019 211.732099 269.956462 7.227287575974e-01 -2.268444060246e+00 9.000000000000e+00 
1020 213.348944 271.573307 7.225064809496e-01 -2.520644808365e+00 9.000000000000e+00 
1021 213.618610 271.842973 7.229901739221e-01 -2.466557849535e+00 9.000000000000e+00 
1022 214.732248 272.956612 7.228038307798e-01 -2.399935230448e+00 9.000000000000e+00 
1023 209.787005 268.011369 6.091393291179e-01 -2.611107619613e+00 9.000000000000e+00 
1024 210.549722 268.774085 7.229268820323e-01 -2.430999522340e+00 9.000000000000e+00 
1025 212.519043 270.743407 7.224879168210e-01 -2.447630520012e+00 9.000000000000e+00 
1026 213.676384 271.900747 7.229117900691e-01 -2.245765011661e+00 9.000000000000e+00 
1027 212.211626 270.435989 7.228160468117e-01 -2.206805715426e+00 9.000000000000e+00 
1028 214.540077 272.764440 7.229320531165e-01 -2.367966676442e+00 9.000000000000e+00 
1029 211.382848 269.607212 7.229084607006e-01 -2.453819447260e+00 9.000000000000e+00 
1030 209.107111 267.331474 7.220567621774e-01 -2.496566415806e+00 9.000000000000e+00 
1031 213.149804 271.374167 7.230826313156e-01 -2.262016080696e+00 9.000000000000e+00 
1032 214.665504 272.889868 7.230510796524e-01 -2.473080211368e+00 9.000000000000e+00 
1033 214.402851 272.627214 7.226367926291e-01 -2.342363603976e+00 9.000000000000e+00 
1034 208.022940 266.247303 7.228794211938e-01 -2.182150478897e+00 9.000000000000e+00 
1035 210.541525 268.765888 7.227281185368e-01 -2.615512288663e+00 9.000000000000e+00 
1036 207.887435 266.111798 7.233670742289e-01 -2.671431042925e+00 9.000000000000e+00 
1037 214.684973 272.909336 7.224138901707e-01 -2.388066832575e+00 9.000000000000e+00 
1038 215.076249 273.300612 7.228193065873e-01 -2.363219982140e+00 9.000000000000e+00 
1039 212.607141 270.831504 7.222482343999e-01 -2.536989170443e+00 9.000000000000e+00 
1040 209.369340 267.593703 7.226755078882e-01 -2.302566545419e+00 9.000000000000e+00 
1041 213.544490 271.768853 7.226162017073e-01 -2.370612450073e+00 9.000000000000e+00 
1042 212.741690 270.966053 7.223821375469e-01 -2.189378714599e+00 9.000000000000e+00 
1043 206.753988 264.978352 7.202878122633e-01 -2.330644270624e+00 9.000000000000e+00 
1044 214.001160 272.225523 7.217651587542e-01 -2.300855252597e+00 9.000000000000e+00 
1045 207.650211 265.874574 7.214686478979e-01 -2.378431293370e+00 9.000000000000e+00 
1046 213.032267 271.256630 7.215558449975e-01 -2.446296790973e+00 9.000000000000e+00 
1047 212.775041 270.999404 7.210478687734e-01 -2.457867533465e+00 9.000000000000e+00 
1048 207.767387 265.991750 7.224649969246e-01 -2.304219297680e+00 9.000000000000e+00 
1049 211.715459 269.939823 7.215581043695e-01 -2.273691095557e+00 9.000000000000e+00 
1050 209.447992 267.672355 7.198093397337e-01 -2.484889673616e+00 9.000000000000e+00 
1051 208.233839 266.458202 7.195732276523e-01 -2.385996983117e+00 9.000000000000e+00 
1052 214.467144 272.691507 7.205124321495e-01 -2.391804714163e+00 9.000000000000e+00 
1053 211.707816 269.932179 7.205179387813e-01 -2.230568799035e+00 9.000000000000e+00 
1054 210.947763 269.172126 7.205341839675e-01 -2.367685241129e+00 9.000000000000e+00 
1055 215.332940 273.557303 7.201939521930e-01 -2.350756439708e+00 9.000000000000e+00 
1056 214.716749 272.941113 7.204521024622e-01 -2.531226436432e+00 9.000000000000e+00 
1057 214.554736 272.779099 7.202103600305e-01 -2.500451788578e+00 9.000000000000e+00 
1058 212.410794 270.635158 7.204985617571e-01 -2.489171826932e+00 9.000000000000e+00 
1059 206.193442 264.417805 7.202666035146e-01 -2.651944691426e+00 9.000000000000e+00 
1060 215.587183 273.811546 7.200653254692e-01 -2.451590647059e+00 9.000000000000e+00 
1061 211.403307 269.627671 7.202229598515e-01 -2.101072207743e+00 9.000000000000e+00 
1062 208.296922 266.521286 6.017637251056e-01 -2.466989036051e+00 9.000000000000e+00 
1063 212.240964 270.465328 7.205886188862e-01 -2.424934631947e+00 9.000000000000e+00 
1064 212.505181 270.729544 7.203370328867e-01 -2.323958901610e+00 9.000000000000e+00 
1065 209.412708 267.637072 7.193228336568e-01 -2.523351201431e+00 9.000000000000e+00 
1066 212.004764 270.229127 7.200444106500e-01 -2.514230072639e+00 9.000000000000e+00 
1067 209.918899 268.143262 7.198518146388e-01 -2.524226616902e+00 9.000000000000e+00 
1068 207.819443 266.043806 7.198149078721e-01 -2.527641670811e+00 9.000000000000e+00 
1069 214.253885 272.478248 7.205586566794e-01 -2.252509445757e+00 9.000000000000e+00 
1070 210.929057 269.153420 7.221047108848e-01 -2.511292540477e+00 9.000000000000e+00 
1071 212.645075 270.869438 7.206683063400e-01 -2.465289712488e+00 9.000000000000e+00 
1072 211.416034 269.640397 7.201501215201e-01 -2.538819693953e+00 9.000000000000e+00 
1073 212.456048 270.680411 7.199514992667e-01 -2.525579684950e+00 9.000000000000e+00 
1074 208.290290 266.514653 7.217792357845e-01 -2.633547042209e+00 9.000000000000e+00 
1075 213.983322 272.207685 7.164390678736e-01 -2.320211134652e+00 9.000000000000e+00 
1076 214.625017 272.849380 7.161090339073e-01 -2.263216170956e+00 9.000000000000e+00 
1077 210.500609 268.724972 7.161157463080e-01 -2.275303742292e+00 9.000000000000e+00 
1078 212.829773 271.054136 7.161838416121e-01 -2.371367109486e+00 9.000000000000e+00 
1079 210.292540 268.516903 7.157061968866e-01 -2.372491533041e+00 9.000000000000e+00 
1080 210.207799 268.432162 7.160092033959e-01 -2.320468266411e+00 9.000000000000e+00 
1081 209.852765 268.077128 7.159140060760e-01 -2.354369309223e+00 9.000000000000e+00 
1082 208.230867 266.455230 7.156378422446e-01 -2.092515272958e+00 9.000000000000e+00 
1083 210.498017 268.722380 7.164001057043e-01 -2.384929333317e+00 9.000000000000e+00 
1084 212.971590 271.195953 7.159618866952e-01 -2.479979553191e+00 9.000000000000e+00 
1085 209.543934 267.768298 7.165027927622e-01 -2.350080906501e+00 9.000000000000e+00 
1086 206.456977 264.681340 7.168248102095e-01 -2.561570493975e+00 9.000000000000e+00 
1087 210.862188 269.086551 7.166266853271e-01 -2.262370637917e+00 9.000000000000e+00 
1088 214.166993 272.391356 7.160668644177e-01 -2.443393838534e+00 9.000000000000e+00 
1089 214.197985 272.422348 7.161103479813e-01 -2.141854800779e+00 9.000000000000e+00 
1090 208.300929 266.525292 7.157752225131e-01 -2.428333479313e+00 9.000000000000e+00 
1091 211.246158 269.470522 7.162771067102e-01 -2.475817091698e+00 9.000000000000e+00 
1092 206.859517 265.083880 7.167563871569e-01 -2.408184408066e+00 9.000000000000e+00 
1093 214.815559 273.039922 7.163211727344e-01 -2.372882627567e+00 9.000000000000e+00 
1094 209.896784 268.121147 7.156692024021e-01 -2.342758194958e+00 9.000000000000e+00 
1095 207.866231 266.090594 7.153415322082e-01 -2.189391581092e+00 9.000000000000e+00 
1096 211.527617 269.751981 7.175665619692e-01 -2.359065248315e+00 9.000000000000e+00 
1097 211.110476 269.334839 7.177372577127e-01 -2.450919475098e+00 9.000000000000e+00 
1098 211.847364 270.071727 7.169825749035e-01 -2.349136561282e+00 9.000000000000e+00 
1099 211.307482 269.531845 7.172476840706e-01 -2.391988603039e+00 9.000000000000e+00 
1100 207.976499 266.200862 7.158908612401e-01 -2.319897749054e+00 9.000000000000e+00 
1101 212.385102 270.609466 7.161237761747e-01 -2.361323769830e+00 9.000000000000e+00 
1102 210.861387 269.085750 7.156961649500e-01 -2.409979792600e+00 9.000000000000e+00 
1103 212.403511 270.627874 7.162455148756e-01 -2.319218894613e+00 9.000000000000e+00 
1104 209.432396 267.656759 7.161119504604e-01 -2.126020348292e+00 9.000000000000e+00 
1105 208.978201 267.202564 7.155720366233e-01 -2.273353006009e+00 9.000000000000e+00 
1106 211.325426 269.549789 7.157654587375e-01 -2.343822122173e+00 9.000000000000e+00 
1107 211.617666 269.842030 7.158740025579e-01 -2.538148487782e+00 9.000000000000e+00 
1108 209.656353 267.880717 7.160838577132e-01 -2.368791183633e+00 9.000000000000e+00 
1109 209.043394 267.267757 7.152975316832e-01 -2.441862483656e+00 9.000000000000e+00 
1110 211.546971 269.771334 7.159561858128e-01 -2.320753263807e+00 9.000000000000e+00 
1111 214.825743 273.050106 7.161153634523e-01 -2.367964667866e+00 9.000000000000e+00 
1112 208.885771 267.110135 7.156791340223e-01 -2.261400566406e+00 9.000000000000e+00 
1113 212.039074 270.263437 7.157930345036e-01 -2.352252153467e+00 9.000000000000e+00 
1114 214.101379 272.325742 7.158609678095e-01 -2.359826356642e+00 9.000000000000e+00 
1115 213.403683 271.628046 7.159405085320e-01 -2.329973941993e+00 9.000000000000e+00 
1116 213.422771 271.647135 7.154998939170e-01 -2.352322240758e+00 9.000000000000e+00 
1117 211.018208 269.242571 7.155141712759e-01 -2.234823171059e+00 9.000000000000e+00 
1118 214.623350 272.847714 7.159809511656e-01 -2.270716068111e+00 9.000000000000e+00 
1119 210.084763 268.309126 7.161182747688e-01 -2.122885503779e+00 9.000000000000e+00 
1120 215.595354 273.819717 7.158772008745e-01 -2.344897841040e+00 9.000000000000e+00 
1121 213.831691 272.056055 7.157108913472e-01 -2.072897782181e+00 9.000000000000e+00 
1122 211.200609 269.424972 7.157861751527e-01 -2.055177401821e+00 9.000000000000e+00 
1123 211.465352 269.689715 7.157107732191e-01 -2.394047520368e+00 9.000000000000e+00 
1124 214.623113 272.847476 7.159409981140e-01 -2.238640742209e+00 9.000000000000e+00 
1125 210.092776 268.317139 7.156040338503e-01 -2.389088362430e+00 9.000000000000e+00 
1126 214.487620 272.711983 7.159463846559e-01 -2.462899507542e+00 9.000000000000e+00 
1127 208.879418 267.103781 7.162273077066e-01 -2.408324487639e+00 9.000000000000e+00 
1128 211.031357 269.255720 7.162847880199e-01 -2.619760234022e+00 9.000000000000e+00 
1129 211.290280 269.514643 7.154567767119e-01 -2.379051828475e+00 9.000000000000e+00 
1130 210.462888 268.687251 7.154759338931e-01 -2.089298723367e+00 9.000000000000e+00 
1131 210.545264 268.769627 7.159649793566e-01 -2.256460021465e+00 9.000000000000e+00 
1132 209.584527 267.808890 7.154389934379e-01 -2.266482665912e+00 9.000000000000e+00 
1133 213.286795 271.511158 7.165830506941e-01 -2.445386603087e+00 9.000000000000e+00 
1134 214.447320 272.671683 7.160276157702e-01 -2.327537293513e+00 9.000000000000e+00 
1135 211.266391 269.490754 7.162266670250e-01 -2.437327590661e+00 9.000000000000e+00 
1136 212.549509 270.773872 7.155993941177e-01 -2.240951884484e+00 9.000000000000e+00 
1137 211.415004 269.639367 7.162606712998e-01 -2.521734615269e+00 9.000000000000e+00 
1138 206.582216 264.806579 7.152508200926e-01 -2.228111566971e+00 9.000000000000e+00 
1139 212.586003 270.810366 7.160023201856e-01 -2.403952794856e+00 9.000000000000e+00 
1140 214.164222 272.388585 7.158254859841e-01 -2.435511071109e+00 9.000000000000e+00 
1141 212.439433 270.663796 7.163541762877e-01 -2.464855160046e+00 9.000000000000e+00 
1142 210.685627 268.909990 7.162178754613e-01 -2.317151224310e+00 9.000000000000e+00 
1143 214.652551 272.876914 7.159910998850e-01 -2.430269257200e+00 9.000000000000e+00 
1144 213.669197 271.893561 7.156085618845e-01 -2.410772960541e+00 9.000000000000e+00 
1145 214.820948 273.045312 7.166420335759e-01 -2.136545745460e+00 9.000000000000e+00 
1146 211.016065 269.240428 7.164667039448e-01 -2.424767970902e+00 9.000000000000e+00 
1147 214.934084 273.158448 7.165839995487e-01 -2.294783729915e+00 9.000000000000e+00 
1148 215.779007 274.003370 7.166668981671e-01 -2.305296884818e+00 9.000000000000e+00 
1149 214.677556 272.901919 7.160535286793e-01 -2.094904830516e+00 9.000000000000e+00 
1150 214.976055 273.200418 7.165975053772e-01 -2.437439098960e+00 9.000000000000e+00 
1151 214.243000 272.467363 7.176601921572e-01 -2.515522046998e+00 9.000000000000e+00 
1152 214.168483 272.392846 7.163351250245e-01 -2.086063102262e+00 9.000000000000e+00 
1153 210.370079 268.594442 7.163228356844e-01 -2.042355847344e+00 9.000000000000e+00 
1154 213.414976 271.639339 7.169296171588e-01 -2.260579422400e+00 9.000000000000e+00 
1155 213.582887 271.807250 7.169523997859e-01 -2.442689632678e+00 9.000000000000e+00 
1156 212.659570 270.883933 7.154703588787e-01 -2.359910810911e+00 9.000000000000e+00 
1157 214.852290 273.076653 7.173224250289e-01 -2.523455640344e+00 9.000000000000e+00 
1158 214.019878 272.244241 7.170162815689e-01 -2.559074473697e+00 9.000000000000e+00 
1159 210.427051 268.651414 7.160295592420e-01 -2.401893542014e+00 9.000000000000e+00 
1160 213.657874 271.882237 7.160255650201e-01 -2.361792402334e+00 9.000000000000e+00 
1161 213.334713 271.559076 7.165082778152e-01 -2.215860271586e+00 9.000000000000e+00 
1162 214.674383 272.898746 7.169534422196e-01 -2.495988373070e+00 9.000000000000e+00 
1163 217.071635 275.295999 7.164720957623e-01 -2.294208867197e+00 9.000000000000e+00 
1164 211.013051 269.237414 7.173359368248e-01 -2.492290547651e+00 9.000000000000e+00 
1165 212.092838 270.317201 7.157387855820e-01 -2.062501604200e+00 9.000000000000e+00 
1166 211.998861 270.223224 7.161950180410e-01 -2.085224649178e+00 9.000000000000e+00 
1167 209.750492 267.974856 7.167661519909e-01 -2.437576046178e+00 9.000000000000e+00 
1168 214.136480 272.360843 7.165660615911e-01 -2.307811955447e+00 9.000000000000e+00 
1169 212.105301 270.329665 7.161492881561e-01 -2.377610220827e+00 9.000000000000e+00 
1170 211.288116 269.512479 7.166876894726e-01 -2.540201784165e+00 9.000000000000e+00 
1171 215.327625 273.551988 7.166180108171e-01 -2.540620099849e+00 9.000000000000e+00 
1172 217.053994 275.278357 7.167094052999e-01 -2.424230330275e+00 9.000000000000e+00 
1173 209.517384 267.741747 7.170354369374e-01 -2.354025360500e+00 9.000000000000e+00 
1174 213.316359 271.540722 7.166062304146e-01 -2.310382214648e+00 9.000000000000e+00 
1175 214.230452 272.454816 7.164578314060e-01 -2.356813828269e+00 9.000000000000e+00 
1176 215.022312 273.246676 7.156347544166e-01 -2.175421353459e+00 9.000000000000e+00 
1177 215.017807 273.242170 7.160641829192e-01 -2.365061244852e+00 9.000000000000e+00 
1178 213.187323 271.411686 7.158648614934e-01 -2.415822580861e+00 9.000000000000e+00 
1179 214.192846 272.417209 7.158392799469e-01 -2.528824420617e+00 9.000000000000e+00 
1180 215.058767 273.283130 7.169276735627e-01 -2.393948495237e+00 9.000000000000e+00 
1181 212.676324 270.900688 7.168719029705e-01 -2.250230801662e+00 9.000000000000e+00 
1182 211.781485 270.005848 7.167156568789e-01 -2.251012180742e+00 9.000000000000e+00 
1183 210.237126 268.461489 6.102938244143e-01 -2.564910174710e+00 9.000000000000e+00 
1184 209.984311 268.208674 7.163726470066e-01 -2.369518511386e+00 9.000000000000e+00 
1185 212.433118 270.657481 7.165363059542e-01 -2.321060858469e+00 9.000000000000e+00 
1186 215.941919 274.166282 7.166013564042e-01 -2.291651998448e+00 9.000000000000e+00 
1187 212.537642 270.762005 7.171588783033e-01 -2.208348503972e+00 9.000000000000e+00 
1188 213.272549 271.496913 7.167355884500e-01 -2.314861467181e+00 9.000000000000e+00 
1189 213.041101 271.265464 7.165151150613e-01 -2.300372210598e+00 9.000000000000e+00 
1190 212.552384 270.776748 7.158420303268e-01 -2.330034063650e+00 9.000000000000e+00 
1191 214.278311 272.502674 7.166937636793e-01 -2.377103212943e+00 9.000000000000e+00 
1192 210.288205 268.512568 7.164315449458e-01 -2.278121268593e+00 9.000000000000e+00 
1193 212.663140 270.887503 7.167425341250e-01 -2.414579602840e+00 9.000000000000e+00 
1194 211.408311 269.632674 7.161997534300e-01 -2.484526470754e+00 9.000000000000e+00 
1195 213.872843 272.097206 7.169451100920e-01 -2.472275542243e+00 9.000000000000e+00 
1196 213.911823 272.136187 7.166252428635e-01 -2.388053297623e+00 9.000000000000e+00 
1197 211.828419 270.052782 7.165754407777e-01 -2.406695365898e+00 9.000000000000e+00 
1198 212.103305 270.327668 7.164045880272e-01 -2.182228928853e+00 9.000000000000e+00 
1199 211.754579 269.978942 7.165725492423e-01 -2.512304337788e+00 9.000000000000e+00 
1200 214.175666 272.400029 7.173546125396e-01 -2.433889291172e+00 9.000000000000e+00 
1201 211.296042 269.520405 7.168376950985e-01 -2.279825581555e+00 9.000000000000e+00 
1202 211.977695 270.202058 7.167938230551e-01 -2.257114876801e+00 9.000000000000e+00 
1203 209.453028 267.677391 7.164493849289e-01 -2.450356555554e+00 9.000000000000e+00 
1204 209.961055 268.185418 7.167398077753e-01 -2.500848746518e+00 9.000000000000e+00 
1205 210.949700 269.174063 7.173059257105e-01 -2.380691474980e+00 9.000000000000e+00 
1206 211.299804 269.524167 7.167248605996e-01 -2.593688398835e+00 9.000000000000e+00 
1207 207.030687 265.255050 7.164350979494e-01 -2.288423387919e+00 9.000000000000e+00 
1208 208.467064 266.691427 7.158923575244e-01 -2.156240202195e+00 9.000000000000e+00 
1209 209.986415 268.210778 7.161357864805e-01 -2.205158416176e+00 9.000000000000e+00 
1210 210.499933 268.724297 7.210554407456e-01 -2.578360606039e+00 9.000000000000e+00 
1211 214.456912 272.681275 7.188228378762e-01 -2.542782659004e+00 9.000000000000e+00 
1212 214.162873 272.387237 7.173886389215e-01 -2.611519747027e+00 9.000000000000e+00 
1213 213.486654 271.711017 5.788385910939e-01 -2.750155664784e+00 9.000000000000e+00 
1214 213.625049 271.849413 7.187461214730e-01 -2.701967732563e+00 9.000000000000e+00 
1215 209.086644 267.311007 7.177478797414e-01 -2.380026029164e+00 9.000000000000e+00 
1216 207.518111 265.742474 7.187049224587e-01 -2.613004414511e+00 9.000000000000e+00 
1217 212.336536 270.560900 7.173641422477e-01 -2.588505651318e+00 9.000000000000e+00 
1218 210.533663 268.758026 7.186015630452e-01 -2.681123550607e+00 9.000000000000e+00 
1219 209.749403 267.973766 7.192391082189e-01 -2.643179442639e+00 9.000000000000e+00 
1220 213.016574 271.240937 7.175547969407e-01 -2.505622528835e+00 9.000000000000e+00 
1221 212.447291 270.671654 7.180930085294e-01 -2.389860293372e+00 9.000000000000e+00 
1222 212.169844 270.394207 7.181845979306e-01 -2.732674412128e+00 9.000000000000e+00 
1223 214.828278 273.052642 7.187365888953e-01 -2.801282038194e+00 9.000000000000e+00 
1224 213.454585 271.678948 7.167878282953e-01 -2.593244859784e+00 9.000000000000e+00 
1225 214.420647 272.645011 7.180991220423e-01 -2.636861991112e+00 9.000000000000e+00 
1226 213.414447 271.638810 7.186128874907e-01 -2.605664294490e+00 9.000000000000e+00 
1227 207.958304 266.182668 7.201790523840e-01 -2.466062967929e+00 9.000000000000e+00 
1228 212.634879 270.859242 7.185657928735e-01 -2.735928010115e+00 9.000000000000e+00 
1229 215.529901 273.754264 7.186499534674e-01 -2.618871497047e+00 9.000000000000e+00 
1230 209.350243 267.574607 7.191089983789e-01 -2.637132237303e+00 9.000000000000e+00 
1231 214.295604 272.519967 7.189181223339e-01 -2.566727437697e+00 9.000000000000e+00 
1232 211.755060 269.979423 5.750468157465e-01 -2.761170924480e+00 9.000000000000e+00 
1233 214.362712 272.587075 7.183090790362e-01 -2.610223584062e+00 9.000000000000e+00 
1234 215.334077 273.558440 7.176218290190e-01 -2.723891831567e+00 9.000000000000e+00 
1235 213.497841 271.722204 7.184598706708e-01 -2.721995226154e+00 9.000000000000e+00 
1236 213.411809 271.636172 7.182965460288e-01 -2.657893057741e+00 9.000000000000e+00 
1237 213.560451 271.784814 7.183662107539e-01 -2.538845586621e+00 9.000000000000e+00 
1238 212.876823 271.101187 7.173777745911e-01 -2.600956884509e+00 9.000000000000e+00 
1239 211.328657 269.553020 7.177261290121e-01 -2.483439554360e+00 9.000000000000e+00 
1240 211.319797 269.544160 7.170717705803e-01 -2.721592094064e+00 9.000000000000e+00 
1241 210.872718 269.097082 7.181470919990e-01 -2.585679322709e+00 9.000000000000e+00 
1242 212.558890 270.783253 7.183999700126e-01 -2.771916453524e+00 9.000000000000e+00 
1243 206.769175 264.993538 7.171355053810e-01 -2.704917321097e+00 9.000000000000e+00 
1244 204.235851 262.460215 7.171666733340e-01 -2.577636668491e+00 9.000000000000e+00 
1245 212.678291 270.902654 7.183795060415e-01 -2.728952914613e+00 9.000000000000e+00 
1246 214.489386 272.713750 7.179645687067e-01 -2.668828979722e+00 9.000000000000e+00 
1247 211.837573 270.061936 7.179605111606e-01 -2.659953407766e+00 9.000000000000e+00 
1248 211.178121 269.402484 7.184392158477e-01 -2.606902125568e+00 9.000000000000e+00 
1249 206.629535 264.853898 7.188448100324e-01 -2.814105746331e+00 9.000000000000e+00 
1250 211.869158 270.093521 7.165354787949e-01 -2.713855539527e+00 9.000000000000e+00 
1251 206.527326 264.751689 7.183224312722e-01 -2.690106476601e+00 9.000000000000e+00 
1252 210.845625 269.069989 7.183501993833e-01 -2.649280879227e+00 9.000000000000e+00 
1253 209.711683 267.936046 7.177230314226e-01 -2.670241291549e+00 9.000000000000e+00 
1254 213.574569 271.798932 7.178206111552e-01 -2.786140291085e+00 9.000000000000e+00 
1255 211.032856 269.257219 7.176453204351e-01 -2.685040587785e+00 9.000000000000e+00 
1256 213.033681 271.258044 7.169439204291e-01 -2.675402950976e+00 9.000000000000e+00 
1257 214.883890 267.563076 5.927390008186e-01 -2.857363504060e+00 8.000000000000e+00 
1258 211.618027 264.297213 6.037330185021e-01 -2.800048176970e+00 8.000000000000e+00 
1259 215.241519 267.920705 5.861705683097e-01 -2.945604365440e+00 8.000000000000e+00 
1260 211.804483 264.483669 7.179528776362e-01 -2.894491616626e+00 8.000000000000e+00 
1261 213.857547 266.536732 5.773183514539e-01 -2.920618629977e+00 8.000000000000e+00 
1262 214.060734 266.739919 7.202867463451e-01 -2.891078999340e+00 8.000000000000e+00 
1263 215.603741 268.282926 7.237538519044e-01 -2.907161431386e+00 8.000000000000e+00 
1264 213.823527 266.502713 5.869663180782e-01 -2.791227861465e+00 8.000000000000e+00 
1265 213.024189 265.703374 5.970307515203e-01 -2.756786483719e+00 8.000000000000e+00 
1266 210.608596 263.287781 7.238610527813e-01 -2.844835123304e+00 8.000000000000e+00 
1267 214.358873 267.038058 5.866956345244e-01 -2.847702429515e+00 8.000000000000e+00 
1268 213.492035 266.171221 7.155301417037e-01 -2.893824690110e+00 8.000000000000e+00 
1269 215.246339 267.925525 5.798378842754e-01 -2.812888197441e+00 8.000000000000e+00 
1270 213.240344 265.919530 5.979464192741e-01 -2.824542195494e+00 8.000000000000e+00 
1271 208.965830 261.645015 5.974310117805e-01 -2.860426376836e+00 8.000000000000e+00 
1272 216.004708 268.683894 5.896027157539e-01 -2.804507837856e+00 8.000000000000e+00 
1273 215.357288 268.036474 5.875544431018e-01 -2.860572665102e+00 8.000000000000e+00 
1274 216.032166 268.711352 5.888753001347e-01 -2.819632142620e+00 8.000000000000e+00 
1275 214.370766 267.049952 7.205027420272e-01 -2.867927242104e+00 8.000000000000e+00 
1276 213.537577 266.216762 5.806714487655e-01 -2.734349790587e+00 8.000000000000e+00 
1277 216.908568 269.587753 5.833833304122e-01 -2.866493329349e+00 8.000000000000e+00 
1278 216.672742 269.351928 7.195354561991e-01 -2.879084147978e+00 8.000000000000e+00 
1279 217.533047 270.212233 7.210700870804e-01 -2.866595199534e+00 8.000000000000e+00 
1280 216.057821 268.737007 5.938218202391e-01 -2.835203427734e+00 8.000000000000e+00 
1281 212.988940 265.668126 5.831912131687e-01 -2.824081493715e+00 8.000000000000e+00 
1282 214.197618 266.876804 5.811164479185e-01 -2.845739866875e+00 8.000000000000e+00 
1283 217.287674 269.966860 5.840398303584e-01 -2.866536264202e+00 8.000000000000e+00 
1284 217.425193 270.104378 5.797347576908e-01 -2.883460092764e+00 8.000000000000e+00 
1285 216.170537 268.849723 5.841235260443e-01 -2.878854834106e+00 8.000000000000e+00 
1286 218.345901 271.025087 5.833322101250e-01 -2.880500420651e+00 8.000000000000e+00 
1287 212.641563 265.320749 7.209349626253e-01 -2.760164220052e+00 8.000000000000e+00 
1288 210.341176 263.020361 5.814773663889e-01 -2.933756476298e+00 8.000000000000e+00 
1289 216.277542 268.956727 5.916805284163e-01 -2.883358777788e+00 8.000000000000e+00 
1290 213.460856 266.140041 7.212762013352e-01 -2.842370890932e+00 8.000000000000e+00 
1291 216.473637 269.152823 7.216733089859e-01 -2.867302761136e+00 8.000000000000e+00 
1292 217.093833 269.773019 7.201195397277e-01 -2.884411195635e+00 8.000000000000e+00 
1293 214.652347 267.331533 7.224522596365e-01 -2.895812451516e+00 8.000000000000e+00 
1294 210.731918 263.411104 5.783528510968e-01 -2.900588112359e+00 8.000000000000e+00 
1295 215.595592 268.274778 5.885985005704e-01 -2.848351472838e+00 8.000000000000e+00 
1296 216.039977 268.719163 5.848219011554e-01 -2.887750940453e+00 8.000000000000e+00 
1297 215.437392 268.116578 7.198965291904e-01 -2.894610131440e+00 8.000000000000e+00 
1298 213.829531 266.508717 7.224944042853e-01 -2.904734495372e+00 8.000000000000e+00 
1299 212.824787 265.503972 5.778024255138e-01 -2.908110911988e+00 8.000000000000e+00 
1300 211.848136 264.527322 5.839306174868e-01 -2.873948599705e+00 8.000000000000e+00 
1301 209.519366 262.198552 5.736779691043e-01 -2.797856475857e+00 8.000000000000e+00 
1302 214.611669 267.290855 5.835128762642e-01 -2.727745901999e+00 8.000000000000e+00 
1303 214.476328 267.155514 5.947291089058e-01 -2.779471733981e+00 8.000000000000e+00 
1304 216.691810 269.370996 5.840604906114e-01 -2.845650409932e+00 8.000000000000e+00 
1305 217.112405 269.791591 5.917158101957e-01 -2.823072059785e+00 8.000000000000e+00 
1306 216.385357 269.064543 7.226526545897e-01 -2.831456908918e+00 8.000000000000e+00 
1307 217.578567 270.257753 5.877157461795e-01 -2.814109353212e+00 8.000000000000e+00 
1308 216.906449 269.585635 5.908639426424e-01 -2.748371001092e+00 8.000000000000e+00 
1309 216.614942 269.294128 5.885143050950e-01 -2.884580320780e+00 8.000000000000e+00 
1310 216.742500 269.421686 5.841505339994e-01 -2.785598190658e+00 8.000000000000e+00 
1311 216.756585 269.435770 5.844255047424e-01 -2.889553495967e+00 8.000000000000e+00 
1312 215.786665 268.465851 5.842281202236e-01 -2.750052298896e+00 8.000000000000e+00 
1313 215.154227 267.833413 5.802691432286e-01 -2.726179164416e+00 8.000000000000e+00 
1314 216.275101 268.954287 7.209319452869e-01 -2.754384356830e+00 8.000000000000e+00 
1315 216.630335 269.309520 5.879798028727e-01 -2.749962266491e+00 8.000000000000e+00 
1316 213.543574 266.222760 7.199326178093e-01 -2.710994735410e+00 8.000000000000e+00 
1317 214.343819 267.023004 5.778127597417e-01 -2.786417435850e+00 8.000000000000e+00 
1318 216.318177 268.997363 7.210909622647e-01 -2.788476846229e+00 8.000000000000e+00 
1319 217.968487 270.647672 5.892502981456e-01 -2.785903216608e+00 8.000000000000e+00 
1320 216.698846 269.378031 5.812102615927e-01 -2.861684700737e+00 8.000000000000e+00 
1321 218.089468 270.768653 5.869766475370e-01 -2.864753114450e+00 8.000000000000e+00 
1322 210.814984 263.494170 1.517419821782e-01 -2.868658026106e+00 8.000000000000e+00 
1323 215.439911 268.119097 7.178093818447e-01 -2.811464841198e+00 8.000000000000e+00 
1324 211.940995 264.620181 7.176178885039e-01 -2.903541809858e+00 8.000000000000e+00 
1325 212.456396 265.135582 5.969967004586e-01 -2.835012192026e+00 8.000000000000e+00 
1326 213.730116 266.409302 5.939491533509e-01 -2.946775608568e+00 8.000000000000e+00 
1327 209.465541 262.144727 7.135699925326e-01 -2.818581332528e+00 8.000000000000e+00 
1328 211.693383 264.372569 7.180264153587e-01 -2.804765816615e+00 8.000000000000e+00 
1329 214.564644 267.243829 7.197915722579e-01 -2.831759563559e+00 8.000000000000e+00 
1330 213.544773 266.223958 7.214911964216e-01 -2.743526686348e+00 8.000000000000e+00 
1331 210.520209 263.199395 7.174793219745e-01 -2.872087014054e+00 8.000000000000e+00 
1332 212.323703 265.002889 7.182782122997e-01 -2.808733253669e+00 8.000000000000e+00 
1333 212.382455 265.061640 5.758899385478e-01 -2.948170857418e+00 8.000000000000e+00 
1334 211.836350 264.515536 7.205688078655e-01 -2.891505561169e+00 8.000000000000e+00 
1335 212.819878 265.499063 5.950188639650e-01 -2.874076109229e+00 8.000000000000e+00 
1336 214.059629 266.738814 7.164579869716e-01 -2.862214884780e+00 8.000000000000e+00 
1337 215.170553 267.849739 7.209002929440e-01 -2.814282106657e+00 8.000000000000e+00 
1338 212.036270 264.715456 7.220971900938e-01 -2.945194557419e+00 8.000000000000e+00 
1339 209.462312 262.141498 7.194390650304e-01 -2.818429210664e+00 8.000000000000e+00 
1340 215.601854 268.281040 7.193362004531e-01 -2.833141895140e+00 8.000000000000e+00 
1341 214.021159 266.700344 7.171879284878e-01 -2.756471669064e+00 8.000000000000e+00 
1342 213.396986 266.076171 7.190756979080e-01 -2.930622654287e+00 8.000000000000e+00 
1343 213.503235 266.182421 7.202729789461e-01 -2.851057789944e+00 8.000000000000e+00 
1344 214.184892 266.864078 7.171890309276e-01 -2.869619041872e+00 8.000000000000e+00 
1345 213.828964 266.508150 7.209460168133e-01 -2.781772780650e+00 8.000000000000e+00 
1346 216.537230 269.216415 7.199929533678e-01 -2.791044601217e+00 8.000000000000e+00 
1347 214.186486 266.865672 5.843801889720e-01 -2.870866197966e+00 8.000000000000e+00 
1348 211.463173 264.142358 7.177538855743e-01 -2.835950554608e+00 8.000000000000e+00 
1349 215.007364 267.686550 5.822161222209e-01 -2.811421308025e+00 8.000000000000e+00 
1350 211.551829 264.231015 7.145288023461e-01 -2.929213681466e+00 8.000000000000e+00 
1351 215.576137 268.255323 7.180456261056e-01 -2.874355867655e+00 8.000000000000e+00 
1352 214.314127 266.993313 5.774188540581e-01 -2.901979553227e+00 8.000000000000e+00 
1353 217.949581 270.628767 5.858380895295e-01 -2.716067500976e+00 8.000000000000e+00 
1354 215.085652 267.764838 5.835191636251e-01 -2.783149214171e+00 8.000000000000e+00 
1355 219.234522 271.913708 5.862631604162e-01 -2.707748672275e+00 8.000000000000e+00 
1356 217.370612 270.049798 5.897620125438e-01 -2.758713955345e+00 8.000000000000e+00 
1357 215.768197 268.447383 7.206366184469e-01 -2.832033447921e+00 8.000000000000e+00 
1358 217.748146 270.427332 5.807234643859e-01 -2.712965617652e+00 8.000000000000e+00 
1359 218.728241 271.407427 7.188604720856e-01 -2.854574369897e+00 8.000000000000e+00 
1360 214.523753 267.202938 5.888828496366e-01 -2.774645720774e+00 8.000000000000e+00 
1361 214.472997 267.152183 5.872877525348e-01 -2.830670604645e+00 8.000000000000e+00 
1362 214.233135 266.912321 5.851954495808e-01 -2.870199179067e+00 8.000000000000e+00 
1363 216.184733 268.863919 7.211664182356e-01 -2.785335688400e+00 8.000000000000e+00 
1364 214.911311 267.590497 5.860876330294e-01 -2.748569525662e+00 8.000000000000e+00 
1365 215.971479 268.650665 5.893961648962e-01 -2.803202789490e+00 8.000000000000e+00 
1366 216.594073 269.273259 5.858383618626e-01 -2.858560154617e+00 8.000000000000e+00 
1367 212.548924 265.228110 5.917052158458e-01 -2.735975054712e+00 8.000000000000e+00 
1368 217.073090 269.752276 5.893547048109e-01 -2.705765789530e+00 8.000000000000e+00 
1369 215.797574 268.476759 5.860911748021e-01 -2.691985565896e+00 8.000000000000e+00 
1370 214.178594 266.857779 7.195206942188e-01 -2.818414867836e+00 8.000000000000e+00 
1371 217.914472 270.593658 7.200598993206e-01 -2.783172770420e+00 8.000000000000e+00 
1372 216.987554 269.666740 7.211325893669e-01 -2.741708740482e+00 8.000000000000e+00 
1373 212.894556 265.573742 7.197155032721e-01 -2.874634839464e+00 8.000000000000e+00 
1374 218.363087 271.042273 7.208141861491e-01 -2.786881800946e+00 8.000000000000e+00 
1375 217.820779 270.499965 5.796759787993e-01 -2.777509236395e+00 8.000000000000e+00 
1376 213.980753 266.659939 5.888620328101e-01 -2.866847863370e+00 8.000000000000e+00 
1377 218.672439 271.351625 5.877572447959e-01 -2.880467194222e+00 8.000000000000e+00 
1378 216.661791 269.340977 5.894201186864e-01 -2.674223342098e+00 8.000000000000e+00 
1379 215.615556 268.294742 7.195756525289e-01 -2.756091687025e+00 8.000000000000e+00 
1380 217.835591 270.514777 5.838503947188e-01 -2.646821658236e+00 8.000000000000e+00 
1381 214.801555 267.480741 5.775550604495e-01 -2.673981750988e+00 8.000000000000e+00 
1382 216.203899 268.883084 5.869073313189e-01 -2.813214693545e+00 8.000000000000e+00 
1383 215.286054 267.965240 5.849640862398e-01 -2.810372633340e+00 8.000000000000e+00 
1384 213.639747 266.318933 5.913580940934e-01 -2.769390043276e+00 8.000000000000e+00 
1385 215.674498 268.353684 5.813041927173e-01 -2.873205904152e+00 8.000000000000e+00 
1386 215.123467 267.802653 5.830226025937e-01 -2.806444606303e+00 8.000000000000e+00 
1387 214.144264 266.823449 5.897032040685e-01 -2.712484462936e+00 8.000000000000e+00 
1388 219.004669 271.683855 7.186780669524e-01 -2.784829207765e+00 8.000000000000e+00 
1389 212.475764 265.154950 7.205330089437e-01 -2.800450508483e+00 8.000000000000e+00 
1390 217.443107 270.122293 5.881757485883e-01 -2.751068669130e+00 8.000000000000e+00 
1391 215.383225 268.062410 7.200528775763e-01 -2.796192241925e+00 8.000000000000e+00 
1392 218.175620 270.854806 7.199672295226e-01 -2.821362826341e+00 8.000000000000e+00 
1393 213.919163 266.598349 5.809036724592e-01 -2.633926951886e+00 8.000000000000e+00 
1394 216.614186 269.293371 5.856453271739e-01 -2.839144332262e+00 8.000000000000e+00 
1395 214.567914 267.247100 5.843213996965e-01 -2.778430440373e+00 8.000000000000e+00 
1396 216.584132 269.263317 5.859637977726e-01 -2.814605553809e+00 8.000000000000e+00 
1397 213.965303 266.644488 5.855243744432e-01 -2.694037777852e+00 8.000000000000e+00 
1398 218.673273 271.352459 5.824224849824e-01 -2.744544711659e+00 8.000000000000e+00 
1399 217.705684 270.384870 5.856382770830e-01 -2.817151670762e+00 8.000000000000e+00 
1400 213.197070 265.876256 5.815702274601e-01 -2.740870264823e+00 8.000000000000e+00 
1401 215.121956 267.801142 5.833090441266e-01 -2.765379838157e+00 8.000000000000e+00 
1402 214.919157 267.598343 5.899803444041e-01 -2.840143054811e+00 8.000000000000e+00 
1403 215.153096 267.832281 5.891970603611e-01 -2.717362979717e+00 8.000000000000e+00 
1404 216.184712 268.863898 5.840601108584e-01 -2.818416894891e+00 8.000000000000e+00 
1405 215.357725 268.036911 7.198837527576e-01 -2.913620928650e+00 8.000000000000e+00 
1406 214.637249 267.316435 5.803041875477e-01 -2.758587373841e+00 8.000000000000e+00 
1407 211.379204 264.058390 7.171978754991e-01 -2.870435501338e+00 8.000000000000e+00 
1408 214.566426 267.245612 5.793649090123e-01 -2.769764401917e+00 8.000000000000e+00 
1409 216.052576 268.731762 5.839679488511e-01 -2.722453164023e+00 8.000000000000e+00 
1410 215.160184 267.839370 5.860775386238e-01 -2.728011078893e+00 8.000000000000e+00 
1411 217.441837 270.121022 7.188376522142e-01 -2.858020508609e+00 8.000000000000e+00 
1412 214.010435 266.689621 5.811341681189e-01 -2.795805783452e+00 8.000000000000e+00 
1413 217.001268 269.680453 5.868159158722e-01 -2.713429941996e+00 8.000000000000e+00 
1414 213.983962 266.663147 5.791006352999e-01 -2.677643286676e+00 8.000000000000e+00 
1415 215.760613 268.439798 5.859263854550e-01 -2.791915310726e+00 8.000000000000e+00 
1416 217.290066 269.969251 5.859991226132e-01 -2.785981488252e+00 8.000000000000e+00 
1417 216.432101 269.111287 5.828406562098e-01 -2.774116246640e+00 8.000000000000e+00 
1418 218.861922 271.541108 5.856136015098e-01 -2.812347300161e+00 8.000000000000e+00 
1419 214.498110 267.177296 5.856310065160e-01 -2.675704265041e+00 8.000000000000e+00 
1420 215.145817 267.825003 7.199281448562e-01 -2.768930157330e+00 8.000000000000e+00 
1421 214.649694 267.328880 7.215439037448e-01 -2.880821631766e+00 8.000000000000e+00 
1422 216.186473 268.865659 5.820199314387e-01 -2.740913837871e+00 8.000000000000e+00 
1423 213.450274 266.129460 5.826456775104e-01 -2.882492407159e+00 8.000000000000e+00 
1424 211.553187 264.232373 5.865637730536e-01 -2.852283103344e+00 8.000000000000e+00 
1425 212.107273 264.786459 5.836265738909e-01 -2.626982626339e+00 8.000000000000e+00 
1426 217.246152 269.925338 5.887557066342e-01 -2.833123478344e+00 8.000000000000e+00 
1427 212.274358 264.953543 5.821689720319e-01 -2.680129062366e+00 8.000000000000e+00 
1428 211.151551 263.830737 5.912003418225e-01 -2.789302349592e+00 8.000000000000e+00 
1429 214.864959 267.544145 5.823896379317e-01 -2.722334261164e+00 8.000000000000e+00 
1430 214.007493 266.686679 5.838041996710e-01 -2.755919361929e+00 8.000000000000e+00 
1431 215.509317 268.188503 5.830636161910e-01 -2.847508117211e+00 8.000000000000e+00 
1432 207.723111 260.402297 1.507781999460e-01 -2.831332070748e+00 8.000000000000e+00 
1433 213.665705 266.344890 5.784837425250e-01 -2.817584701155e+00 8.000000000000e+00 
1434 215.503293 268.182479 7.173313115276e-01 -2.782320342902e+00 8.000000000000e+00 
1435 218.187041 270.866227 5.828429697444e-01 -2.814332736085e+00 8.000000000000e+00 
1436 215.335312 268.014498 5.855251179943e-01 -2.710383379693e+00 8.000000000000e+00 
1437 217.022139 269.701325 5.825838341679e-01 -2.772718861809e+00 8.000000000000e+00 
1438 215.409593 268.088779 7.197140366345e-01 -2.789570944172e+00 8.000000000000e+00 
1439 217.356153 270.035339 5.806383372239e-01 -2.758619697005e+00 8.000000000000e+00 
1440 213.206728 265.885914 7.211634347578e-01 -2.721640812729e+00 8.000000000000e+00 
1441 210.358073 263.037259 5.813242032092e-01 -2.611345358044e+00 8.000000000000e+00 
1442 214.240975 266.920160 5.812788059683e-01 -2.834449827252e+00 8.000000000000e+00 
1443 214.102350 266.781536 5.769332789516e-01 -2.746520666343e+00 8.000000000000e+00 
1444 215.328206 268.007391 7.206504160183e-01 -2.802385135665e+00 8.000000000000e+00 
1445 215.209947 267.889133 5.802092326453e-01 -2.719685650803e+00 8.000000000000e+00 
1446 212.418186 265.097372 5.799831387034e-01 -2.786912223970e+00 8.000000000000e+00 
1447 212.583499 265.262684 5.751397421486e-01 -2.893577355461e+00 8.000000000000e+00 
1448 217.812571 270.491756 7.188819276553e-01 -2.825867695798e+00 8.000000000000e+00 
1449 212.242059 264.921245 5.784308972412e-01 -2.648944804041e+00 8.000000000000e+00 
1450 218.501981 271.181167 5.865170801467e-01 -2.839054020204e+00 8.000000000000e+00 
1451 215.785354 268.464539 5.840302864071e-01 -2.829968447855e+00 8.000000000000e+00 
1452 214.466782 267.145968 5.815748803970e-01 -2.753064085619e+00 8.000000000000e+00 
1453 215.280591 267.959777 5.844679008870e-01 -2.774630182288e+00 8.000000000000e+00 
1454 214.332135 267.011321 5.862526049775e-01 -2.723387262745e+00 8.000000000000e+00 
1455 212.232827 264.912013 7.208348547198e-01 -2.785219356175e+00 8.000000000000e+00 
1456 212.855583 265.534768 7.194198595173e-01 -2.856461589796e+00 8.000000000000e+00 
1457 215.734840 268.414026 7.209675829374e-01 -2.792947238264e+00 8.000000000000e+00 
1458 213.593027 266.272213 5.774753494494e-01 -2.739474185612e+00 8.000000000000e+00 
1459 215.881874 268.561059 7.197311876399e-01 -2.833914804562e+00 8.000000000000e+00 
1460 213.277919 265.957105 5.823519500094e-01 -2.753227802093e+00 8.000000000000e+00 
1461 213.543250 266.222435 5.831860816118e-01 -2.773557764307e+00 8.000000000000e+00 
1462 211.391626 264.070812 5.771890512624e-01 -2.654529998552e+00 8.000000000000e+00 
1463 214.053611 266.732797 5.826649031285e-01 -2.788948964683e+00 8.000000000000e+00 
1464 214.212647 266.891833 5.880374161311e-01 -2.811332628411e+00 8.000000000000e+00 
1465 213.380592 266.059778 5.758552025310e-01 -2.683414385776e+00 8.000000000000e+00 
1466 213.345574 266.024759 5.802246325616e-01 -2.896979267878e+00 8.000000000000e+00 
1467 213.835281 266.514467 7.179598673213e-01 -2.807548575162e+00 8.000000000000e+00 
1468 212.535443 265.214628 5.846664640756e-01 -2.752321485786e+00 8.000000000000e+00 
1469 213.486670 266.165855 5.767990232125e-01 -2.813158876727e+00 8.000000000000e+00 
1470 210.289843 262.969028 5.846030626165e-01 -2.912544449392e+00 8.000000000000e+00 
1471 213.775926 266.455112 7.168382353140e-01 -2.763588658822e+00 8.000000000000e+00 
1472 210.688869 263.368055 5.812703403388e-01 -2.845948690107e+00 8.000000000000e+00 
1473 213.759603 266.438789 5.731225014978e-01 -2.801592584250e+00 8.000000000000e+00 
1474 205.049276 257.728462 7.167515187127e-01 -2.675848317193e+00 8.000000000000e+00 
1475 215.339327 268.018513 7.144007427330e-01 -2.812773235000e+00 8.000000000000e+00 
1476 215.185851 267.865037 7.134964991542e-01 -2.867753984710e+00 8.000000000000e+00 
1477 210.081442 262.760628 5.792500128945e-01 -2.726171543225e+00 8.000000000000e+00 
1478 210.226191 262.905376 7.075568733287e-01 -2.843634906577e+00 8.000000000000e+00 
1479 212.582852 265.262038 7.180351091836e-01 -2.733342369632e+00 8.000000000000e+00 
1480 215.607800 268.286985 7.146523603224e-01 -2.813771780116e+00 8.000000000000e+00 
1481 213.565124 266.244310 7.183090604480e-01 -2.693674205335e+00 8.000000000000e+00 
1482 216.090392 268.769578 7.150124000450e-01 -2.810054290804e+00 8.000000000000e+00 
1483 216.454465 269.133651 7.148552328227e-01 -2.823906394707e+00 8.000000000000e+00 
1484 215.246329 267.925515 5.758826976913e-01 -2.817609894253e+00 8.000000000000e+00 
1485 212.359716 265.038902 7.151100669314e-01 -2.802520546887e+00 8.000000000000e+00 
1486 215.321486 268.000672 7.137695910856e-01 -2.727700024781e+00 8.000000000000e+00 
1487 213.887982 266.567168 5.765284433479e-01 -2.748225883428e+00 8.000000000000e+00 
1488 214.336181 267.015367 5.747722221617e-01 -2.789618699292e+00 8.000000000000e+00 
1489 214.516363 267.195549 7.159209635819e-01 -2.746633530892e+00 8.000000000000e+00 
1490 206.777859 259.457045 1.401346039305e-01 -2.893641004512e+00 8.000000000000e+00 
1491 215.780873 268.460059 7.143295146006e-01 -2.756062127925e+00 8.000000000000e+00 
1492 212.817668 265.496853 7.158053492898e-01 -2.733836856878e+00 8.000000000000e+00 
1493 216.770261 269.449447 7.141608543938e-01 -2.778450490599e+00 8.000000000000e+00 
1494 215.418963 268.098148 7.140569918195e-01 -2.806033540549e+00 8.000000000000e+00 
1495 211.526027 264.205212 7.123762894653e-01 -2.714247204003e+00 8.000000000000e+00 
1496 215.348059 268.027245 5.723301992616e-01 -2.740044834946e+00 8.000000000000e+00 
1497 209.780886 262.460072 5.767089622900e-01 -2.716307395161e+00 8.000000000000e+00 
1498 212.382163 265.061349 7.176502021649e-01 -2.734380366952e+00 8.000000000000e+00 
1499 215.205872 267.885057 7.153601644284e-01 -2.760279423299e+00 8.000000000000e+00 
1500 216.629052 269.308238 7.135551317770e-01 -2.750587020259e+00 8.000000000000e+00 
1501 215.524040 268.203226 7.149429234191e-01 -2.819495012697e+00 8.000000000000e+00 
1502 215.719957 268.399143 7.148399755798e-01 -2.764581544319e+00 8.000000000000e+00 
1503 207.447901 260.127086 7.166111144051e-01 -2.571630771658e+00 8.000000000000e+00 
1504 213.434002 266.113188 7.159987615675e-01 -2.844178511440e+00 8.000000000000e+00 
1505 212.833651 265.512837 5.787946735150e-01 -2.784755369249e+00 8.000000000000e+00 
1506 215.423866 268.103052 7.151210185141e-01 -2.831826858261e+00 8.000000000000e+00 
1507 213.971523 266.650709 7.157029695498e-01 -2.745006485664e+00 8.000000000000e+00 
1508 214.817464 267.496650 7.149339177099e-01 -2.744956531441e+00 8.000000000000e+00 
1509 214.805063 267.484249 5.741640229017e-01 -2.760568207502e+00 8.000000000000e+00 
1510 211.634869 264.314054 7.152333966260e-01 -2.712366128705e+00 8.000000000000e+00 
1511 213.115651 265.794837 7.127008336978e-01 -2.761720889100e+00 8.000000000000e+00 
1512 215.028930 267.708116 7.144591876485e-01 -2.684519517984e+00 8.000000000000e+00 
1513 210.712679 263.391865 7.137895710209e-01 -2.782935896833e+00 8.000000000000e+00 
1514 210.703752 263.382937 7.153571493635e-01 -2.713662363310e+00 8.000000000000e+00 
1515 216.295174 268.974359 7.148150715691e-01 -2.846987791361e+00 8.000000000000e+00 
1516 214.438954 267.118140 5.780621971690e-01 -2.855504030262e+00 8.000000000000e+00 
1517 207.306375 259.985561 5.742940174240e-01 -2.776715590626e+00 8.000000000000e+00 
1518 215.924876 268.604062 7.187475132654e-01 -2.825323955026e+00 8.000000000000e+00 
1519 211.196553 263.875738 7.171302792637e-01 -2.817871206240e+00 8.000000000000e+00 
1520 210.253178 262.932364 5.806873181304e-01 -2.942752189254e+00 8.000000000000e+00 
1521 217.278754 269.957940 5.761205807751e-01 -2.807449274410e+00 8.000000000000e+00 
1522 214.352460 267.031645 5.867055720158e-01 -2.810207372661e+00 8.000000000000e+00 
1523 216.833609 269.512795 5.892389141125e-01 -2.695064894661e+00 8.000000000000e+00 
1524 211.649345 264.328530 7.202087301921e-01 -2.807053004255e+00 8.000000000000e+00 
1525 216.426980 269.106166 5.871857685335e-01 -2.611539358946e+00 8.000000000000e+00 
1526 215.254490 267.933676 5.885119955386e-01 -2.730258491910e+00 8.000000000000e+00 
1527 214.732622 267.411807 5.892560688631e-01 -2.811099588759e+00 8.000000000000e+00 
1528 215.766917 268.446103 5.933944053638e-01 -2.709415901722e+00 8.000000000000e+00 
1529 216.150494 268.829679 5.883633184780e-01 -2.721247246656e+00 8.000000000000e+00 
1530 213.194263 265.873449 7.185546878809e-01 -2.768876108922e+00 8.000000000000e+00 
1531 218.778126 271.457311 5.905764967213e-01 -2.699858375471e+00 8.000000000000e+00 
1532 217.648102 270.327287 5.900492269349e-01 -2.747879254010e+00 8.000000000000e+00 
1533 212.949802 265.628988 5.894871834062e-01 -2.690683801202e+00 8.000000000000e+00 
1534 215.363760 268.042946 5.884540773909e-01 -2.768925817765e+00 8.000000000000e+00 
1535 215.268884 267.948070 5.869411347111e-01 -2.740880261579e+00 8.000000000000e+00 
1536 215.577051 268.256237 5.921942794038e-01 -2.739372185829e+00 8.000000000000e+00 
1537 213.160352 265.839538 7.215407427375e-01 -2.798298503321e+00 8.000000000000e+00 
1538 216.312877 268.992063 5.945234453452e-01 -2.753063159493e+00 8.000000000000e+00 
1539 210.002332 262.681518 5.930846185432e-01 -2.802598390262e+00 8.000000000000e+00 
1540 213.212386 265.891572 5.848482475067e-01 -2.698209628379e+00 8.000000000000e+00 
1541 217.489787 270.168973 5.884134642181e-01 -2.727878723495e+00 8.000000000000e+00 
1542 214.813999 267.493185 7.201278862462e-01 -2.824335302151e+00 8.000000000000e+00 
1543 212.290236 264.969421 5.909347696839e-01 -2.671352822404e+00 8.000000000000e+00 
1544 217.231145 269.910331 5.931943017970e-01 -2.812022868044e+00 8.000000000000e+00 
1545 213.876572 266.555758 5.942130293695e-01 -2.748779825293e+00 8.000000000000e+00 
1546 212.754887 265.434073 5.936261998330e-01 -2.754863933976e+00 8.000000000000e+00 
1547 213.598303 266.277489 5.921681688171e-01 -2.790934207350e+00 8.000000000000e+00 
1548 215.414062 268.093247 5.901839091863e-01 -2.669889246017e+00 8.000000000000e+00 
1549 213.120004 265.799189 5.878395736832e-01 -2.661912966285e+00 8.000000000000e+00 
1550 212.145008 264.824194 5.896292793545e-01 -2.715517283931e+00 8.000000000000e+00 
1551 216.977433 269.656619 5.882946125101e-01 -2.673517233037e+00 8.000000000000e+00 
1552 216.073146 268.752332 5.899662276221e-01 -2.721096239605e+00 8.000000000000e+00 
1553 213.953476 266.632661 5.857982251362e-01 -2.734163340523e+00 8.000000000000e+00 
1554 215.013971 267.693156 5.856706962435e-01 -2.784114606859e+00 8.000000000000e+00 
1555 217.217132 269.896318 5.928768273507e-01 -2.755718529683e+00 8.000000000000e+00 
1556 215.380055 268.059241 5.907421436380e-01 -2.727314941840e+00 8.000000000000e+00 
1557 215.203429 267.882614 5.909643494047e-01 -2.672746681111e+00 8.000000000000e+00 
1558 214.126261 266.805447 5.925716107064e-01 -2.741631171135e+00 8.000000000000e+00 
1559 217.029501 269.708687 5.882403053459e-01 -2.767267773635e+00 8.000000000000e+00 
1560 216.501397 269.180582 5.900794811564e-01 -2.773797402476e+00 8.000000000000e+00 
1561 216.017869 268.697055 5.915404417753e-01 -2.667763106415e+00 8.000000000000e+00 
1562 216.254967 268.934153 5.900798548010e-01 -2.753807123825e+00 8.000000000000e+00 
1563 216.970117 269.649302 5.895849386158e-01 -2.748802621795e+00 8.000000000000e+00 
1564 215.410330 268.089515 5.941165864337e-01 -2.766451301222e+00 8.000000000000e+00 
1565 216.999458 269.678644 7.163272920308e-01 -2.858527831392e+00 8.000000000000e+00 
1566 212.554467 265.233653 5.769801120773e-01 -2.725984684346e+00 8.000000000000e+00 
1567 214.255005 266.934190 5.825990815717e-01 -2.808529163864e+00 8.000000000000e+00 
1568 213.533388 266.212574 7.219714656983e-01 -2.860733938305e+00 8.000000000000e+00 
1569 216.556632 269.235818 5.823543620225e-01 -2.843516999643e+00 8.000000000000e+00 
1570 214.834751 267.513937 5.780077228281e-01 -2.915965798491e+00 8.000000000000e+00 
1571 214.441272 267.120458 7.204670740652e-01 -2.753607878178e+00 8.000000000000e+00 
1572 215.885038 268.564223 5.846276220441e-01 -2.601591683791e+00 8.000000000000e+00 
1573 216.305294 268.984480 5.854269584435e-01 -2.835042350255e+00 8.000000000000e+00 
1574 213.642672 266.321858 5.949952030692e-01 -2.793485378745e+00 8.000000000000e+00 
1575 217.195335 269.874520 5.878318082821e-01 -2.688729866977e+00 8.000000000000e+00 
1576 218.325784 271.004969 5.908421163814e-01 -2.743295648804e+00 8.000000000000e+00 
1577 216.087579 268.766765 5.889314896808e-01 -2.769734974540e+00 8.000000000000e+00 
1578 212.071350 264.750536 5.911596371604e-01 -2.814632101616e+00 8.000000000000e+00 
1579 213.292205 265.971391 5.933150600040e-01 -2.739157773974e+00 8.000000000000e+00 
1580 214.065387 266.744573 5.874682508171e-01 -2.656934447684e+00 8.000000000000e+00 
1581 214.034487 266.713672 5.866881176096e-01 -2.755834674374e+00 8.000000000000e+00 
1582 213.640621 266.319807 5.844330349405e-01 -2.721934592468e+00 8.000000000000e+00 
1583 213.721956 266.401142 5.926081857594e-01 -2.660827318818e+00 8.000000000000e+00 
1584 211.997952 264.677138 5.870283537032e-01 -2.672792859924e+00 8.000000000000e+00 
1585 213.395013 266.074199 5.858453960626e-01 -2.655237013474e+00 8.000000000000e+00 
1586 215.552613 268.231799 5.893004957479e-01 -2.808299870386e+00 8.000000000000e+00 
1587 214.372192 267.051377 5.836430524189e-01 -2.702691446946e+00 8.000000000000e+00 
1588 214.128793 266.807979 5.914487833760e-01 -2.785164345147e+00 8.000000000000e+00 
1589 210.816716 263.495902 5.873669135296e-01 -2.889593060657e+00 8.000000000000e+00 
1590 208.813791 261.492977 5.870585789070e-01 -2.616503726593e+00 8.000000000000e+00 
1591 212.500518 265.179704 7.196830414968e-01 -2.810013425967e+00 8.000000000000e+00 
1592 210.840633 263.519818 5.904925687225e-01 -2.794556635639e+00 8.000000000000e+00 
1593 212.797946 265.477131 5.861774136474e-01 -2.674285773123e+00 8.000000000000e+00 
1594 211.395070 264.074256 5.937251881850e-01 -2.859312540394e+00 8.000000000000e+00 
1595 208.311150 260.990336 5.830360918929e-01 -2.671735297719e+00 8.000000000000e+00 
1596 207.530410 260.209596 7.203266034876e-01 -2.778782172824e+00 8.000000000000e+00 
1597 209.589869 262.269054 7.215703165272e-01 -2.790104656692e+00 8.000000000000e+00 
1598 212.684345 265.363531 5.851175152232e-01 -2.748351703383e+00 8.000000000000e+00 
1599 211.582801 264.261986 5.858546183168e-01 -2.789180364542e+00 8.000000000000e+00 
1600 211.157603 263.836788 5.839026069628e-01 -2.775608847602e+00 8.000000000000e+00 
1601 208.014429 260.693615 5.975639239402e-01 -2.878135048542e+00 8.000000000000e+00 
1602 211.773878 264.453064 5.890870983810e-01 -2.866730348512e+00 8.000000000000e+00 
1603 210.344531 263.023717 5.918043250103e-01 -2.741519717193e+00 8.000000000000e+00 
1604 207.347971 260.027157 5.838253363101e-01 -2.580183351294e+00 8.000000000000e+00 
1605 213.379296 266.058481 5.870032169740e-01 -2.781385348243e+00 8.000000000000e+00 
1606 211.751416 264.430602 5.852318783367e-01 -2.849152141991e+00 8.000000000000e+00 
1607 208.372044 261.051230 7.227074126454e-01 -2.862948943924e+00 8.000000000000e+00 
1608 210.930267 263.609453 7.182868943068e-01 -2.746440860251e+00 8.000000000000e+00 
1609 208.486363 261.165549 7.195385034319e-01 -2.741825716102e+00 8.000000000000e+00 
1610 211.157318 263.836504 5.860229384043e-01 -2.806863032067e+00 8.000000000000e+00 
1611 212.050320 264.729506 7.179197928410e-01 -2.823754888907e+00 8.000000000000e+00 
1612 211.829581 264.508767 5.845415952035e-01 -2.841088448514e+00 8.000000000000e+00 
1613 211.981051 264.660237 5.826112788459e-01 -2.858222722865e+00 8.000000000000e+00 
1614 212.384991 265.064177 5.849733268728e-01 -2.811081032512e+00 8.000000000000e+00 
1615 209.615037 262.294223 5.810441864610e-01 -2.748279025625e+00 8.000000000000e+00 
1616 211.907516 264.586702 5.838852497749e-01 -2.816425939601e+00 8.000000000000e+00 
1617 203.018997 255.698183 5.922438761778e-01 -2.742941249475e+00 8.000000000000e+00 
1618 209.187788 261.866974 5.804859659098e-01 -2.682706773478e+00 8.000000000000e+00 
1619 208.568943 261.248129 7.164655335490e-01 -2.852158308393e+00 8.000000000000e+00 
1620 212.770893 265.450079 5.838111975111e-01 -2.748638899464e+00 8.000000000000e+00 
1621 209.529730 262.208915 5.746481299145e-01 -2.751879071486e+00 8.000000000000e+00 
1622 211.471058 264.150244 7.186387532507e-01 -2.835224772498e+00 8.000000000000e+00 
1623 208.977671 261.656857 5.779784302723e-01 -2.712533263074e+00 8.000000000000e+00 
1624 213.262959 265.942145 7.185370929422e-01 -2.829517851317e+00 8.000000000000e+00 
1625 213.127455 265.806641 7.182086525686e-01 -2.906636533135e+00 8.000000000000e+00 
1626 212.353036 265.032222 5.846872772231e-01 -2.793102350130e+00 8.000000000000e+00 
1627 211.619199 264.298385 5.905179823303e-01 -2.840872132635e+00 8.000000000000e+00 
1628 209.442479 262.121665 5.864234847001e-01 -2.767522340681e+00 8.000000000000e+00 
1629 211.019032 263.698218 5.878300481047e-01 -2.701808335619e+00 8.000000000000e+00 
1630 213.176496 265.855682 5.887015341596e-01 -2.705661467404e+00 8.000000000000e+00 
1631 213.092238 265.771424 7.195609747408e-01 -2.802176535158e+00 8.000000000000e+00 
1632 209.568423 262.247609 5.906979328683e-01 -2.659750393115e+00 8.000000000000e+00 
1633 210.054137 262.733323 5.850660899267e-01 -2.605690156009e+00 8.000000000000e+00 
1634 212.175070 264.854255 5.865711036504e-01 -2.758646586290e+00 8.000000000000e+00 
1635 211.873303 264.552489 7.209492171604e-01 -2.736403830730e+00 8.000000000000e+00 
1636 206.012433 258.691619 5.870367729268e-01 -2.678090763742e+00 8.000000000000e+00 
1637 210.747467 263.426653 5.856845311146e-01 -2.769147010850e+00 8.000000000000e+00 
1638 209.795662 262.474848 7.178860663262e-01 -2.736000516186e+00 8.000000000000e+00 
1639 211.958895 264.638080 5.831039535903e-01 -2.698978326786e+00 8.000000000000e+00 
1640 212.329023 265.008209 1.358668317187e-01 -2.809666066244e+00 8.000000000000e+00 
1641 206.146470 258.825656 5.810148139126e-01 -2.937072024733e+00 8.000000000000e+00 
1642 210.807147 263.486333 1.354626492662e-01 -2.933967790045e+00 8.000000000000e+00 
1643 207.045929 259.725115 5.806247129885e-01 -2.644067154891e+00 8.000000000000e+00 
1644 211.199599 263.878784 5.846427319620e-01 -2.767395386724e+00 8.000000000000e+00 
1645 213.356739 266.035925 7.167750549850e-01 -2.813936319030e+00 8.000000000000e+00 
1646 210.022142 262.701328 5.843315859489e-01 -2.748000177082e+00 8.000000000000e+00 
1647 210.598224 263.277410 5.881216109032e-01 -2.753967417944e+00 8.000000000000e+00 
1648 210.868516 263.547702 5.829866151649e-01 -2.842152383529e+00 8.000000000000e+00 
1649 210.864880 263.544066 5.871414368642e-01 -2.884619867362e+00 8.000000000000e+00 
1650 205.753010 258.432196 5.851057020882e-01 -2.684537672172e+00 8.000000000000e+00 
1651 213.340502 266.019687 5.886393313141e-01 -2.816732590956e+00 8.000000000000e+00 
1652 211.293529 263.972715 7.188451299027e-01 -2.832600196650e+00 8.000000000000e+00 
1653 208.106155 260.785340 5.826289101191e-01 -2.715214524065e+00 8.000000000000e+00 
1654 211.611352 264.290538 7.172995920296e-01 -2.868226718724e+00 8.000000000000e+00 
1655 212.120134 264.799320 5.825741252306e-01 -2.697088708382e+00 8.000000000000e+00 
1656 210.815582 263.494767 7.204001286777e-01 -2.817637055480e+00 8.000000000000e+00 
1657 211.943495 264.622680 5.811259283052e-01 -2.719867683917e+00 8.000000000000e+00 
1658 206.254570 258.933756 5.780636203014e-01 -2.840580053258e+00 8.000000000000e+00 
1659 211.711693 264.390878 7.143142258019e-01 -2.753257078422e+00 8.000000000000e+00 
1660 208.727252 261.406438 5.771450014387e-01 -2.748745741616e+00 8.000000000000e+00 
1661 213.192154 265.871340 7.154986261949e-01 -2.859055688661e+00 8.000000000000e+00 
1662 211.951870 264.631056 5.756375162156e-01 -2.767809468848e+00 8.000000000000e+00 
1663 212.730371 265.409557 7.112597136060e-01 -2.790202979195e+00 8.000000000000e+00 
1664 204.722322 257.401508 5.900452733127e-01 -2.793240425610e+00 8.000000000000e+00 
1665 213.201310 265.880496 7.164931827063e-01 -2.803547697134e+00 8.000000000000e+00 
1666 212.195675 264.874860 7.149589134942e-01 -2.733632155452e+00 8.000000000000e+00 
1667 213.661454 266.340640 5.820532202321e-01 -2.802280543073e+00 8.000000000000e+00 
1668 213.161515 265.840701 5.811975066366e-01 -2.763384580566e+00 8.000000000000e+00 
1669 213.090425 265.769611 5.796434693058e-01 -2.710774599533e+00 8.000000000000e+00 
1670 213.137685 265.816871 5.882614183279e-01 -2.843149206937e+00 8.000000000000e+00 
1671 212.826061 265.505247 5.893135687541e-01 -2.864076233271e+00 8.000000000000e+00 
1672 211.152021 263.831206 7.142293002558e-01 -2.830198619471e+00 8.000000000000e+00 
1673 211.561117 264.240303 5.810497922616e-01 -2.683808428820e+00 8.000000000000e+00 
1674 213.339517 266.018703 5.861717673845e-01 -2.726317748628e+00 8.000000000000e+00 
1675 213.866807 266.545993 7.162871808671e-01 -2.754743862959e+00 8.000000000000e+00 
1676 210.445664 263.124850 7.153680667364e-01 -2.725321867894e+00 8.000000000000e+00 
1677 212.293821 264.973007 5.829431257634e-01 -2.792532542617e+00 8.000000000000e+00 
1678 209.785568 262.464754 5.796801131302e-01 -2.731553374948e+00 8.000000000000e+00 
1679 213.775743 266.454929 5.798009036363e-01 -2.751716721278e+00 8.000000000000e+00 
1680 213.114528 265.793714 5.789938629762e-01 -2.789605373774e+00 8.000000000000e+00 
1681 211.390333 264.069519 5.843181045061e-01 -2.796589345318e+00 8.000000000000e+00 
1682 214.758694 267.437880 7.157566159289e-01 -2.880063748706e+00 8.000000000000e+00 
1683 211.734464 264.413650 7.124262984645e-01 -2.845244637177e+00 8.000000000000e+00 
1684 210.742754 263.421940 5.913402714636e-01 -2.795731706806e+00 8.000000000000e+00 
1685 213.972052 266.651238 7.149230049664e-01 -2.781667332180e+00 8.000000000000e+00 
1686 213.675039 266.354225 5.811974679668e-01 -2.775311829961e+00 8.000000000000e+00 
1687 211.793784 264.472969 7.150665577934e-01 -2.762890037352e+00 8.000000000000e+00 
1688 210.935865 263.615051 7.122160974032e-01 -2.726508795223e+00 8.000000000000e+00 
1689 208.636054 261.315240 5.743404427304e-01 -2.703130006513e+00 8.000000000000e+00 
1690 214.127101 266.806287 5.807295689932e-01 -2.784639718222e+00 8.000000000000e+00 
1691 215.083601 267.762786 7.158236082453e-01 -2.809614199339e+00 8.000000000000e+00 
1692 210.207305 262.886491 5.823411811586e-01 -2.755802282068e+00 8.000000000000e+00 
1693 213.710090 266.389276 7.156740948973e-01 -2.740756467667e+00 8.000000000000e+00 
1694 214.263490 266.942676 5.937328358022e-01 -2.576945555573e+00 8.000000000000e+00 
1695 213.267342 265.946528 5.967148753437e-01 -2.625016192259e+00 8.000000000000e+00 
1696 212.996798 265.675984 5.986656674358e-01 -2.687876560267e+00 8.000000000000e+00 
1697 214.321307 267.000492 5.944845840275e-01 -2.596810600067e+00 8.000000000000e+00 
1698 214.401591 267.080776 5.934075304345e-01 -2.634558680817e+00 8.000000000000e+00 
1699 209.011923 261.691109 7.170740407852e-01 -2.697732398775e+00 8.000000000000e+00 
1700 212.581593 265.260779 5.942025950887e-01 -2.641784851967e+00 8.000000000000e+00 
1701 209.917466 262.596652 5.951818409541e-01 -2.581127728855e+00 8.000000000000e+00 
1702 212.208903 264.888089 5.970364913377e-01 -2.807228533298e+00 8.000000000000e+00 
1703 211.100347 263.779533 5.818153676350e-01 -2.636602718133e+00 8.000000000000e+00 
1704 209.704015 262.383201 5.800214269006e-01 -2.807871034546e+00 8.000000000000e+00 
1705 213.719628 266.398814 7.147586842406e-01 -2.836204984913e+00 8.000000000000e+00 
1706 211.055697 263.734882 7.150706410355e-01 -2.745297846772e+00 8.000000000000e+00 
1707 211.433874 264.113059 7.124527268458e-01 -2.828137026388e+00 8.000000000000e+00 
1708 208.248398 260.927584 7.184206414650e-01 -2.804585433424e+00 8.000000000000e+00 
1709 207.871792 260.550978 5.754751853805e-01 -2.755051234571e+00 8.000000000000e+00 
1710 210.756801 263.435987 5.773354597530e-01 -2.781034053001e+00 8.000000000000e+00 
1711 205.804559 258.483745 5.796185407875e-01 -2.793728370923e+00 8.000000000000e+00 
1712 209.927850 262.607035 5.796591893919e-01 -2.849280257300e+00 8.000000000000e+00 
1713 209.249513 261.928699 7.087509568095e-01 -2.778405890699e+00 8.000000000000e+00 
1714 208.502860 261.182046 7.149246308596e-01 -2.687034468700e+00 8.000000000000e+00 
1715 210.391112 263.070298 5.910369338695e-01 -2.852914688030e+00 8.000000000000e+00 
1716 210.724266 263.403452 7.139238418711e-01 -2.829692755555e+00 8.000000000000e+00 
1717 212.077327 264.756513 5.827101810568e-01 -2.772869563073e+00 8.000000000000e+00 
1718 206.150884 258.830070 7.131641677390e-01 -2.711899936439e+00 8.000000000000e+00 
1719 211.547870 264.227056 7.142355756084e-01 -2.763686382618e+00 8.000000000000e+00 
1720 207.099572 259.778758 5.848376896727e-01 -2.739233861638e+00 8.000000000000e+00 
1721 211.611138 264.290323 7.153811775295e-01 -2.816749672916e+00 8.000000000000e+00 
1722 212.889860 265.569045 5.789806674698e-01 -2.805043302834e+00 8.000000000000e+00 
1723 213.356988 266.036174 1.502275515600e-01 -2.879062286995e+00 8.000000000000e+00 
1724 212.151836 264.831022 7.180273143060e-01 -2.817127082134e+00 8.000000000000e+00 
1725 209.592058 262.271244 7.133639580075e-01 -2.758457775630e+00 8.000000000000e+00 
1726 212.951384 265.630570 5.836609047094e-01 -2.898016385221e+00 8.000000000000e+00 
1727 212.291215 264.970400 5.764989883147e-01 -2.791934457868e+00 8.000000000000e+00 
1728 216.518092 269.197278 5.788664633784e-01 -2.820229441631e+00 8.000000000000e+00 
1729 213.171428 265.850613 7.127804558071e-01 -2.924904004943e+00 8.000000000000e+00 
1730 213.475531 266.154717 7.115170053696e-01 -2.761151376419e+00 8.000000000000e+00 
1731 213.116385 265.795571 7.110153184839e-01 -2.812743504773e+00 8.000000000000e+00 
1732 211.823963 264.503149 7.091640895540e-01 -2.830542256314e+00 8.000000000000e+00 
1733 211.449425 264.128611 7.135901117475e-01 -2.739207307991e+00 8.000000000000e+00 
1734 214.924912 267.604098 5.710750458031e-01 -2.855585489689e+00 8.000000000000e+00 
1735 213.017430 265.696615 7.133459462315e-01 -2.767644131979e+00 8.000000000000e+00 
1736 213.366513 266.045699 7.165070871026e-01 -2.685331312453e+00 8.000000000000e+00 
1737 217.681665 270.360851 5.817596681267e-01 -2.838863827791e+00 8.000000000000e+00 
1738 214.645134 267.324320 7.164906513720e-01 -2.740707013217e+00 8.000000000000e+00 
1739 212.545080 265.224266 5.802567632010e-01 -2.712781777810e+00 8.000000000000e+00 
1740 216.146507 268.825692 7.128731515355e-01 -2.805243876865e+00 8.000000000000e+00 
1741 214.023062 266.702247 7.130562629214e-01 -2.861360439678e+00 8.000000000000e+00 
1742 213.813786 266.492972 7.180020286839e-01 -2.736701057088e+00 8.000000000000e+00 
1743 210.148283 262.827468 5.902729318270e-01 -2.771686286795e+00 8.000000000000e+00 
1744 213.183577 265.862763 5.808681440909e-01 -2.760393420169e+00 8.000000000000e+00 
1745 214.712728 267.391914 7.162122535188e-01 -2.759184132073e+00 8.000000000000e+00 
1746 213.147115 265.826300 7.115095182743e-01 -2.766461960910e+00 8.000000000000e+00 
1747 213.820747 266.499933 5.809085184166e-01 -2.896455532109e+00 8.000000000000e+00 
1748 216.154968 268.834153 7.162662784304e-01 -2.800528735641e+00 8.000000000000e+00 
1749 211.969916 264.649102 5.860603872853e-01 -2.762153582006e+00 8.000000000000e+00 
1750 216.301460 268.980645 5.849391518629e-01 -2.784649259611e+00 8.000000000000e+00 
1751 213.848846 266.528032 7.150051562797e-01 -2.764028398101e+00 8.000000000000e+00 
1752 216.053193 268.732379 7.172751820649e-01 -2.770755016750e+00 8.000000000000e+00 
1753 217.310299 269.989485 5.782377461908e-01 -2.824641815040e+00 8.000000000000e+00 
1754 213.409854 266.089040 7.149228547720e-01 -2.835421115816e+00 8.000000000000e+00 
1755 211.093441 263.772627 7.118652694542e-01 -2.774373811551e+00 8.000000000000e+00 
1756 217.043760 269.722945 7.134997819805e-01 -2.802120319490e+00 8.000000000000e+00 
1757 215.215488 267.894674 7.149136304914e-01 -2.819889443551e+00 8.000000000000e+00 
1758 217.273343 269.952529 7.155659184854e-01 -2.784894424705e+00 8.000000000000e+00 
1759 213.994163 266.673349 5.745243030621e-01 -2.844622576433e+00 8.000000000000e+00 
1760 215.804890 268.484076 7.131241175083e-01 -2.930503430901e+00 8.000000000000e+00 
1761 217.600523 270.279709 5.788489217887e-01 -2.834429273574e+00 8.000000000000e+00 
1762 216.818477 269.497662 5.844077234231e-01 -2.869519153024e+00 8.000000000000e+00 
1763 213.800575 266.479761 7.132531420304e-01 -2.791651517874e+00 8.000000000000e+00 
1764 213.700757 266.379943 5.819875766114e-01 -2.852330935495e+00 8.000000000000e+00 
1765 215.319021 267.998206 5.835035370908e-01 -2.814440891408e+00 8.000000000000e+00 
1766 213.398018 266.077204 7.144240953793e-01 -2.809099441206e+00 8.000000000000e+00 
1767 212.599660 265.278845 7.093660391799e-01 -2.800403903254e+00 8.000000000000e+00 
1768 212.195997 264.875183 7.072680807722e-01 -2.800698432550e+00 8.000000000000e+00 
1769 213.844060 266.523246 7.141974833565e-01 -2.867301920457e+00 8.000000000000e+00 
1770 214.144924 266.824110 7.130059987034e-01 -2.894149473966e+00 8.000000000000e+00 
1771 213.744142 266.423328 7.146740906673e-01 -2.881349751712e+00 8.000000000000e+00 
1772 211.551009 264.230194 7.127551850428e-01 -2.914661366233e+00 8.000000000000e+00 
1773 214.389850 267.069036 7.129981918649e-01 -2.747119486425e+00 8.000000000000e+00 
1774 215.470759 268.149944 7.127822103527e-01 -2.767220566129e+00 8.000000000000e+00 
1775 211.699428 264.378614 5.880061740971e-01 -2.845852798464e+00 8.000000000000e+00 
1776 211.252578 263.931764 5.892903763225e-01 -2.826411558469e+00 8.000000000000e+00 
1777 212.468381 265.147566 7.121381117366e-01 -2.934381600104e+00 8.000000000000e+00 
1778 212.187305 264.866491 7.095491790219e-01 -2.836900416653e+00 8.000000000000e+00 
1779 212.071933 264.751119 7.098288020474e-01 -2.884291081891e+00 8.000000000000e+00 
1780 210.054624 262.733810 5.843687832003e-01 -2.822304305815e+00 8.000000000000e+00 
1781 208.079089 260.758275 5.915823658768e-01 -2.929026719872e+00 8.000000000000e+00 
1782 207.488032 260.167218 7.098715541833e-01 -2.922817252555e+00 8.000000000000e+00 
1783 208.811764 261.490950 7.120099549943e-01 -2.836730851643e+00 8.000000000000e+00 
1784 209.861585 262.540770 5.794630752418e-01 -2.788025176605e+00 8.000000000000e+00 
1785 209.499505 262.178691 7.101309329669e-01 -2.878364362990e+00 8.000000000000e+00 
1786 210.550716 263.229902 5.872728065572e-01 -2.846823366925e+00 8.000000000000e+00 
1787 212.896275 265.575460 5.760233372957e-01 -2.930072192564e+00 8.000000000000e+00 
1788 209.468864 262.148050 7.142921619094e-01 -2.899289031385e+00 8.000000000000e+00 
1789 211.772019 264.451205 5.949120009615e-01 -2.872824122815e+00 8.000000000000e+00 
1790 209.287621 261.966806 5.818011105892e-01 -2.887966127596e+00 8.000000000000e+00 
1791 209.596446 262.275631 7.150380022945e-01 -2.773835106616e+00 8.000000000000e+00 
1792 212.509846 265.189031 7.096888458426e-01 -2.923963224858e+00 8.000000000000e+00 
1793 205.446894 258.126080 5.762834928253e-01 -2.810568073079e+00 8.000000000000e+00 
1794 209.514494 262.193680 5.720283332496e-01 -2.855328237299e+00 8.000000000000e+00 
1795 214.141365 266.820550 7.108216315393e-01 -2.868602451833e+00 8.000000000000e+00 
1796 211.686278 264.365463 5.806350121266e-01 -2.918730899741e+00 8.000000000000e+00 
1797 209.602615 262.281801 5.840229487248e-01 -2.823056051131e+00 8.000000000000e+00 
1798 212.404611 265.083797 5.817929422613e-01 -2.881617727654e+00 8.000000000000e+00 
1799 211.453309 264.132495 5.802359808247e-01 -2.899505611972e+00 8.000000000000e+00 
1800 208.446178 261.125363 7.105935490511e-01 -2.895348818609e+00 8.000000000000e+00 
1801 212.291213 264.970399 7.098260507301e-01 -2.866622329257e+00 8.000000000000e+00 
1802 209.959864 262.639049 5.883617828475e-01 -2.833186214258e+00 8.000000000000e+00 
1803 206.700884 259.380069 7.096127156375e-01 -2.907383660427e+00 8.000000000000e+00 
1804 212.222333 264.901519 7.071974508300e-01 -2.796458165411e+00 8.000000000000e+00 
1805 210.759480 263.438666 7.101310187282e-01 -2.832444927866e+00 8.000000000000e+00 
1806 212.643495 265.322681 7.100608779185e-01 -2.904023958848e+00 8.000000000000e+00 
1807 211.181645 263.860831 7.061443375878e-01 -2.854958723671e+00 8.000000000000e+00 
1808 208.305267 260.984452 7.095309550066e-01 -2.794360370096e+00 8.000000000000e+00 
1809 212.513183 265.192369 5.833040621406e-01 -2.927296831367e+00 8.000000000000e+00 
1810 210.373844 263.053030 7.107652049928e-01 -2.891187710833e+00 8.000000000000e+00 
1811 208.660693 261.339879 1.533973060854e-01 -2.853654829102e+00 8.000000000000e+00 
1812 211.039483 263.718669 7.104067837533e-01 -2.876168251389e+00 8.000000000000e+00 
1813 209.461621 262.140807 7.092474021522e-01 -2.874450036012e+00 8.000000000000e+00 
1814 212.747417 265.426603 7.056679552564e-01 -2.885886709510e+00 8.000000000000e+00 
1815 211.026532 263.705718 5.777244405435e-01 -2.847616299095e+00 8.000000000000e+00 
1816 213.269125 265.948310 7.110617916908e-01 -2.854851010605e+00 8.000000000000e+00 
1817 212.493641 265.172826 7.129675306303e-01 -2.844613433994e+00 8.000000000000e+00 
1818 212.695996 265.375182 5.885172941286e-01 -2.808558840748e+00 8.000000000000e+00 
1819 214.880387 267.559573 5.794064767564e-01 -2.777509706087e+00 8.000000000000e+00 
1820 211.907137 264.586323 5.795995081314e-01 -2.761083882665e+00 8.000000000000e+00 
1821 214.276249 266.955434 7.120571166951e-01 -2.796586922509e+00 8.000000000000e+00 
1822 209.442406 262.121592 5.788424637883e-01 -2.724582512361e+00 8.000000000000e+00 
1823 206.076176 258.755362 7.025800793265e-01 -2.803317566216e+00 8.000000000000e+00 
1824 208.656536 261.335721 5.902855343218e-01 -2.882117666889e+00 8.000000000000e+00 
1825 211.644904 264.324090 5.839337273298e-01 -2.792183621236e+00 8.000000000000e+00 
1826 209.224031 261.903217 5.797387882373e-01 -2.708697004578e+00 8.000000000000e+00 
1827 209.574320 262.253506 5.822267947486e-01 -2.838854705330e+00 8.000000000000e+00 
1828 212.547186 265.226372 5.842172578765e-01 -2.660960190270e+00 8.000000000000e+00 
1829 209.118330 261.797515 5.848163914846e-01 -2.855242531345e+00 8.000000000000e+00 
1830 213.442055 266.121240 5.879014622575e-01 -2.767818168469e+00 8.000000000000e+00 
1831 212.097090 264.776276 5.860557418973e-01 -2.847763217747e+00 8.000000000000e+00 
1832 212.040665 264.719851 5.873803997015e-01 -2.734006784384e+00 8.000000000000e+00 
1833 212.660584 265.339770 5.807956697558e-01 -2.783377895092e+00 8.000000000000e+00 
1834 212.101859 264.781045 5.871000591508e-01 -2.799763291043e+00 8.000000000000e+00 
1835 208.993650 261.672836 5.838075273549e-01 -2.747943527559e+00 8.000000000000e+00 
1836 209.199012 261.878197 5.854540782743e-01 -2.715349277440e+00 8.000000000000e+00 
1837 206.032573 258.711759 5.891057124011e-01 -2.845744667155e+00 8.000000000000e+00 
1838 209.121199 261.800385 5.898723478719e-01 -2.802997837774e+00 8.000000000000e+00 
1839 211.067150 263.746335 5.878298255991e-01 -2.718297499986e+00 8.000000000000e+00 
1840 210.153397 262.832583 5.847080485886e-01 -2.823645621399e+00 8.000000000000e+00 
1841 212.659081 265.338267 5.842265470919e-01 -2.818693657824e+00 8.000000000000e+00 
1842 208.213274 260.892460 5.879540324502e-01 -2.811276791450e+00 8.000000000000e+00 
1843 209.526531 262.205716 5.812970977788e-01 -2.841655428564e+00 8.000000000000e+00 
1844 210.249832 262.929017 5.862981209728e-01 -2.831893773890e+00 8.000000000000e+00 
1845 210.189477 262.868663 5.813727410998e-01 -2.754525721911e+00 8.000000000000e+00 
1846 212.184863 264.864049 5.916512165337e-01 -2.745524063881e+00 8.000000000000e+00 
1847 210.715548 263.394733 5.861481016979e-01 -2.823503935354e+00 8.000000000000e+00 
1848 208.416481 261.095667 5.884496075491e-01 -2.789817544924e+00 8.000000000000e+00 
1849 209.581137 262.260323 5.814166400715e-01 -2.874640547043e+00 8.000000000000e+00 
1850 209.435973 262.115159 5.853355817398e-01 -2.738883089094e+00 8.000000000000e+00 
1851 210.053253 262.732439 5.852579516917e-01 -2.730231147363e+00 8.000000000000e+00 
1852 210.133570 262.812756 5.879993733036e-01 -2.822443217872e+00 8.000000000000e+00 
1853 208.811856 261.491042 5.855525697883e-01 -2.835636339330e+00 8.000000000000e+00 
1854 211.826325 264.505511 5.814911118053e-01 -2.816069117446e+00 8.000000000000e+00 
1855 207.690905 260.370090 5.885420645558e-01 -2.799708383488e+00 8.000000000000e+00 
1856 212.846344 265.525530 5.833183245759e-01 -2.770207069553e+00 8.000000000000e+00 
1857 209.617715 262.296901 5.871697514989e-01 -2.780169043895e+00 8.000000000000e+00 
1858 208.608517 261.287703 5.812936521351e-01 -2.756266204971e+00 8.000000000000e+00 
1859 207.930132 260.609318 5.761911577274e-01 -2.786618824548e+00 8.000000000000e+00 
1860 209.204246 261.883431 5.967553931080e-01 -2.766131711543e+00 8.000000000000e+00 
1861 210.778464 263.457650 6.004841767847e-01 -2.689259550291e+00 8.000000000000e+00 
1862 209.166969 261.846155 5.987846637930e-01 -2.696272082051e+00 8.000000000000e+00 
1863 210.721589 263.400774 5.982148506617e-01 -2.775746292798e+00 8.000000000000e+00 
1864 210.977788 263.656973 5.983734171734e-01 -2.693582005586e+00 8.000000000000e+00 
1865 210.620289 263.299474 6.004939119760e-01 -2.782852988007e+00 8.000000000000e+00 
1866 207.428740 260.107926 6.013612554834e-01 -2.683231687611e+00 8.000000000000e+00 
1867 207.373739 260.052925 5.985648939017e-01 -2.814685416721e+00 8.000000000000e+00 
1868 207.571154 260.250340 5.974937034751e-01 -2.644109746924e+00 8.000000000000e+00 
1869 205.174448 257.853633 5.975679609610e-01 -2.681254249451e+00 8.000000000000e+00 
1870 210.580960 263.260146 5.962491711047e-01 -2.596213976085e+00 8.000000000000e+00 
1871 206.899842 259.579028 6.016157302840e-01 -2.799166944930e+00 8.000000000000e+00 
1872 206.513725 259.192911 5.979799725537e-01 -2.673067452311e+00 8.000000000000e+00 
1873 207.886696 260.565881 5.952943836236e-01 -2.671049929377e+00 8.000000000000e+00 
1874 209.653779 262.332965 6.005574406978e-01 -2.667236564503e+00 8.000000000000e+00 
1875 208.863945 261.543131 5.965128105465e-01 -2.605785157386e+00 8.000000000000e+00 
1876 206.879122 259.558308 6.013880446754e-01 -2.729443697325e+00 8.000000000000e+00 
1877 209.067422 261.746608 5.993994127987e-01 -2.728483258877e+00 8.000000000000e+00 
1878 207.032182 259.711368 5.979023995025e-01 -2.642679980343e+00 8.000000000000e+00 
1879 208.009493 260.688679 5.986051500505e-01 -2.598177271313e+00 8.000000000000e+00 
1880 208.389416 261.068602 5.983551293947e-01 -2.644159607220e+00 8.000000000000e+00 
1881 210.945489 263.624675 5.984052025930e-01 -2.676985742970e+00 8.000000000000e+00 
1882 209.955554 262.634740 5.925329309480e-01 -2.581729146981e+00 8.000000000000e+00 
1883 209.937416 262.616601 5.955857792555e-01 -2.646158919948e+00 8.000000000000e+00 
1884 204.700630 257.379816 5.988854222806e-01 -2.656296973262e+00 8.000000000000e+00 
1885 206.116047 258.795233 5.966942454468e-01 -2.733702229558e+00 8.000000000000e+00 
1886 210.806340 263.485526 5.962698883585e-01 -2.753358518862e+00 8.000000000000e+00 
1887 208.650741 261.329927 6.011239674214e-01 -2.715619906579e+00 8.000000000000e+00 
1888 206.617952 259.297138 5.956502093194e-01 -2.688476768732e+00 8.000000000000e+00 
1889 210.248215 262.927401 6.016067219333e-01 -2.620910176420e+00 8.000000000000e+00 
1890 206.304822 258.984008 6.006191111950e-01 -2.733150116697e+00 8.000000000000e+00 
1891 204.673995 257.353181 5.987096552718e-01 -2.623704634699e+00 8.000000000000e+00 
1892 205.063344 257.742529 6.027767606603e-01 -2.676359445251e+00 8.000000000000e+00 
1893 206.937053 259.616238 5.938175091652e-01 -2.819748427500e+00 8.000000000000e+00 
1894 208.361557 261.040743 5.806461486292e-01 -2.856886573178e+00 8.000000000000e+00 
1895 205.430087 258.109272 7.045387739076e-01 -2.845531731005e+00 8.000000000000e+00 
1896 209.273590 261.952775 7.029112032337e-01 -2.832329238758e+00 8.000000000000e+00 
1897 206.576318 259.255504 1.538647436185e-01 -2.945697844382e+00 8.000000000000e+00 
1898 209.486812 262.165998 5.795965177199e-01 -2.870744929039e+00 8.000000000000e+00 
1899 208.041181 260.720367 5.755466831966e-01 -2.736545785502e+00 8.000000000000e+00 
1900 207.483164 260.162350 5.778752885189e-01 -2.807558378162e+00 8.000000000000e+00 
1901 207.708756 260.387941 5.776360756900e-01 -2.831671803291e+00 8.000000000000e+00 
1902 208.260599 260.939785 5.844462111560e-01 -2.868275491901e+00 8.000000000000e+00 
1903 208.972445 261.651631 5.800301556546e-01 -2.706939075488e+00 8.000000000000e+00 
1904 208.229870 260.909056 5.730470191938e-01 -2.847188234632e+00 8.000000000000e+00 
1905 205.287418 257.966604 5.831391302232e-01 -2.698009105313e+00 8.000000000000e+00 
1906 209.910577 262.589762 5.771497887668e-01 -2.881754926782e+00 8.000000000000e+00 
1907 211.430841 264.110027 5.746391387874e-01 -2.799063743018e+00 8.000000000000e+00 
1908 208.798886 261.478072 7.041565034885e-01 -2.801870240920e+00 8.000000000000e+00 
1909 203.316757 255.995943 5.861471048487e-01 -2.812640408275e+00 8.000000000000e+00 
1910 210.586567 263.265753 5.762735417217e-01 -2.755015211653e+00 8.000000000000e+00 
1911 209.542567 262.221752 5.826404395211e-01 -2.774936032482e+00 8.000000000000e+00 
1912 209.864992 262.544177 7.046209757381e-01 -2.800502416241e+00 8.000000000000e+00 
1913 211.187323 263.866509 5.772560853233e-01 -2.811335554856e+00 8.000000000000e+00 
1914 206.960699 259.639884 5.749404064913e-01 -2.718766708385e+00 8.000000000000e+00 
1915 207.960205 260.639391 5.735588150388e-01 -2.880662492353e+00 8.000000000000e+00 
1916 205.001440 257.680626 5.753490095149e-01 -2.744637309021e+00 8.000000000000e+00 
1917 211.139613 263.818798 5.741747903791e-01 -2.815644541550e+00 8.000000000000e+00 
1918 211.261352 263.940538 5.818896113222e-01 -2.820620520597e+00 8.000000000000e+00 
1919 210.790241 263.469426 5.779434009005e-01 -2.807107035065e+00 8.000000000000e+00 
1920 209.981905 262.661091 7.043131784961e-01 -2.907487467591e+00 8.000000000000e+00 
1921 209.715731 262.394917 5.821268219362e-01 -2.863158844440e+00 8.000000000000e+00 
1922 210.778975 263.458161 5.850195037668e-01 -2.854011542578e+00 8.000000000000e+00 
1923 210.975020 263.654206 5.817887726260e-01 -2.772483831336e+00 8.000000000000e+00 
1924 206.882097 259.561283 5.846701141642e-01 -2.769227964243e+00 8.000000000000e+00 
1925 212.299394 264.978580 5.800143370284e-01 -2.780023035767e+00 8.000000000000e+00 
1926 213.633681 266.312867 5.826495175782e-01 -2.776185166424e+00 8.000000000000e+00 
1927 212.448117 265.127302 5.842983877237e-01 -2.722172826492e+00 8.000000000000e+00 
1928 210.632544 263.311729 5.791794977564e-01 -2.898252071290e+00 8.000000000000e+00 
1929 211.244339 263.923524 5.869761854471e-01 -2.889661683908e+00 8.000000000000e+00 
1930 209.816746 262.495932 5.887302081893e-01 -2.759997593096e+00 8.000000000000e+00 
1931 207.562227 260.241413 5.893146512362e-01 -2.754071391765e+00 8.000000000000e+00 
1932 208.451005 261.130190 5.892134586724e-01 -2.825756631947e+00 8.000000000000e+00 
1933 210.364401 263.043587 5.956032525246e-01 -2.795928947555e+00 8.000000000000e+00 
1934 205.503791 258.182977 5.848451712802e-01 -2.600672857133e+00 8.000000000000e+00 
1935 210.582598 263.261784 5.895088980438e-01 -2.646187480688e+00 8.000000000000e+00 
1936 210.446814 263.126000 5.907338015926e-01 -2.664589679641e+00 8.000000000000e+00 
1937 209.076320 261.755506 5.906165809944e-01 -2.679624101324e+00 8.000000000000e+00 
1938 209.471072 262.150257 5.899738092777e-01 -2.632766795227e+00 8.000000000000e+00 
1939 210.074501 262.753686 5.882553515321e-01 -2.803049967086e+00 8.000000000000e+00 
1940 206.271847 258.951033 5.970322785449e-01 -2.668142390195e+00 8.000000000000e+00 
1941 211.582041 264.261227 5.901329105555e-01 -2.663733893705e+00 8.000000000000e+00 
1942 213.913574 266.592760 5.897878221746e-01 -2.744016427071e+00 8.000000000000e+00 
1943 206.695649 259.374835 5.847014254835e-01 -2.759815316823e+00 8.000000000000e+00 
1944 211.864890 264.544075 5.866661830329e-01 -2.716363133262e+00 8.000000000000e+00 
1945 210.981466 263.660652 5.886072018057e-01 -2.767218635198e+00 8.000000000000e+00 
1946 207.581886 260.261072 5.859857645976e-01 -2.763433922727e+00 8.000000000000e+00 
1947 212.010088 264.689274 5.854703805929e-01 -2.593731524482e+00 8.000000000000e+00 
1948 211.990999 264.670185 5.848095116957e-01 -2.678416140016e+00 8.000000000000e+00 
1949 211.044175 263.723361 5.874189940347e-01 -2.716504403308e+00 8.000000000000e+00 
1950 211.029198 263.708383 5.895406301898e-01 -2.697254246545e+00 8.000000000000e+00 
1951 210.928674 263.607860 5.848574699234e-01 -2.734709237193e+00 8.000000000000e+00 
1952 209.453021 262.132207 5.823020603936e-01 -2.615111442659e+00 8.000000000000e+00 
1953 206.262063 258.941249 6.078725731659e-01 -2.469711564033e+00 8.000000000000e+00 
1954 206.259067 258.938252 6.117101647563e-01 -2.699313770080e+00 8.000000000000e+00 
1955 208.733580 261.412766 6.111746283892e-01 -2.668149627257e+00 8.000000000000e+00 
1956 213.189385 265.868571 6.111285134896e-01 -2.677312920749e+00 8.000000000000e+00 
1957 211.345169 264.024355 6.116173781216e-01 -2.726108665135e+00 8.000000000000e+00 
1958 212.022317 264.701502 6.079739655861e-01 -2.569464408146e+00 8.000000000000e+00 
1959 201.888979 254.568164 6.074101072637e-01 -2.663517065374e+00 8.000000000000e+00 
1960 206.923470 259.602656 6.107490608094e-01 -2.731235581211e+00 8.000000000000e+00 
1961 210.500693 263.179879 6.076940598939e-01 -2.717024784012e+00 8.000000000000e+00 
1962 213.700877 266.380063 6.069771799276e-01 -2.608880124081e+00 8.000000000000e+00 
1963 209.877502 262.556687 6.109244545099e-01 -2.613535920267e+00 8.000000000000e+00 
1964 207.759779 260.438965 6.042412683575e-01 -2.704191390511e+00 8.000000000000e+00 
1965 209.662055 262.341241 6.095846922029e-01 -2.678021319509e+00 8.000000000000e+00 
1966 209.978373 262.657559 6.030147277214e-01 -2.550309550396e+00 8.000000000000e+00 
1967 211.604789 264.283975 6.153273827300e-01 -2.595210408541e+00 8.000000000000e+00 
1968 210.107967 262.787153 6.143772952127e-01 -2.583820760200e+00 8.000000000000e+00 
1969 207.531595 260.210781 6.178699083336e-01 -2.561956732138e+00 8.000000000000e+00 
1970 207.312392 259.991578 6.116172179043e-01 -2.523726533447e+00 8.000000000000e+00 
1971 203.239443 255.918629 6.229256109011e-01 -2.695110463323e+00 8.000000000000e+00 
1972 208.864563 261.543749 6.150356099262e-01 -2.662748244930e+00 8.000000000000e+00 
1973 210.286580 262.965766 6.123745080874e-01 -2.653153536915e+00 8.000000000000e+00 
1974 210.254220 262.933405 6.181177588848e-01 -2.549167658167e+00 8.000000000000e+00 
1975 215.741765 268.420951 7.191755940439e-01 -2.585617795073e+00 8.000000000000e+00 
1976 212.065586 264.744771 6.092136984865e-01 -2.610859834133e+00 8.000000000000e+00 
1977 216.071165 268.750351 6.108554693357e-01 -2.640791682605e+00 8.000000000000e+00 
1978 213.846547 266.525733 6.120769579483e-01 -2.613938094739e+00 8.000000000000e+00 
1979 211.826066 264.505252 6.150158173797e-01 -2.737488419303e+00 8.000000000000e+00 
1980 213.077813 265.756999 6.104218641147e-01 -2.617586544867e+00 8.000000000000e+00 
1981 209.750375 262.429561 6.143478555762e-01 -2.646303310314e+00 8.000000000000e+00 
1982 214.455020 267.134206 7.173886527619e-01 -2.657020347519e+00 8.000000000000e+00 
1983 210.565215 263.244401 6.078403956604e-01 -2.577039240243e+00 8.000000000000e+00 
1984 216.525223 269.204409 6.097776031854e-01 -2.652503585677e+00 8.000000000000e+00 
1985 212.004084 264.683270 7.136739780483e-01 -2.594317135568e+00 8.000000000000e+00 
1986 211.241826 263.921012 7.174002700023e-01 -2.581165039520e+00 8.000000000000e+00 
1987 214.560751 267.239937 6.104797627013e-01 -2.635037852349e+00 8.000000000000e+00 
1988 215.125761 267.804946 6.072311947446e-01 -2.664895643062e+00 8.000000000000e+00 
1989 215.453421 268.132606 7.182837633981e-01 -2.602683355466e+00 8.000000000000e+00 
1990 214.006203 266.685389 6.098800685059e-01 -2.598753055431e+00 8.000000000000e+00 
1991 213.004738 265.683924 7.170634315759e-01 -2.697381950966e+00 8.000000000000e+00 
1992 215.650437 268.329623 6.136239392518e-01 -2.653572082380e+00 8.000000000000e+00 
1993 210.306274 262.985460 6.128644555770e-01 -2.576944740411e+00 8.000000000000e+00 
1994 208.002592 260.681777 7.204887790166e-01 -2.605801806116e+00 8.000000000000e+00 
1995 214.135825 266.815011 7.182072408829e-01 -2.594394751000e+00 8.000000000000e+00 
1996 215.439886 268.119072 6.111754312805e-01 -2.644668244370e+00 8.000000000000e+00 
1997 212.363223 265.042409 6.105933393980e-01 -2.604883082696e+00 8.000000000000e+00 
1998 215.230986 267.910172 7.173907505373e-01 -2.624297630295e+00 8.000000000000e+00 
1999 213.109972 265.789158 6.126438125292e-01 -2.569502029867e+00 8.000000000000e+00 
2000 211.903495 264.582681 6.058336979569e-01 -2.660443333120e+00 8.000000000000e+00 
2001 212.148614 264.827800 7.157420237822e-01 -2.663362980492e+00 8.000000000000e+00 
2002 214.564478 267.243664 7.162973387248e-01 -2.719867560817e+00 8.000000000000e+00 
2003 212.635858 265.315043 6.086900188158e-01 -2.604428641263e+00 8.000000000000e+00 
2004 216.133900 268.813086 6.104133213503e-01 -2.613582000131e+00 8.000000000000e+00 
2005 214.974600 267.653785 6.114671070034e-01 -2.567918652546e+00 8.000000000000e+00 
2006 214.865158 267.544344 6.132970295772e-01 -2.630091744788e+00 8.000000000000e+00 
2007 214.081217 266.760403 6.089343202297e-01 -2.595777012494e+00 8.000000000000e+00 
2008 213.713843 266.393029 6.061644849608e-01 -2.660674333673e+00 8.000000000000e+00 
2009 211.151283 263.830469 7.175888197082e-01 -2.587049665392e+00 8.000000000000e+00 
2010 208.784550 261.463736 6.052504552415e-01 -2.480162842207e+00 8.000000000000e+00 
2011 211.368947 264.048133 6.179236031827e-01 -2.605912386003e+00 8.000000000000e+00 
2012 209.393762 262.072947 7.159115091669e-01 -2.578137003830e+00 8.000000000000e+00 
2013 213.673694 266.352880 5.747660541032e-01 -2.829488444633e+00 8.000000000000e+00 
2014 215.059673 267.738858 7.127620489606e-01 -2.688564306809e+00 8.000000000000e+00 
2015 214.817297 267.496482 7.160571178203e-01 -2.679568234654e+00 8.000000000000e+00 
2016 215.696460 268.375646 7.153320531834e-01 -2.745050348470e+00 8.000000000000e+00 
2017 215.265319 267.944505 7.147727616669e-01 -2.752526838187e+00 8.000000000000e+00 
2018 214.790026 267.469211 7.150830914017e-01 -2.660097885337e+00 8.000000000000e+00 
2019 214.004849 266.684034 7.143065690410e-01 -2.800079201022e+00 8.000000000000e+00 
2020 215.602300 268.281486 7.128131724772e-01 -2.751149588924e+00 8.000000000000e+00 
2021 211.842183 264.521369 7.144298905574e-01 -2.737088801193e+00 8.000000000000e+00 
2022 214.700415 267.379601 7.155303565659e-01 -2.770683902895e+00 8.000000000000e+00 
2023 214.659252 267.338438 7.130497677000e-01 -2.792366591176e+00 8.000000000000e+00 
2024 212.057392 264.736578 7.158680576140e-01 -2.887257210489e+00 8.000000000000e+00 
2025 217.452881 270.132066 7.139629695721e-01 -2.722543897509e+00 8.000000000000e+00 
2026 208.891140 261.570326 7.166651891504e-01 -2.508577885322e+00 8.000000000000e+00 
2027 213.691501 266.370687 7.150787513373e-01 -2.802090578929e+00 8.000000000000e+00 
2028 210.893008 263.572194 7.149451495261e-01 -2.590576753987e+00 8.000000000000e+00 
2029 213.235979 265.915165 7.155508039676e-01 -2.808013558059e+00 8.000000000000e+00 
2030 216.230892 268.910078 7.142444906984e-01 -2.642719434829e+00 8.000000000000e+00 
2031 215.301722 267.980908 7.144676380860e-01 -2.746673672243e+00 8.000000000000e+00 
2032 213.970106 266.649291 7.133648609562e-01 -2.648956878576e+00 8.000000000000e+00 
2033 213.950631 266.629816 5.765461222747e-01 -2.709193189651e+00 8.000000000000e+00 
2034 214.537642 267.216828 7.239682773812e-01 -2.682989531801e+00 8.000000000000e+00 
2035 214.822432 267.501618 7.237300780736e-01 -2.664950568134e+00 8.000000000000e+00 
2036 217.518459 270.197645 5.818813850803e-01 -2.836306099840e+00 8.000000000000e+00 
2037 217.335909 270.015095 5.850051627490e-01 -2.783911801534e+00 8.000000000000e+00 
2038 212.302620 264.981806 7.267181771167e-01 -2.757028298007e+00 8.000000000000e+00 
2039 217.136418 269.815604 7.236916918991e-01 -2.751378217293e+00 8.000000000000e+00 
2040 214.681958 267.361144 7.244953593119e-01 -2.687788916699e+00 8.000000000000e+00 
2041 218.769445 271.448631 5.825066719934e-01 -2.826662845034e+00 8.000000000000e+00 
2042 211.456297 264.135483 7.232877064476e-01 -2.784372845737e+00 8.000000000000e+00 
2043 216.468812 269.147998 5.801406611934e-01 -2.795514984825e+00 8.000000000000e+00 
2044 216.097773 268.776958 7.233037821031e-01 -2.749045791148e+00 8.000000000000e+00 
2045 212.114379 264.793565 1.490011884454e-01 -2.888202953629e+00 8.000000000000e+00 
2046 216.803469 269.482655 7.220582288606e-01 -2.805746228825e+00 8.000000000000e+00 
2047 218.276184 270.955370 7.243030789316e-01 -2.809415676394e+00 8.000000000000e+00 
2048 215.235888 267.915074 5.820930638745e-01 -2.721287396173e+00 8.000000000000e+00 
2049 219.604675 272.283860 7.237927712663e-01 -2.775092278457e+00 8.000000000000e+00 
2050 215.165528 267.844714 5.832186701757e-01 -2.807244764558e+00 8.000000000000e+00 
2051 214.805409 267.484595 5.876395693069e-01 -2.751500698973e+00 8.000000000000e+00 
2052 212.367953 265.047139 7.228718105035e-01 -2.822605342768e+00 8.000000000000e+00 
2053 211.132726 263.811911 6.013183552004e-01 -2.795635711300e+00 8.000000000000e+00 
2054 217.800782 270.479968 5.879992488879e-01 -2.874182574364e+00 8.000000000000e+00 
2055 208.207526 260.886712 7.247780916285e-01 -2.609356866159e+00 8.000000000000e+00 
2056 212.123184 264.802369 5.767199107863e-01 -2.834735162375e+00 8.000000000000e+00 
2057 215.829252 268.508438 5.849817251197e-01 -2.858667121004e+00 8.000000000000e+00 
2058 216.586665 269.265851 5.932764043282e-01 -2.887983896886e+00 8.000000000000e+00 
2059 215.574846 268.254032 5.900365936379e-01 -2.803099563391e+00 8.000000000000e+00 
2060 215.337775 268.016960 5.945385538567e-01 -2.926373875038e+00 8.000000000000e+00 
2061 216.130394 268.809580 5.860576470985e-01 -2.784665937531e+00 8.000000000000e+00 
2062 213.854011 266.533197 5.825601411554e-01 -2.729284916090e+00 8.000000000000e+00 
2063 215.803967 268.483153 5.839783578173e-01 -2.741036828981e+00 8.000000000000e+00 
2064 213.702073 266.381259 5.791748093514e-01 -2.904503700696e+00 8.000000000000e+00 
2065 216.217440 268.896626 5.891677136032e-01 -2.838670227687e+00 8.000000000000e+00 
2066 213.751720 266.430906 5.884540151247e-01 -2.785802057422e+00 8.000000000000e+00 
2067 215.237710 267.916895 5.791097081964e-01 -2.841240979569e+00 8.000000000000e+00 
2068 214.340310 267.019496 5.838069116584e-01 -2.826312169603e+00 8.000000000000e+00 
2069 217.213626 269.892812 7.236161767562e-01 -2.888154313121e+00 8.000000000000e+00 
2070 213.191053 265.870239 5.945079418546e-01 -2.937473505924e+00 8.000000000000e+00 
2071 214.346146 267.025331 5.930859236979e-01 -2.809041905537e+00 8.000000000000e+00 
2072 211.921311 264.600497 5.931541782042e-01 -2.811394556503e+00 8.000000000000e+00 
2073 212.939400 265.618586 5.836643566197e-01 -2.811316721064e+00 8.000000000000e+00 
2074 216.786447 269.465632 5.898047068216e-01 -2.804337610730e+00 8.000000000000e+00 
2075 215.306274 267.985460 5.843252297242e-01 -2.835550589211e+00 8.000000000000e+00 
2076 213.959215 266.638401 7.223464043375e-01 -2.926591785355e+00 8.000000000000e+00 
2077 215.165705 267.844891 5.903958271047e-01 -2.746844616260e+00 8.000000000000e+00 
2078 214.571930 267.251116 7.237536763280e-01 -2.850799609284e+00 8.000000000000e+00 
2079 212.845609 265.524795 5.822794389168e-01 -2.851143107161e+00 8.000000000000e+00 
2080 215.544820 268.224006 7.243153774632e-01 -2.871554660838e+00 8.000000000000e+00 
2081 214.636743 267.315928 7.201520250827e-01 -2.856293588855e+00 8.000000000000e+00 
2082 212.254434 264.933619 7.232601814513e-01 -2.812556566515e+00 8.000000000000e+00 
2083 212.975644 265.654830 5.891987731884e-01 -2.875767556027e+00 8.000000000000e+00 
2084 212.921166 265.600351 5.875241755114e-01 -2.911217056988e+00 8.000000000000e+00 
2085 215.907825 268.587011 5.843404392599e-01 -2.794425507927e+00 8.000000000000e+00 
2086 214.472878 267.152064 5.812876659024e-01 -2.691641451408e+00 8.000000000000e+00 
2087 214.914428 267.593614 5.850218226601e-01 -2.820798207811e+00 8.000000000000e+00 
2088 215.569720 268.248906 5.955317455499e-01 -2.853485723464e+00 8.000000000000e+00 
2089 214.682172 267.361357 5.821338602497e-01 -2.652823902191e+00 8.000000000000e+00 
2090 216.691925 269.371111 5.881826910197e-01 -2.830284300312e+00 8.000000000000e+00 
2091 214.019496 266.698682 5.878230257390e-01 -2.830258779262e+00 8.000000000000e+00 
2092 215.968664 268.647850 5.862275649312e-01 -2.756801157140e+00 8.000000000000e+00 
2093 213.271441 265.950627 5.942349969369e-01 -2.785200373358e+00 8.000000000000e+00 
2094 215.208683 267.887869 5.866533181590e-01 -2.795404921558e+00 8.000000000000e+00 
2095 215.970603 268.649789 5.888223538631e-01 -2.816461125690e+00 8.000000000000e+00 
2096 215.188959 267.868144 5.824571805064e-01 -2.681088406082e+00 8.000000000000e+00 
2097 217.795074 270.474260 5.764445555489e-01 -2.777150204410e+00 8.000000000000e+00 
2098 213.797214 266.476399 7.171842279482e-01 -2.753934986241e+00 8.000000000000e+00 
2099 210.039271 262.718456 5.892317349170e-01 -2.602425224896e+00 8.000000000000e+00 
2100 213.721707 266.400892 7.173979594351e-01 -2.747317489323e+00 8.000000000000e+00 
2101 213.094938 265.774123 5.939027375880e-01 -2.661331653437e+00 8.000000000000e+00 
2102 215.703085 268.382270 5.963830587472e-01 -2.719250155168e+00 8.000000000000e+00 
2103 216.936858 269.616044 5.938248709033e-01 -2.723913903464e+00 8.000000000000e+00 
2104 216.023206 268.702392 7.206241703645e-01 -2.697151117086e+00 8.000000000000e+00 
2105 216.228249 268.907434 5.921517070309e-01 -2.719605076228e+00 8.000000000000e+00 
2106 214.659823 267.339009 5.937521531147e-01 -2.822924862186e+00 8.000000000000e+00 
2107 212.724770 265.403956 5.884765628257e-01 -2.718711086175e+00 8.000000000000e+00 
2108 210.912577 263.591762 5.902245919649e-01 -2.751200436625e+00 8.000000000000e+00 
2109 215.339968 268.019154 5.904122270099e-01 -2.707286767289e+00 8.000000000000e+00 
2110 214.091506 266.770692 5.951757210302e-01 -2.794416638732e+00 8.000000000000e+00 
2111 208.355962 261.035148 5.942937181566e-01 -2.740986541698e+00 8.000000000000e+00 
2112 215.410986 268.090172 5.899638148468e-01 -2.641278169881e+00 8.000000000000e+00 
2113 212.413920 265.093106 5.938175203772e-01 -2.672968234141e+00 8.000000000000e+00 
2114 215.631532 268.310717 7.138389029767e-01 -2.786798116773e+00 8.000000000000e+00 
2115 213.210994 265.890180 5.962184268925e-01 -2.821484651761e+00 8.000000000000e+00 
2116 214.448946 267.128132 5.968453445375e-01 -2.776523455405e+00 8.000000000000e+00 
2117 214.672996 267.352181 5.970313824377e-01 -2.795371118189e+00 8.000000000000e+00 
2118 210.527950 263.207136 5.988816620270e-01 -2.805198336862e+00 8.000000000000e+00 
2119 215.229012 267.908198 5.931102727468e-01 -2.734365899041e+00 8.000000000000e+00 
2120 212.997335 265.676521 5.899935751530e-01 -2.665530106169e+00 8.000000000000e+00 
2121 216.746893 269.426079 5.904916126228e-01 -2.703603201356e+00 8.000000000000e+00 
2122 214.883443 267.562629 5.906685744550e-01 -2.627954999982e+00 8.000000000000e+00 
2123 214.316365 266.995551 5.930820038392e-01 -2.674617174313e+00 8.000000000000e+00 
2124 212.388155 265.067340 5.951034402558e-01 -2.647321233207e+00 8.000000000000e+00 
2125 217.178601 269.857786 5.947987253893e-01 -2.750098947033e+00 8.000000000000e+00 
2126 211.847192 264.526378 5.994115609045e-01 -2.717201383836e+00 8.000000000000e+00 
2127 214.488998 267.168183 5.946968208489e-01 -2.716935067209e+00 8.000000000000e+00 
2128 212.040595 264.719781 5.928042809183e-01 -2.669406181604e+00 8.000000000000e+00 
2129 215.296138 267.975324 5.920838919188e-01 -2.699303238326e+00 8.000000000000e+00 
2130 215.480186 268.159371 5.944424255387e-01 -2.726749475056e+00 8.000000000000e+00 
2131 217.053052 269.732237 5.938337018145e-01 -2.715871672221e+00 8.000000000000e+00 
2132 215.854392 268.533577 5.961796278907e-01 -2.846222258728e+00 8.000000000000e+00 
2133 215.362969 268.042155 5.959527952522e-01 -2.752296508648e+00 8.000000000000e+00 
2134 217.940539 270.619725 5.944229897564e-01 -2.750443274810e+00 8.000000000000e+00 
2135 214.438894 267.118080 7.233672528757e-01 -2.798455042514e+00 8.000000000000e+00 
2136 214.726636 267.405822 5.966227998050e-01 -2.781341105607e+00 8.000000000000e+00 
2137 215.545710 268.224896 5.902581600669e-01 -2.573763688351e+00 8.000000000000e+00 
2138 215.756009 268.435195 5.917424984543e-01 -2.567499858649e+00 8.000000000000e+00 
2139 216.171807 268.850992 5.973796882340e-01 -2.826473569868e+00 8.000000000000e+00 
2140 212.997320 265.676506 7.207503878008e-01 -2.867626122749e+00 8.000000000000e+00 
2141 214.843531 267.522717 5.955311035393e-01 -2.666439924915e+00 8.000000000000e+00 
2142 216.518296 269.197481 5.929584246509e-01 -2.653286629704e+00 8.000000000000e+00 
2143 215.061786 267.740972 5.927473928005e-01 -2.656095013496e+00 8.000000000000e+00 
2144 214.672061 267.351247 5.971732850244e-01 -2.703196767879e+00 8.000000000000e+00 
2145 217.051122 269.730308 5.943381975757e-01 -2.703488663055e+00 8.000000000000e+00 
2146 211.212564 263.891750 6.018281731734e-01 -2.717302899416e+00 8.000000000000e+00 
2147 217.409782 270.088967 5.948090161579e-01 -2.680394343790e+00 8.000000000000e+00 
2148 215.304388 267.983574 7.241567907868e-01 -2.755887105363e+00 8.000000000000e+00 
2149 216.000330 268.679515 5.911507759296e-01 -2.761770407283e+00 8.000000000000e+00 
2150 215.246800 267.925985 5.925436874834e-01 -2.622907801423e+00 8.000000000000e+00 
2151 216.502013 269.181199 5.965704409425e-01 -2.750319173788e+00 8.000000000000e+00 
2152 215.592612 268.271798 5.917742514425e-01 -2.777079118088e+00 8.000000000000e+00 
2153 214.602694 267.281880 5.962936634609e-01 -2.737281241733e+00 8.000000000000e+00 
2154 216.660584 269.339770 5.942359809809e-01 -2.689668742194e+00 8.000000000000e+00 
2155 217.437590 270.116776 5.956067737478e-01 -2.810556123867e+00 8.000000000000e+00 
2156 214.533497 267.212683 5.928613410114e-01 -2.661581942554e+00 8.000000000000e+00 
2157 211.718150 264.397336 5.939314993462e-01 -2.776544812952e+00 8.000000000000e+00 
2158 218.301804 270.980990 5.926134474885e-01 -2.685974103435e+00 8.000000000000e+00 
2159 215.094502 267.773688 5.942308008624e-01 -2.806723696213e+00 8.000000000000e+00 
2160 216.972507 269.651693 5.986933356890e-01 -2.700288210959e+00 8.000000000000e+00 
2161 209.172635 261.851820 5.901994322385e-01 -2.832370229711e+00 8.000000000000e+00 
2162 216.892286 269.571472 5.922265923673e-01 -2.656021617236e+00 8.000000000000e+00 
2163 216.575155 269.254341 5.919880277923e-01 -2.699694477717e+00 8.000000000000e+00 
2164 212.636528 265.315714 5.916867112573e-01 -2.676580167620e+00 8.000000000000e+00 
2165 213.133488 265.812674 7.187252436987e-01 -2.852007904119e+00 8.000000000000e+00 
2166 214.277929 266.957115 5.926357284584e-01 -2.523455091641e+00 8.000000000000e+00 
2167 216.792777 269.471963 5.924020093503e-01 -2.756939464159e+00 8.000000000000e+00 
2168 216.142088 268.821274 5.971066343579e-01 -2.738626559595e+00 8.000000000000e+00 
2169 213.925931 266.605117 5.880206823562e-01 -2.629890531729e+00 8.000000000000e+00 
2170 215.107664 267.786849 5.968098714111e-01 -2.686470893119e+00 8.000000000000e+00 
2171 214.853486 267.532672 5.923514607708e-01 -2.739977641043e+00 8.000000000000e+00 
2172 214.339604 267.018790 5.929617833896e-01 -2.712169635439e+00 8.000000000000e+00 
2173 218.553708 271.232894 5.923635870124e-01 -2.773308908493e+00 8.000000000000e+00 
2174 216.659025 269.338211 5.951330167288e-01 -2.811831398754e+00 8.000000000000e+00 
2175 216.140981 268.820167 5.906969080750e-01 -2.759208227523e+00 8.000000000000e+00 
2176 213.239273 265.918459 5.906944964483e-01 -2.641014411595e+00 8.000000000000e+00 
2177 217.030778 269.709964 5.940933021360e-01 -2.747617802645e+00 8.000000000000e+00 
2178 217.935717 270.614902 5.920564957984e-01 -2.709665183222e+00 8.000000000000e+00 
2179 217.404425 270.083611 5.951185318221e-01 -2.693954407490e+00 8.000000000000e+00 
2180 215.473280 268.152466 5.941284265083e-01 -2.815511891628e+00 8.000000000000e+00 
2181 212.701219 265.380405 5.916067208335e-01 -2.785041147488e+00 8.000000000000e+00 
2182 220.211052 272.890238 5.918182054072e-01 -2.720192878962e+00 8.000000000000e+00 
2183 214.585722 267.264908 5.942454502915e-01 -2.590329355951e+00 8.000000000000e+00 
2184 219.051986 271.731171 5.878412939699e-01 -2.833063195674e+00 8.000000000000e+00 
2185 214.025148 266.704333 7.148791742175e-01 -2.608245724094e+00 8.000000000000e+00 
2186 213.997950 266.677136 7.150480291219e-01 -2.512835732404e+00 8.000000000000e+00 
2187 216.789100 269.468285 7.233432378070e-01 -2.531325743381e+00 8.000000000000e+00 
2188 211.631330 264.310515 6.192613006467e-01 -2.612024899367e+00 8.000000000000e+00 
2189 215.158525 267.837711 7.238759141079e-01 -2.594354275157e+00 8.000000000000e+00 
2190 216.902493 269.581678 7.237104399451e-01 -2.547403289355e+00 8.000000000000e+00 
2191 215.235869 267.915055 6.189301413280e-01 -2.587220191722e+00 8.000000000000e+00 
2192 211.926059 264.605245 7.245074129270e-01 -2.510671717244e+00 8.000000000000e+00 
2193 216.143057 268.822242 7.246735852960e-01 -2.403629038379e+00 8.000000000000e+00 
2194 214.378588 267.057773 7.242522574117e-01 -2.480596273959e+00 8.000000000000e+00 
2195 216.405695 269.084881 6.154307311639e-01 -2.576627485383e+00 8.000000000000e+00 
2196 213.339287 266.018472 7.241260176366e-01 -2.677312235901e+00 8.000000000000e+00 
2197 217.567344 270.246530 7.242980397988e-01 -2.529686355290e+00 8.000000000000e+00 
2198 216.940290 269.619476 7.236273064417e-01 -2.512088102731e+00 8.000000000000e+00 
2199 217.962271 270.641457 7.232646390591e-01 -2.602793889416e+00 8.000000000000e+00 
