200 11 1.219449e-01 3.350966e-01 3.770492e-01 4.098361e-01 4.284324e-01 4.918202e-01 6.712833e-01 6.747508e-01 7.126564e-01 7.393452e-01 9.042394e-01 
201 11 1.219449e-01 3.350966e-01 3.770492e-01 4.098361e-01 4.284324e-01 4.918202e-01 6.712833e-01 6.747508e-01 7.126564e-01 7.393452e-01 9.042394e-01 
202 11 1.219449e-01 3.350966e-01 3.770492e-01 4.098361e-01 4.284324e-01 4.918202e-01 6.712833e-01 6.747508e-01 7.126564e-01 7.393452e-01 9.042394e-01 
203 11 1.219449e-01 3.350966e-01 3.770492e-01 4.098361e-01 4.284324e-01 4.918202e-01 6.712833e-01 6.747508e-01 7.126564e-01 7.393452e-01 9.042394e-01 
204 11 1.219449e-01 3.350966e-01 3.770492e-01 4.098361e-01 4.284324e-01 4.918202e-01 6.712833e-01 6.747508e-01 7.126564e-01 7.393452e-01 9.042394e-01 
205 11 1.219449e-01 3.350966e-01 3.770492e-01 4.098361e-01 4.284324e-01 4.918202e-01 6.712833e-01 6.747508e-01 7.126564e-01 7.393452e-01 9.042394e-01 
206 11 1.219449e-01 3.350966e-01 3.770492e-01 4.098361e-01 4.284324e-01 4.918202e-01 6.712833e-01 6.747508e-01 7.126564e-01 7.393452e-01 8.974029e-01 
207 11 1.219449e-01 3.350966e-01 3.770492e-01 4.098361e-01 4.284324e-01 4.918202e-01 6.712833e-01 6.747508e-01 7.126564e-01 7.393452e-01 8.974029e-01 
208 11 1.219449e-01 3.350966e-01 3.770492e-01 4.098361e-01 4.284324e-01 4.918202e-01 6.712833e-01 6.747508e-01 7.126564e-01 7.393452e-01 8.974029e-01 
209 11 1.219449e-01 3.350966e-01 3.770492e-01 4.098361e-01 4.284324e-01 4.918202e-01 6.712833e-01 6.747508e-01 7.126564e-01 7.393452e-01 8.974029e-01 
210 11 1.219449e-01 3.350966e-01 3.770492e-01 4.098361e-01 4.284324e-01 4.918202e-01 6.712833e-01 6.747508e-01 7.126564e-01 7.393452e-01 8.974029e-01 
211 11 1.219449e-01 3.350966e-01 3.770492e-01 4.098361e-01 4.284324e-01 4.918202e-01 6.692857e-01 6.747508e-01 7.126564e-01 7.393452e-01 8.974029e-01 
212 11 1.203269e-01 3.350966e-01 3.770492e-01 4.098361e-01 4.284324e-01 4.918202e-01 6.692857e-01 6.747508e-01 7.126564e-01 7.393452e-01 8.974029e-01 
213 11 1.203269e-01 3.350966e-01 3.770492e-01 4.098361e-01 4.284324e-01 4.918202e-01 6.692857e-01 6.747508e-01 7.126564e-01 7.393452e-01 8.974029e-01 
214 11 1.203269e-01 3.350966e-01 3.770492e-01 4.098361e-01 4.284324e-01 4.918202e-01 6.692857e-01 6.747508e-01 7.126564e-01 7.393452e-01 8.959906e-01 
215 11 1.203269e-01 3.350966e-01 3.770492e-01 4.098361e-01 4.284324e-01 4.918202e-01 6.692857e-01 6.747508e-01 7.126564e-01 7.393452e-01 8.959906e-01 
216 11 1.203269e-01 3.350966e-01 3.770492e-01 4.098361e-01 4.284324e-01 4.918202e-01 6.692857e-01 6.747508e-01 7.126564e-01 7.393452e-01 8.959906e-01 
217 11 1.203269e-01 3.350966e-01 3.770492e-01 4.098361e-01 4.284324e-01 4.918202e-01 6.692857e-01 6.747508e-01 7.126564e-01 7.393452e-01 8.959906e-01 
218 11 1.203269e-01 3.350966e-01 3.607711e-01 4.098361e-01 4.284324e-01 4.918202e-01 6.692857e-01 6.747508e-01 7.126564e-01 7.393452e-01 8.959906e-01 
219 11 1.203269e-01 3.350966e-01 3.607711e-01 4.098361e-01 4.284324e-01 4.918202e-01 6.692857e-01 6.747508e-01 7.126564e-01 7.393452e-01 8.959906e-01 
220 11 1.203269e-01 3.350966e-01 3.607711e-01 4.098361e-01 4.284324e-01 4.918202e-01 6.692857e-01 6.747508e-01 7.126564e-01 7.393452e-01 8.959906e-01 
221 11 1.203269e-01 3.350966e-01 3.607711e-01 4.098361e-01 4.284324e-01 4.918202e-01 6.692857e-01 6.747508e-01 7.126564e-01 7.393452e-01 8.959906e-01 
222 11 1.203269e-01 3.350966e-01 3.607711e-01 4.098361e-01 4.284324e-01 4.918202e-01 6.692857e-01 6.747508e-01 7.126564e-01 7.393452e-01 8.959906e-01 
223 11 1.203269e-01 3.350966e-01 3.607711e-01 4.098361e-01 4.284324e-01 4.918202e-01 6.692857e-01 6.747508e-01 7.126564e-01 7.393452e-01 8.959906e-01 
224 11 1.203269e-01 3.350966e-01 3.607711e-01 4.098361e-01 4.284324e-01 4.918202e-01 6.692857e-01 6.747508e-01 7.293992e-01 7.393452e-01 8.959906e-01 
225 11 1.203269e-01 3.350966e-01 3.607711e-01 4.098361e-01 4.284324e-01 4.918202e-01 6.692857e-01 6.747508e-01 7.293992e-01 7.393452e-01 8.959906e-01 
226 11 1.203269e-01 3.350966e-01 3.607711e-01 4.098361e-01 4.284324e-01 4.918202e-01 6.692857e-01 6.747508e-01 7.293992e-01 7.393452e-01 8.959906e-01 
227 11 1.203269e-01 3.350966e-01 3.607711e-01 4.098361e-01 4.284324e-01 4.918202e-01 6.692857e-01 6.747508e-01 7.293992e-01 7.393452e-01 8.959906e-01 
228 11 1.203269e-01 3.350966e-01 3.607711e-01 4.098361e-01 4.284324e-01 4.918202e-01 6.692857e-01 6.747508e-01 7.293992e-01 7.393452e-01 8.959906e-01 
229 11 1.203269e-01 3.350966e-01 3.607711e-01 4.098361e-01 4.284324e-01 4.918202e-01 6.692857e-01 6.747508e-01 7.293992e-01 7.393452e-01 8.959906e-01 
230 11 1.203269e-01 3.350966e-01 3.607711e-01 4.098361e-01 4.284324e-01 4.918202e-01 6.692857e-01 6.747508e-01 7.293992e-01 7.393452e-01 8.959906e-01 
231 11 1.203269e-01 3.350966e-01 3.607711e-01 4.098361e-01 4.284324e-01 4.918202e-01 6.692857e-01 6.747508e-01 7.293992e-01 7.393452e-01 8.959906e-01 
232 11 1.203269e-01 3.350966e-01 3.607711e-01 4.098361e-01 4.284324e-01 4.918202e-01 6.692857e-01 6.747508e-01 7.293992e-01 7.393452e-01 8.959906e-01 
233 11 1.203269e-01 3.350966e-01 3.607711e-01 4.098361e-01 4.284324e-01 4.918202e-01 6.692857e-01 6.747508e-01 7.293992e-01 7.393452e-01 8.959906e-01 
234 11 1.203269e-01 3.350966e-01 3.607711e-01 4.098361e-01 4.284324e-01 4.918202e-01 6.692857e-01 6.747508e-01 7.293992e-01 7.393452e-01 8.959906e-01 
235 11 1.203269e-01 3.350966e-01 3.607711e-01 4.098361e-01 4.284324e-01 4.918202e-01 6.692857e-01 6.747508e-01 7.293992e-01 7.393452e-01 8.959906e-01 
236 11 1.203269e-01 3.350966e-01 3.607711e-01 4.098361e-01 4.284324e-01 4.918202e-01 6.692857e-01 6.747508e-01 7.293992e-01 7.393452e-01 8.959906e-01 
237 11 1.160603e-01 3.350966e-01 3.607711e-01 4.098361e-01 4.284324e-01 4.918202e-01 6.692857e-01 6.747508e-01 7.293992e-01 7.393452e-01 8.959906e-01 
238 11 1.160603e-01 3.350966e-01 3.607711e-01 4.098361e-01 4.284324e-01 4.918202e-01 6.692857e-01 6.747508e-01 7.293992e-01 7.393452e-01 8.959906e-01 
239 11 1.160603e-01 3.350966e-01 3.607711e-01 4.098361e-01 4.284324e-01 4.918202e-01 6.692857e-01 6.747508e-01 7.293992e-01 7.393452e-01 8.959906e-01 
240 11 1.160603e-01 3.350966e-01 3.607711e-01 4.098361e-01 4.284324e-01 4.918202e-01 6.692857e-01 6.747508e-01 7.293992e-01 7.393452e-01 8.959906e-01 
241 11 1.160603e-01 3.350966e-01 3.607711e-01 4.098361e-01 4.284324e-01 4.918202e-01 6.692857e-01 6.747508e-01 7.293992e-01 7.393452e-01 8.959906e-01 
242 11 1.160603e-01 3.350966e-01 3.607711e-01 4.098361e-01 4.284324e-01 4.918202e-01 6.692857e-01 6.747508e-01 7.293992e-01 7.393452e-01 8.959906e-01 
243 11 1.160603e-01 3.350966e-01 3.607711e-01 4.098361e-01 4.284324e-01 4.918202e-01 6.692857e-01 6.747508e-01 7.293992e-01 7.393452e-01 8.959906e-01 
244 11 1.160603e-01 3.350966e-01 3.607711e-01 4.098361e-01 4.284324e-01 4.918202e-01 6.692857e-01 6.747508e-01 7.293992e-01 7.393452e-01 8.959906e-01 
245 11 1.160603e-01 3.350966e-01 3.607711e-01 4.098361e-01 4.284324e-01 4.918202e-01 6.692857e-01 6.747508e-01 7.293992e-01 7.393452e-01 9.302446e-01 
246 11 1.160603e-01 3.350966e-01 3.607711e-01 4.098361e-01 4.284324e-01 4.918202e-01 6.692857e-01 6.747508e-01 7.293992e-01 7.393452e-01 9.302446e-01 
247 11 1.160603e-01 3.350966e-01 3.607711e-01 4.098361e-01 4.284324e-01 4.918202e-01 6.692857e-01 6.747508e-01 7.293992e-01 7.393452e-01 9.302446e-01 
248 11 1.160603e-01 3.350966e-01 3.607711e-01 4.098361e-01 4.284324e-01 4.918202e-01 6.692857e-01 6.747508e-01 7.293992e-01 7.393452e-01 9.302446e-01 
249 11 1.160603e-01 3.350966e-01 3.607711e-01 4.098361e-01 4.284324e-01 4.918202e-01 6.692857e-01 6.747508e-01 7.293992e-01 7.393452e-01 9.302446e-01 
250 11 1.160603e-01 3.350966e-01 3.607711e-01 4.098361e-01 4.284324e-01 4.918202e-01 6.692857e-01 6.747508e-01 7.293992e-01 7.393452e-01 9.302446e-01 
251 11 1.160603e-01 3.350966e-01 3.607711e-01 4.098361e-01 4.284324e-01 4.918202e-01 6.747508e-01 6.777143e-01 7.293992e-01 7.393452e-01 9.302446e-01 
252 11 1.160603e-01 3.350966e-01 3.766133e-01 4.098361e-01 4.284324e-01 4.918202e-01 6.747508e-01 6.777143e-01 7.293992e-01 7.393452e-01 9.302446e-01 
253 11 1.160603e-01 3.350966e-01 3.766133e-01 4.098361e-01 4.284324e-01 4.918202e-01 6.747508e-01 6.777143e-01 7.293992e-01 7.393452e-01 9.302446e-01 
254 11 1.160603e-01 3.350966e-01 3.766133e-01 4.098361e-01 4.284324e-01 4.918202e-01 6.747508e-01 6.777143e-01 7.293992e-01 7.393452e-01 9.130021e-01 
255 11 1.160603e-01 3.350966e-01 3.766133e-01 4.098361e-01 4.284324e-01 4.918202e-01 6.747508e-01 6.777143e-01 7.293992e-01 7.393452e-01 9.130021e-01 
256 11 1.160603e-01 3.350966e-01 3.766133e-01 4.098361e-01 4.284324e-01 5.151955e-01 6.747508e-01 6.777143e-01 7.293992e-01 7.393452e-01 9.130021e-01 
257 11 1.160603e-01 3.350966e-01 3.766133e-01 4.098361e-01 4.284324e-01 5.151955e-01 6.747508e-01 6.777143e-01 7.293992e-01 7.393452e-01 9.130021e-01 
258 11 1.160603e-01 3.350966e-01 3.766133e-01 4.098361e-01 4.284324e-01 5.151955e-01 6.747508e-01 6.777143e-01 7.293992e-01 7.393452e-01 9.130021e-01 
259 11 1.160603e-01 3.350966e-01 3.766133e-01 4.098361e-01 4.284324e-01 5.151955e-01 6.747508e-01 6.777143e-01 7.293992e-01 7.393452e-01 9.130021e-01 
260 11 1.112427e-01 3.350966e-01 3.766133e-01 4.098361e-01 4.284324e-01 5.151955e-01 6.747508e-01 6.777143e-01 7.293992e-01 7.393452e-01 9.130021e-01 
261 11 1.112427e-01 3.350966e-01 3.766133e-01 4.098361e-01 4.284324e-01 5.151955e-01 6.747508e-01 6.777143e-01 7.293992e-01 7.393452e-01 9.130021e-01 
262 11 1.112427e-01 3.350966e-01 3.766133e-01 4.098361e-01 4.284324e-01 5.151955e-01 6.747508e-01 6.777143e-01 7.293992e-01 7.393452e-01 9.130021e-01 
263 11 1.112427e-01 3.350966e-01 3.766133e-01 4.098361e-01 4.284324e-01 5.151955e-01 6.747508e-01 6.777143e-01 7.293992e-01 7.393452e-01 9.130021e-01 
264 11 1.112427e-01 3.350966e-01 3.766133e-01 4.098361e-01 4.284324e-01 5.151955e-01 6.747508e-01 6.777143e-01 7.293992e-01 7.393452e-01 9.130021e-01 
265 11 1.112427e-01 3.350966e-01 3.766133e-01 4.098361e-01 4.284324e-01 5.151955e-01 6.747508e-01 6.777143e-01 7.293992e-01 7.393452e-01 9.130021e-01 
266 11 1.112427e-01 3.350966e-01 3.766133e-01 4.098361e-01 4.284324e-01 5.151955e-01 6.747508e-01 6.777143e-01 7.293992e-01 7.393452e-01 9.130021e-01 
267 11 1.112427e-01 3.350966e-01 3.766133e-01 4.098361e-01 4.284324e-01 5.151955e-01 6.747508e-01 6.777143e-01 7.293992e-01 7.393452e-01 9.130021e-01 
268 11 1.543227e-01 3.350966e-01 3.766133e-01 4.098361e-01 4.284324e-01 5.151955e-01 6.747508e-01 6.777143e-01 7.293992e-01 7.393452e-01 9.130021e-01 
269 11 1.543227e-01 3.350966e-01 3.766133e-01 4.098361e-01 4.284324e-01 5.151955e-01 6.747508e-01 6.777143e-01 7.293992e-01 7.393452e-01 9.130021e-01 
270 11 1.543227e-01 3.350966e-01 3.766133e-01 4.098361e-01 4.284324e-01 5.151955e-01 6.747508e-01 6.777143e-01 7.293992e-01 7.393452e-01 9.130021e-01 
271 11 1.543227e-01 3.350966e-01 3.766133e-01 4.098361e-01 4.284324e-01 4.410231e-01 6.747508e-01 6.777143e-01 7.293992e-01 7.393452e-01 9.130021e-01 
272 11 1.543227e-01 3.350966e-01 3.766133e-01 4.098361e-01 4.284324e-01 4.410231e-01 6.747508e-01 6.777143e-01 7.293992e-01 7.393452e-01 9.130021e-01 
273 11 1.543227e-01 3.350966e-01 3.766133e-01 4.098361e-01 4.284324e-01 4.410231e-01 6.747508e-01 6.777143e-01 7.293992e-01 7.393452e-01 9.130021e-01 
274 11 1.543227e-01 3.350966e-01 3.766133e-01 4.098361e-01 4.284324e-01 4.410231e-01 6.747508e-01 6.777143e-01 7.293992e-01 7.393452e-01 9.130021e-01 
275 11 1.543227e-01 3.350966e-01 3.766133e-01 4.098361e-01 4.284324e-01 4.410231e-01 6.747508e-01 6.777143e-01 7.293992e-01 7.393452e-01 9.130021e-01 
276 11 1.543227e-01 3.350966e-01 3.766133e-01 4.098361e-01 4.284324e-01 4.410231e-01 6.747508e-01 6.777143e-01 7.293992e-01 7.393452e-01 9.130021e-01 
277 11 1.543227e-01 3.350966e-01 3.766133e-01 4.098361e-01 4.284324e-01 4.410231e-01 6.747508e-01 6.777143e-01 7.293992e-01 7.393452e-01 9.130021e-01 
278 11 1.543227e-01 3.350966e-01 3.766133e-01 4.098361e-01 4.284324e-01 4.410231e-01 6.747508e-01 6.777143e-01 7.293992e-01 7.393452e-01 9.130021e-01 
279 11 1.543227e-01 3.350966e-01 3.766133e-01 4.098361e-01 4.382689e-01 4.410231e-01 6.747508e-01 6.777143e-01 7.293992e-01 7.393452e-01 9.130021e-01 
280 11 1.543227e-01 3.350966e-01 3.766133e-01 4.098361e-01 4.382689e-01 4.410231e-01 6.747508e-01 6.777143e-01 7.293992e-01 7.393452e-01 9.130021e-01 
281 11 1.543227e-01 3.350966e-01 3.766133e-01 4.098361e-01 4.382689e-01 4.410231e-01 6.747508e-01 6.777143e-01 7.293992e-01 7.393452e-01 9.130021e-01 
282 11 1.543227e-01 3.244608e-01 3.766133e-01 4.098361e-01 4.382689e-01 4.410231e-01 6.747508e-01 6.777143e-01 7.293992e-01 7.393452e-01 9.130021e-01 
283 11 1.543227e-01 3.244608e-01 3.766133e-01 4.098361e-01 4.382689e-01 4.410231e-01 6.747508e-01 6.777143e-01 7.293992e-01 7.393452e-01 9.130021e-01 
284 11 1.543227e-01 3.244608e-01 3.766133e-01 4.098361e-01 4.382689e-01 4.410231e-01 6.747508e-01 6.777143e-01 7.293992e-01 7.393452e-01 9.130021e-01 
285 11 1.543227e-01 3.244608e-01 3.766133e-01 4.098361e-01 4.382689e-01 4.410231e-01 6.747508e-01 6.777143e-01 7.293992e-01 7.393452e-01 9.130021e-01 
286 11 1.543227e-01 3.244608e-01 3.766133e-01 4.098361e-01 4.382689e-01 4.410231e-01 6.747508e-01 6.777143e-01 7.293992e-01 7.393452e-01 9.130021e-01 
287 11 1.543227e-01 3.244608e-01 3.766133e-01 4.098361e-01 4.382689e-01 4.410231e-01 6.747508e-01 6.777143e-01 7.293992e-01 7.393452e-01 9.130021e-01 
288 11 1.543227e-01 3.244608e-01 3.766133e-01 4.098361e-01 4.382689e-01 4.410231e-01 6.747508e-01 6.777143e-01 7.293992e-01 7.393452e-01 9.130021e-01 
289 11 1.543227e-01 3.244608e-01 3.766133e-01 4.098361e-01 4.382689e-01 4.410231e-01 6.747508e-01 6.777143e-01 7.293992e-01 7.393452e-01 9.130021e-01 
290 11 1.543227e-01 3.244608e-01 3.766133e-01 4.098361e-01 4.382689e-01 4.410231e-01 6.747508e-01 6.777143e-01 7.293992e-01 7.393452e-01 9.130021e-01 
291 11 1.543227e-01 3.244608e-01 3.766133e-01 4.098361e-01 4.382689e-01 4.410231e-01 6.747508e-01 6.777143e-01 7.293992e-01 7.393452e-01 9.130021e-01 
292 11 1.543227e-01 3.244608e-01 3.766133e-01 4.098361e-01 4.382689e-01 4.410231e-01 6.747508e-01 6.777143e-01 7.293992e-01 7.393452e-01 9.130021e-01 
293 11 1.543227e-01 3.244608e-01 3.766133e-01 4.098361e-01 4.382689e-01 4.410231e-01 6.747508e-01 6.777143e-01 7.293992e-01 7.393452e-01 9.130021e-01 
294 11 1.543227e-01 3.244608e-01 3.766133e-01 4.098361e-01 4.382689e-01 4.410231e-01 6.747508e-01 6.777143e-01 7.293992e-01 7.393452e-01 9.130021e-01 
295 11 1.543227e-01 3.244608e-01 3.766133e-01 4.098361e-01 4.382689e-01 4.410231e-01 6.747508e-01 6.777143e-01 7.293992e-01 7.393452e-01 9.130021e-01 
296 11 1.543227e-01 3.244608e-01 3.766133e-01 4.098361e-01 4.382689e-01 4.410231e-01 6.747508e-01 6.777143e-01 7.293992e-01 7.393452e-01 9.130021e-01 
297 11 1.543227e-01 3.244608e-01 3.766133e-01 4.098361e-01 4.382689e-01 4.410231e-01 6.747508e-01 6.777143e-01 7.293992e-01 7.393452e-01 9.130021e-01 
298 11 1.543227e-01 3.244608e-01 3.766133e-01 4.098361e-01 4.382689e-01 4.410231e-01 6.747508e-01 6.777143e-01 7.293992e-01 7.393452e-01 9.130021e-01 
299 11 1.543227e-01 3.244608e-01 3.766133e-01 4.098361e-01 4.382689e-01 4.410231e-01 6.747508e-01 6.777143e-01 7.293992e-01 7.393452e-01 9.130021e-01 
300 11 1.543227e-01 3.244608e-01 3.766133e-01 4.098361e-01 4.382689e-01 4.410231e-01 6.747508e-01 6.777143e-01 7.293992e-01 7.393452e-01 9.130021e-01 
301 11 1.543227e-01 3.569135e-01 3.766133e-01 4.098361e-01 4.382689e-01 4.410231e-01 6.747508e-01 6.777143e-01 7.293992e-01 7.393452e-01 9.130021e-01 
302 11 1.543227e-01 3.569135e-01 3.766133e-01 4.098361e-01 4.382689e-01 4.410231e-01 6.747508e-01 6.777143e-01 7.293992e-01 7.393452e-01 9.130021e-01 
303 11 1.543227e-01 3.569135e-01 3.766133e-01 4.098361e-01 4.382689e-01 4.410231e-01 6.747508e-01 6.777143e-01 7.293992e-01 7.393452e-01 9.130021e-01 
304 11 1.543227e-01 3.569135e-01 3.766133e-01 4.098361e-01 4.382689e-01 4.410231e-01 6.747508e-01 6.777143e-01 7.293992e-01 7.393452e-01 9.130021e-01 
305 11 1.543227e-01 3.569135e-01 3.766133e-01 4.098361e-01 4.382689e-01 4.410231e-01 6.747508e-01 6.777143e-01 7.293992e-01 7.393452e-01 9.130021e-01 
306 11 1.543227e-01 3.528006e-01 3.569135e-01 4.098361e-01 4.382689e-01 4.410231e-01 6.747508e-01 6.777143e-01 7.293992e-01 7.393452e-01 9.130021e-01 
307 11 1.543227e-01 3.528006e-01 3.569135e-01 4.098361e-01 4.382689e-01 4.410231e-01 6.747508e-01 6.777143e-01 7.293992e-01 7.393452e-01 9.130021e-01 
308 11 1.543227e-01 3.528006e-01 3.569135e-01 4.098361e-01 4.382689e-01 4.410231e-01 6.747508e-01 6.777143e-01 7.293992e-01 7.393452e-01 9.130021e-01 
309 11 1.543227e-01 3.528006e-01 3.569135e-01 4.098361e-01 4.382689e-01 4.410231e-01 6.747508e-01 6.777143e-01 7.293992e-01 7.393452e-01 9.130021e-01 
310 11 1.543227e-01 3.528006e-01 3.569135e-01 4.098361e-01 4.185130e-01 4.382689e-01 6.747508e-01 6.777143e-01 7.293992e-01 7.393452e-01 9.130021e-01 
311 11 1.543227e-01 3.528006e-01 3.569135e-01 4.098361e-01 4.185130e-01 4.382689e-01 6.747508e-01 6.777143e-01 7.293992e-01 7.393452e-01 9.130021e-01 
312 11 1.543227e-01 3.528006e-01 3.569135e-01 4.098361e-01 4.185130e-01 4.382689e-01 6.686640e-01 6.747508e-01 7.293992e-01 7.393452e-01 9.130021e-01 
313 11 1.543227e-01 3.528006e-01 3.569135e-01 4.098361e-01 4.185130e-01 4.382689e-01 6.686640e-01 6.747508e-01 7.293992e-01 7.393452e-01 9.130021e-01 
314 11 1.543227e-01 3.528006e-01 3.569135e-01 4.098361e-01 4.185130e-01 4.382689e-01 6.686640e-01 6.747508e-01 7.293992e-01 7.393452e-01 9.130021e-01 
315 11 1.543227e-01 3.528006e-01 3.569135e-01 4.098361e-01 4.185130e-01 4.382689e-01 6.686640e-01 6.747508e-01 7.293992e-01 7.393452e-01 9.130021e-01 
316 11 1.543227e-01 3.528006e-01 3.569135e-01 4.098361e-01 4.185130e-01 4.382689e-01 6.686640e-01 6.747508e-01 7.293992e-01 7.393452e-01 9.130021e-01 
317 11 1.543227e-01 3.528006e-01 3.569135e-01 4.098361e-01 4.382689e-01 4.464431e-01 6.686640e-01 6.747508e-01 7.293992e-01 7.393452e-01 9.130021e-01 
318 11 1.543227e-01 3.528006e-01 3.569135e-01 4.098361e-01 4.382689e-01 4.464431e-01 6.686640e-01 6.747508e-01 7.293992e-01 7.393452e-01 9.130021e-01 
319 11 1.543227e-01 3.528006e-01 3.569135e-01 4.098361e-01 4.382689e-01 4.464431e-01 6.686640e-01 6.747508e-01 7.293992e-01 7.393452e-01 9.130021e-01 
320 11 1.543227e-01 3.528006e-01 3.569135e-01 4.098361e-01 4.382689e-01 4.464431e-01 6.686640e-01 6.747508e-01 7.293992e-01 7.393452e-01 9.130021e-01 
321 11 1.543227e-01 3.528006e-01 3.569135e-01 4.098361e-01 4.382689e-01 4.464431e-01 6.686640e-01 6.747508e-01 7.293992e-01 7.393452e-01 9.130021e-01 
322 11 1.543227e-01 3.528006e-01 3.569135e-01 4.098361e-01 4.382689e-01 4.464431e-01 6.686640e-01 6.747508e-01 7.293992e-01 7.393452e-01 9.130021e-01 
323 11 1.543227e-01 3.528006e-01 3.569135e-01 4.098361e-01 4.382689e-01 4.464431e-01 6.686640e-01 6.747508e-01 7.293992e-01 7.393452e-01 9.130021e-01 
324 11 1.543227e-01 3.569135e-01 3.824694e-01 4.098361e-01 4.382689e-01 4.464431e-01 6.686640e-01 6.747508e-01 7.293992e-01 7.393452e-01 9.130021e-01 
325 11 1.543227e-01 3.569135e-01 3.824694e-01 4.098361e-01 4.382689e-01 4.464431e-01 6.686640e-01 6.747508e-01 7.293992e-01 7.393452e-01 9.130021e-01 
326 11 1.543227e-01 3.569135e-01 3.824694e-01 4.098361e-01 4.382689e-01 4.464431e-01 6.686640e-01 6.747508e-01 7.293992e-01 7.393452e-01 9.130021e-01 
327 11 1.543227e-01 3.569135e-01 3.824694e-01 4.098361e-01 4.382689e-01 4.464431e-01 6.686640e-01 6.747508e-01 7.293992e-01 7.393452e-01 9.130021e-01 
328 11 1.543227e-01 3.569135e-01 3.824694e-01 4.098361e-01 4.382689e-01 4.464431e-01 6.686640e-01 6.747508e-01 7.293992e-01 7.393452e-01 9.130021e-01 
329 11 1.543227e-01 3.569135e-01 3.824694e-01 4.098361e-01 4.382689e-01 4.464431e-01 6.686640e-01 6.747508e-01 7.293992e-01 7.393452e-01 9.130021e-01 
330 11 1.543227e-01 3.569135e-01 3.824694e-01 4.098361e-01 4.382689e-01 4.464431e-01 6.686640e-01 6.747508e-01 7.293992e-01 7.393452e-01 9.130021e-01 
331 11 1.543227e-01 3.569135e-01 3.824694e-01 4.098361e-01 4.382689e-01 4.464431e-01 6.686640e-01 6.747508e-01 7.293992e-01 7.407113e-01 9.130021e-01 
332 11 1.543227e-01 3.569135e-01 3.824694e-01 4.098361e-01 4.382689e-01 4.464431e-01 6.686640e-01 6.747508e-01 7.293992e-01 7.407113e-01 9.130021e-01 
333 11 1.543227e-01 3.569135e-01 3.824694e-01 4.098361e-01 4.382689e-01 4.464431e-01 6.686640e-01 6.747508e-01 7.293992e-01 7.407113e-01 9.130021e-01 
334 11 1.543227e-01 3.569135e-01 3.824694e-01 4.098361e-01 4.382689e-01 4.464431e-01 6.686640e-01 6.747508e-01 7.293992e-01 7.407113e-01 9.130021e-01 
335 11 1.543227e-01 3.569135e-01 3.824694e-01 4.098361e-01 4.382689e-01 4.464431e-01 6.686640e-01 6.747508e-01 7.293992e-01 7.407113e-01 9.130021e-01 
336 11 1.543227e-01 3.569135e-01 3.824694e-01 4.098361e-01 4.382689e-01 4.464431e-01 6.677536e-01 6.747508e-01 7.293992e-01 7.407113e-01 9.130021e-01 
337 11 1.543227e-01 3.569135e-01 3.824694e-01 4.098361e-01 4.382689e-01 4.464431e-01 6.677536e-01 6.747508e-01 7.293992e-01 7.407113e-01 9.130021e-01 
338 11 1.543227e-01 3.569135e-01 3.824694e-01 4.098361e-01 4.382689e-01 4.464431e-01 6.677536e-01 6.747508e-01 7.293992e-01 7.407113e-01 9.130021e-01 
339 11 1.543227e-01 3.569135e-01 3.824694e-01 4.098361e-01 4.382689e-01 4.464431e-01 6.677536e-01 6.747508e-01 7.293992e-01 7.407113e-01 9.685388e-01 
340 11 1.543227e-01 3.569135e-01 3.824694e-01 4.098361e-01 4.382689e-01 4.464431e-01 6.677536e-01 6.747508e-01 7.293992e-01 7.407113e-01 9.685388e-01 
341 11 1.543227e-01 3.569135e-01 3.824694e-01 4.098361e-01 4.382689e-01 4.464431e-01 6.677536e-01 6.747508e-01 7.293992e-01 7.407113e-01 9.685388e-01 
342 11 1.543227e-01 3.569135e-01 3.824694e-01 4.098361e-01 4.382689e-01 4.464431e-01 6.677536e-01 6.747508e-01 7.293992e-01 7.407113e-01 9.685388e-01 
343 11 1.543227e-01 3.569135e-01 3.824694e-01 4.098361e-01 4.382689e-01 4.464431e-01 6.677536e-01 6.747508e-01 7.293992e-01 7.407113e-01 9.685388e-01 
344 11 1.543227e-01 3.569135e-01 3.824694e-01 4.098361e-01 4.382689e-01 4.464431e-01 6.677536e-01 6.747508e-01 7.293992e-01 7.407113e-01 9.685388e-01 
345 11 1.543227e-01 3.569135e-01 3.824694e-01 4.098361e-01 4.382689e-01 4.464431e-01 6.677536e-01 6.747508e-01 7.293992e-01 7.407113e-01 9.685388e-01 
346 11 1.543227e-01 3.569135e-01 3.824694e-01 4.098361e-01 4.464431e-01 4.486203e-01 6.677536e-01 6.747508e-01 7.293992e-01 7.407113e-01 9.685388e-01 
347 11 1.543227e-01 3.569135e-01 3.824694e-01 4.098361e-01 4.464431e-01 4.486203e-01 6.677536e-01 6.747508e-01 7.293992e-01 7.407113e-01 9.685388e-01 
348 11 1.543227e-01 3.569135e-01 3.824694e-01 4.098361e-01 4.464431e-01 4.486203e-01 6.677536e-01 6.747508e-01 7.293992e-01 7.407113e-01 9.685388e-01 
349 11 1.543227e-01 3.569135e-01 3.824694e-01 4.098361e-01 4.464431e-01 4.486203e-01 6.677536e-01 6.747508e-01 7.293992e-01 7.407113e-01 9.685388e-01 
350 11 1.543227e-01 3.569135e-01 3.824694e-01 4.098361e-01 4.464431e-01 4.486203e-01 6.677536e-01 6.747508e-01 7.293992e-01 7.407113e-01 9.685388e-01 
351 11 1.543227e-01 3.576731e-01 3.824694e-01 4.098361e-01 4.464431e-01 4.486203e-01 6.677536e-01 6.747508e-01 7.293992e-01 7.407113e-01 9.685388e-01 
352 11 1.543227e-01 3.576731e-01 3.824694e-01 4.098361e-01 4.464431e-01 4.486203e-01 6.677536e-01 6.747508e-01 7.293992e-01 7.407113e-01 9.685388e-01 
353 11 1.543227e-01 3.576731e-01 3.824694e-01 4.098361e-01 4.464431e-01 4.486203e-01 6.677536e-01 6.747508e-01 7.293992e-01 7.407113e-01 9.685388e-01 
354 11 1.543227e-01 3.576731e-01 3.824694e-01 4.098361e-01 4.464431e-01 4.486203e-01 6.677536e-01 6.747508e-01 7.293992e-01 7.407113e-01 9.685388e-01 
355 11 1.543227e-01 3.576731e-01 3.824694e-01 4.098361e-01 4.464431e-01 4.486203e-01 6.677536e-01 6.747508e-01 7.293992e-01 7.407113e-01 9.685388e-01 
356 11 1.543227e-01 3.576731e-01 3.824694e-01 4.098361e-01 4.464431e-01 4.486203e-01 6.677536e-01 6.747508e-01 7.293992e-01 7.407113e-01 9.685388e-01 
357 11 1.543227e-01 3.576731e-01 3.824694e-01 4.098361e-01 4.464431e-01 4.486203e-01 6.677536e-01 6.747508e-01 7.293992e-01 7.407113e-01 9.685388e-01 
358 11 1.543227e-01 3.576731e-01 3.824694e-01 4.098361e-01 4.464431e-01 4.486203e-01 6.677536e-01 6.747508e-01 7.293992e-01 7.407113e-01 9.685388e-01 
359 11 1.543227e-01 3.576731e-01 3.824694e-01 4.098361e-01 4.464431e-01 4.486203e-01 6.677536e-01 6.747508e-01 7.293992e-01 7.407113e-01 9.685388e-01 
360 11 1.543227e-01 3.576731e-01 3.824694e-01 4.098361e-01 4.464431e-01 4.486203e-01 6.677536e-01 6.747508e-01 7.293992e-01 7.407113e-01 9.685388e-01 
361 11 1.543227e-01 3.576731e-01 3.824694e-01 4.098361e-01 4.464431e-01 4.486203e-01 6.677536e-01 6.747508e-01 7.293992e-01 7.407113e-01 9.685388e-01 
362 11 1.543227e-01 3.576731e-01 3.824694e-01 3.909352e-01 4.098361e-01 4.486203e-01 6.677536e-01 6.747508e-01 7.293992e-01 7.407113e-01 9.685388e-01 
363 11 1.543227e-01 3.576731e-01 3.824694e-01 3.909352e-01 4.098361e-01 4.486203e-01 6.677536e-01 6.747508e-01 7.293992e-01 7.407113e-01 9.685388e-01 
364 11 1.543227e-01 3.576731e-01 3.824694e-01 3.909352e-01 4.098361e-01 4.486203e-01 6.677536e-01 6.747508e-01 7.293992e-01 7.407113e-01 9.685388e-01 
365 11 1.543227e-01 3.576731e-01 3.824694e-01 3.909352e-01 4.098361e-01 4.486203e-01 6.677536e-01 6.747508e-01 7.293992e-01 7.407113e-01 9.685388e-01 
366 11 1.543227e-01 3.576731e-01 3.824694e-01 3.909352e-01 4.098361e-01 4.486203e-01 6.677536e-01 6.747508e-01 7.293992e-01 7.407113e-01 9.656566e-01 
367 11 1.543227e-01 3.576731e-01 3.824694e-01 3.909352e-01 4.098361e-01 4.486203e-01 6.677536e-01 6.747508e-01 7.293992e-01 7.407113e-01 9.656566e-01 
368 11 1.543227e-01 3.576731e-01 3.824694e-01 4.098361e-01 4.423397e-01 4.486203e-01 6.677536e-01 6.747508e-01 7.293992e-01 7.407113e-01 9.656566e-01 
369 11 1.543227e-01 3.576731e-01 3.824694e-01 4.098361e-01 4.423397e-01 4.486203e-01 6.677536e-01 6.747508e-01 7.293992e-01 7.407113e-01 9.656566e-01 
370 11 1.543227e-01 3.576731e-01 3.824694e-01 4.098361e-01 4.423397e-01 4.486203e-01 6.677536e-01 6.747508e-01 7.293992e-01 7.407113e-01 9.656566e-01 
371 11 1.543227e-01 3.576731e-01 3.824694e-01 4.098361e-01 4.423397e-01 4.486203e-01 6.677536e-01 6.747508e-01 7.293992e-01 7.407113e-01 9.656566e-01 
372 11 1.543227e-01 3.576731e-01 3.824694e-01 4.098361e-01 4.422442e-01 4.423397e-01 6.677536e-01 6.747508e-01 7.293992e-01 7.407113e-01 9.656566e-01 
373 11 1.543227e-01 3.576731e-01 3.824694e-01 4.098361e-01 4.422442e-01 4.423397e-01 6.677536e-01 6.747508e-01 7.293992e-01 7.407113e-01 9.656566e-01 
374 11 1.543227e-01 3.576731e-01 3.824694e-01 4.098361e-01 4.422442e-01 4.423397e-01 6.747508e-01 6.760901e-01 7.293992e-01 7.407113e-01 9.656566e-01 
375 11 1.543227e-01 3.576731e-01 3.824694e-01 4.098361e-01 4.422442e-01 4.423397e-01 6.747508e-01 6.760901e-01 7.293992e-01 7.407113e-01 9.656566e-01 
376 11 1.543227e-01 3.576731e-01 3.824694e-01 4.098361e-01 4.422442e-01 4.423397e-01 6.747508e-01 6.760901e-01 7.293992e-01 7.407113e-01 9.656566e-01 
377 11 1.543227e-01 3.576731e-01 3.824694e-01 4.098361e-01 4.422442e-01 4.423397e-01 6.747508e-01 6.760901e-01 7.293992e-01 7.407113e-01 9.656566e-01 
378 11 1.543227e-01 3.576731e-01 3.824694e-01 4.098361e-01 4.422442e-01 4.423397e-01 6.747508e-01 6.760901e-01 7.293992e-01 7.407113e-01 9.656566e-01 
379 11 1.543227e-01 3.576731e-01 3.824694e-01 4.098361e-01 4.422442e-01 4.423397e-01 6.747508e-01 6.760901e-01 7.293992e-01 7.407113e-01 9.656566e-01 
380 11 1.543227e-01 3.576731e-01 3.824694e-01 4.098361e-01 4.422442e-01 4.423397e-01 6.747508e-01 6.760901e-01 7.293992e-01 7.407113e-01 9.656566e-01 
381 11 1.543227e-01 3.576731e-01 3.824694e-01 4.098361e-01 4.422442e-01 4.423397e-01 6.747508e-01 6.760901e-01 7.293992e-01 7.407113e-01 9.656566e-01 
382 11 1.543227e-01 3.576731e-01 3.824694e-01 4.098361e-01 4.422442e-01 4.423397e-01 6.747508e-01 6.760901e-01 7.293992e-01 7.407113e-01 9.656566e-01 
383 11 1.543227e-01 3.576731e-01 3.824694e-01 4.098361e-01 4.422442e-01 4.423397e-01 6.747508e-01 6.760901e-01 7.293992e-01 7.407113e-01 9.656566e-01 
384 11 1.543227e-01 3.576731e-01 3.824694e-01 4.098361e-01 4.422442e-01 4.423397e-01 6.747508e-01 6.760901e-01 7.293992e-01 7.407113e-01 9.656566e-01 
385 11 1.543227e-01 3.576731e-01 3.824694e-01 4.098361e-01 4.422442e-01 4.423397e-01 6.747508e-01 6.760901e-01 7.293992e-01 7.407113e-01 9.656566e-01 
386 11 1.543227e-01 3.576731e-01 3.824694e-01 4.098361e-01 4.250063e-01 4.423397e-01 6.747508e-01 6.760901e-01 7.293992e-01 7.407113e-01 9.656566e-01 
387 11 1.543227e-01 3.576731e-01 3.824694e-01 4.098361e-01 4.250063e-01 4.423397e-01 6.747508e-01 6.760901e-01 7.293992e-01 7.407113e-01 9.656566e-01 
388 11 1.543227e-01 3.576731e-01 3.824694e-01 4.098361e-01 4.250063e-01 4.423397e-01 6.747508e-01 6.760901e-01 7.293992e-01 7.407113e-01 9.656566e-01 
389 11 1.543227e-01 3.576731e-01 3.824694e-01 4.098361e-01 4.250063e-01 4.423397e-01 6.668361e-01 6.747508e-01 7.293992e-01 7.407113e-01 9.656566e-01 
390 11 1.543227e-01 3.576731e-01 3.824694e-01 4.098361e-01 4.250063e-01 4.423397e-01 6.668361e-01 6.747508e-01 7.293992e-01 7.407113e-01 9.656566e-01 
391 11 1.543227e-01 3.576731e-01 3.824694e-01 4.098361e-01 4.250063e-01 4.423397e-01 6.668361e-01 6.747508e-01 7.293992e-01 7.407113e-01 9.656566e-01 
392 11 1.543227e-01 3.576731e-01 3.824694e-01 4.098361e-01 4.250063e-01 4.423397e-01 6.668361e-01 6.747508e-01 7.293992e-01 7.407113e-01 9.656566e-01 
393 11 1.543227e-01 3.576731e-01 3.824694e-01 4.098361e-01 4.250063e-01 4.423397e-01 6.668361e-01 6.747508e-01 7.293992e-01 7.407113e-01 9.656566e-01 
394 11 1.543227e-01 3.576731e-01 3.824694e-01 4.098361e-01 4.250063e-01 4.423397e-01 6.668361e-01 6.747508e-01 7.293992e-01 7.407113e-01 9.656566e-01 
395 11 1.543227e-01 3.576731e-01 3.824694e-01 4.098361e-01 4.250063e-01 4.423397e-01 6.668361e-01 6.747508e-01 7.293992e-01 7.407113e-01 9.656566e-01 
396 11 1.543227e-01 3.576731e-01 3.824694e-01 4.098361e-01 4.250063e-01 4.423397e-01 6.668361e-01 6.747508e-01 7.293992e-01 7.407113e-01 9.656566e-01 
397 11 1.543227e-01 3.576731e-01 3.824694e-01 4.098361e-01 4.250063e-01 4.423397e-01 6.668361e-01 6.747508e-01 7.293992e-01 7.407113e-01 9.656566e-01 
398 11 1.543227e-01 3.576731e-01 3.824694e-01 4.098361e-01 4.250063e-01 4.423397e-01 6.668361e-01 6.747508e-01 7.293992e-01 7.407113e-01 9.656566e-01 
399 11 1.543227e-01 3.576731e-01 3.824694e-01 4.098361e-01 4.250063e-01 4.423397e-01 6.668361e-01 6.747508e-01 7.293992e-01 7.407113e-01 9.656566e-01 
400 11 1.543227e-01 3.576731e-01 3.824694e-01 4.098361e-01 4.250063e-01 4.423397e-01 6.668361e-01 6.747508e-01 7.293992e-01 7.407113e-01 9.656566e-01 
401 11 1.543227e-01 3.576731e-01 3.824694e-01 4.098361e-01 4.250063e-01 4.423397e-01 6.668361e-01 6.747508e-01 7.293992e-01 7.407113e-01 9.656566e-01 
402 11 1.543227e-01 3.576731e-01 3.824694e-01 4.098361e-01 4.250063e-01 4.423397e-01 6.668361e-01 6.747508e-01 7.293992e-01 7.407113e-01 9.656566e-01 
403 11 1.543227e-01 3.576731e-01 3.824694e-01 4.098361e-01 4.250063e-01 4.423397e-01 6.668361e-01 6.747508e-01 7.293992e-01 7.407113e-01 9.656566e-01 
404 11 1.543227e-01 3.576731e-01 3.721932e-01 4.098361e-01 4.250063e-01 4.423397e-01 6.668361e-01 6.747508e-01 7.293992e-01 7.407113e-01 9.656566e-01 
405 11 1.543227e-01 3.576731e-01 3.721932e-01 4.098361e-01 4.250063e-01 4.423397e-01 6.668361e-01 6.747508e-01 7.293992e-01 7.407113e-01 9.656566e-01 
406 11 1.543227e-01 3.576731e-01 3.721932e-01 4.098361e-01 4.250063e-01 4.423397e-01 6.668361e-01 6.747508e-01 7.293992e-01 7.407113e-01 9.656566e-01 
407 11 1.543227e-01 3.576731e-01 3.721932e-01 4.098361e-01 4.250063e-01 4.423397e-01 6.668361e-01 6.747508e-01 7.293992e-01 7.407113e-01 9.656566e-01 
408 11 1.543227e-01 3.576731e-01 3.721932e-01 4.098361e-01 4.250063e-01 4.423397e-01 6.668361e-01 6.747508e-01 7.293992e-01 7.407113e-01 9.656566e-01 
409 11 1.543227e-01 3.576731e-01 3.721932e-01 4.098361e-01 4.250063e-01 4.423397e-01 6.668361e-01 6.747508e-01 7.293992e-01 7.407113e-01 9.656566e-01 
410 11 1.543227e-01 3.576731e-01 3.721932e-01 4.098361e-01 4.250063e-01 4.423397e-01 6.668361e-01 6.747508e-01 7.293992e-01 7.407113e-01 9.656566e-01 
411 11 1.543227e-01 3.576731e-01 3.721932e-01 4.098361e-01 4.250063e-01 4.423397e-01 6.668361e-01 6.747508e-01 7.293992e-01 7.407113e-01 9.656566e-01 
412 11 1.543227e-01 3.576731e-01 3.721932e-01 4.098361e-01 4.250063e-01 4.423397e-01 6.668361e-01 6.747508e-01 7.293992e-01 7.407113e-01 9.656566e-01 
413 11 1.543227e-01 3.576731e-01 3.721932e-01 4.098361e-01 4.250063e-01 4.785691e-01 6.668361e-01 6.747508e-01 7.293992e-01 7.407113e-01 9.656566e-01 
414 11 1.543227e-01 3.576731e-01 3.721932e-01 4.098361e-01 4.250063e-01 4.785691e-01 6.668361e-01 6.747508e-01 7.293992e-01 7.407113e-01 9.656566e-01 
415 11 1.543227e-01 3.576731e-01 3.721932e-01 4.098361e-01 4.250063e-01 4.785691e-01 6.668361e-01 6.747508e-01 7.293992e-01 7.407113e-01 8.821402e-01 
416 11 1.543227e-01 3.576731e-01 3.721932e-01 4.098361e-01 4.250063e-01 4.785691e-01 6.668361e-01 6.747508e-01 7.293992e-01 7.407113e-01 8.821402e-01 
417 11 1.684730e-01 3.576731e-01 3.721932e-01 4.098361e-01 4.250063e-01 4.785691e-01 6.668361e-01 6.747508e-01 7.293992e-01 7.407113e-01 8.821402e-01 
418 11 1.684730e-01 3.576731e-01 3.721932e-01 4.098361e-01 4.250063e-01 4.785691e-01 6.668361e-01 6.747508e-01 7.293992e-01 7.407113e-01 8.821402e-01 
419 11 1.684730e-01 3.576731e-01 3.721932e-01 4.098361e-01 4.250063e-01 4.785691e-01 6.668361e-01 6.747508e-01 7.293992e-01 7.407113e-01 8.821402e-01 
420 11 1.684730e-01 3.576731e-01 3.721932e-01 4.098361e-01 4.250063e-01 4.785691e-01 6.668361e-01 6.747508e-01 7.293992e-01 7.407113e-01 8.821402e-01 
421 11 1.684730e-01 3.576731e-01 3.721932e-01 4.098361e-01 4.250063e-01 4.785691e-01 6.668361e-01 6.747508e-01 7.293992e-01 7.407113e-01 8.821402e-01 
422 11 1.684730e-01 3.576731e-01 3.721932e-01 4.098361e-01 4.250063e-01 4.785691e-01 6.668361e-01 6.747508e-01 7.293992e-01 7.407113e-01 8.821402e-01 
423 11 1.684730e-01 3.576731e-01 3.721932e-01 4.098361e-01 4.250063e-01 4.785691e-01 6.668361e-01 6.747508e-01 7.293992e-01 7.407113e-01 8.821402e-01 
424 11 1.684730e-01 3.576731e-01 3.721932e-01 4.098361e-01 4.250063e-01 4.785691e-01 6.668361e-01 6.747508e-01 7.293992e-01 7.407113e-01 8.821402e-01 
425 11 1.684730e-01 3.576731e-01 3.721932e-01 4.098361e-01 4.250063e-01 4.785691e-01 6.668361e-01 6.747508e-01 7.293992e-01 7.407113e-01 8.821402e-01 
426 11 1.684730e-01 3.576731e-01 3.721932e-01 4.098361e-01 4.250063e-01 4.785691e-01 6.668361e-01 6.747508e-01 7.293992e-01 7.407113e-01 8.821402e-01 
427 11 1.684730e-01 3.576731e-01 3.721932e-01 4.098361e-01 4.250063e-01 4.785691e-01 6.668361e-01 6.747508e-01 7.293992e-01 7.407113e-01 8.821402e-01 
428 11 1.684730e-01 3.576731e-01 3.721932e-01 4.098361e-01 4.250063e-01 4.785691e-01 6.668361e-01 6.747508e-01 7.293992e-01 7.407113e-01 8.821402e-01 
429 11 1.684730e-01 3.576731e-01 3.721932e-01 4.098361e-01 4.250063e-01 4.785691e-01 6.668361e-01 6.747508e-01 7.293992e-01 7.407113e-01 8.821402e-01 
430 11 1.684730e-01 3.576731e-01 3.721932e-01 4.098361e-01 4.250063e-01 4.785691e-01 6.668361e-01 6.747508e-01 7.293992e-01 7.407113e-01 8.821402e-01 
431 11 1.684730e-01 3.576731e-01 3.721932e-01 4.098361e-01 4.250063e-01 4.785691e-01 6.747508e-01 6.761565e-01 7.293992e-01 7.407113e-01 8.821402e-01 
432 11 1.684730e-01 3.576731e-01 3.721932e-01 4.098361e-01 4.250063e-01 4.785691e-01 6.747508e-01 6.761565e-01 7.293992e-01 7.407113e-01 8.821402e-01 
433 11 1.684730e-01 3.576731e-01 3.721932e-01 4.098361e-01 4.250063e-01 4.785691e-01 6.747508e-01 6.761565e-01 7.293992e-01 7.407113e-01 8.821402e-01 
434 11 1.684730e-01 3.576731e-01 3.721932e-01 4.098361e-01 4.250063e-01 4.785691e-01 6.747508e-01 6.761565e-01 7.293992e-01 7.407113e-01 8.821402e-01 
435 11 1.684730e-01 3.576731e-01 3.721932e-01 4.098361e-01 4.250063e-01 4.785691e-01 6.747508e-01 6.761565e-01 7.293992e-01 7.407113e-01 8.460345e-01 
436 11 1.684730e-01 3.576731e-01 3.721932e-01 4.098361e-01 4.250063e-01 4.785691e-01 6.747508e-01 6.761565e-01 7.293992e-01 7.407113e-01 8.460345e-01 
437 11 1.684730e-01 3.576731e-01 3.721932e-01 4.098361e-01 4.250063e-01 4.785691e-01 6.747508e-01 6.761565e-01 7.293992e-01 7.407113e-01 8.460345e-01 
438 11 1.684730e-01 3.576731e-01 3.721932e-01 4.098361e-01 4.250063e-01 4.785691e-01 6.747508e-01 6.761565e-01 7.293992e-01 7.407113e-01 8.460345e-01 
439 11 1.684730e-01 3.576731e-01 3.721932e-01 4.098361e-01 4.250063e-01 4.785691e-01 6.747508e-01 6.761565e-01 7.293992e-01 7.407113e-01 8.460345e-01 
440 11 1.684730e-01 3.576731e-01 3.721932e-01 4.098361e-01 4.250063e-01 4.785691e-01 6.575217e-01 6.761565e-01 7.293992e-01 7.407113e-01 8.460345e-01 
441 11 1.684730e-01 3.576731e-01 3.721932e-01 4.098361e-01 4.130594e-01 4.250063e-01 6.575217e-01 6.761565e-01 7.293992e-01 7.407113e-01 8.460345e-01 
442 11 1.684730e-01 3.576731e-01 3.721932e-01 4.098361e-01 4.130594e-01 4.250063e-01 6.575217e-01 6.761565e-01 7.293992e-01 7.407113e-01 8.460345e-01 
443 11 1.684730e-01 3.576731e-01 3.721932e-01 4.098361e-01 4.130594e-01 4.250063e-01 6.575217e-01 6.761565e-01 7.293992e-01 7.407113e-01 8.460345e-01 
444 11 1.684730e-01 3.576731e-01 3.721932e-01 4.098361e-01 4.130594e-01 4.250063e-01 6.575217e-01 6.761565e-01 7.293992e-01 7.407113e-01 8.460345e-01 
445 11 1.684730e-01 3.576731e-01 3.721932e-01 4.098361e-01 4.130594e-01 4.741136e-01 6.575217e-01 6.761565e-01 7.293992e-01 7.407113e-01 8.460345e-01 
446 11 1.684730e-01 3.576731e-01 3.721932e-01 4.098361e-01 4.130594e-01 4.741136e-01 6.575217e-01 6.761565e-01 7.293992e-01 7.407113e-01 8.460345e-01 
447 11 1.684730e-01 3.576731e-01 3.721932e-01 4.098361e-01 4.130594e-01 4.741136e-01 6.575217e-01 6.761565e-01 7.293992e-01 7.407113e-01 8.460345e-01 
448 11 1.684730e-01 3.576731e-01 3.721932e-01 4.098361e-01 4.130594e-01 4.741136e-01 6.575217e-01 6.761565e-01 7.293992e-01 7.407113e-01 8.460345e-01 
449 11 1.684730e-01 3.576731e-01 3.721932e-01 4.098361e-01 4.130594e-01 4.741136e-01 6.575217e-01 6.761565e-01 7.293992e-01 7.407113e-01 8.460345e-01 
450 11 1.684730e-01 3.576731e-01 3.721932e-01 4.098361e-01 4.130594e-01 4.741136e-01 6.575217e-01 6.761565e-01 7.293992e-01 7.407113e-01 8.460345e-01 
451 11 1.684730e-01 3.576731e-01 3.721932e-01 4.098361e-01 4.130594e-01 4.741136e-01 6.575217e-01 6.761565e-01 7.293992e-01 7.407113e-01 8.460345e-01 
452 11 1.684730e-01 3.576731e-01 3.721932e-01 4.098361e-01 4.130594e-01 4.741136e-01 6.575217e-01 6.761565e-01 7.293992e-01 7.407113e-01 8.460345e-01 
453 11 1.684730e-01 3.576731e-01 3.721932e-01 4.098361e-01 4.130594e-01 4.741136e-01 6.575217e-01 6.761565e-01 7.293992e-01 7.407113e-01 8.460345e-01 
454 11 1.684730e-01 3.576731e-01 3.721932e-01 4.098361e-01 4.130594e-01 4.741136e-01 6.575217e-01 6.761565e-01 7.293992e-01 7.400557e-01 8.460345e-01 
455 11 1.684730e-01 3.576731e-01 3.721932e-01 4.098361e-01 4.130594e-01 4.741136e-01 6.575217e-01 6.761565e-01 7.293992e-01 7.400557e-01 8.460345e-01 
456 11 1.684730e-01 3.576731e-01 3.721932e-01 4.098361e-01 4.130594e-01 4.741136e-01 6.575217e-01 6.761565e-01 7.293992e-01 7.400557e-01 8.460345e-01 
457 11 1.684730e-01 3.576731e-01 3.721932e-01 4.098361e-01 4.130594e-01 4.741136e-01 6.575217e-01 6.761565e-01 7.293992e-01 7.400557e-01 8.460345e-01 
458 11 1.684730e-01 3.576731e-01 3.721932e-01 4.098361e-01 4.130594e-01 4.741136e-01 6.575217e-01 6.761565e-01 7.293992e-01 7.400557e-01 8.460345e-01 
459 11 1.684730e-01 3.576731e-01 3.721932e-01 4.098361e-01 4.130594e-01 4.741136e-01 6.575217e-01 6.761565e-01 7.293992e-01 7.400557e-01 8.460345e-01 
460 11 1.534285e-01 3.576731e-01 3.721932e-01 4.098361e-01 4.130594e-01 4.741136e-01 6.575217e-01 6.761565e-01 7.293992e-01 7.400557e-01 8.460345e-01 
461 11 1.534285e-01 3.576731e-01 3.721932e-01 4.098361e-01 4.130594e-01 4.741136e-01 6.575217e-01 6.761565e-01 7.293992e-01 7.400557e-01 8.460345e-01 
462 11 1.534285e-01 3.576731e-01 3.721932e-01 4.098361e-01 4.130594e-01 4.741136e-01 6.575217e-01 6.761565e-01 7.293992e-01 7.400557e-01 8.460345e-01 
463 11 1.534285e-01 3.446392e-01 3.576731e-01 4.098361e-01 4.130594e-01 4.741136e-01 6.575217e-01 6.761565e-01 7.293992e-01 7.400557e-01 8.460345e-01 
464 11 1.534285e-01 3.446392e-01 3.576731e-01 4.098361e-01 4.130594e-01 4.741136e-01 6.575217e-01 6.761565e-01 7.293992e-01 7.400557e-01 8.460345e-01 
465 11 1.534285e-01 3.446392e-01 3.576731e-01 4.098361e-01 4.130594e-01 4.741136e-01 6.575217e-01 6.761565e-01 7.293992e-01 7.400557e-01 8.460345e-01 
466 11 1.534285e-01 3.446392e-01 3.576731e-01 4.098361e-01 4.130594e-01 4.741136e-01 6.575217e-01 6.761565e-01 7.293992e-01 7.400557e-01 8.460345e-01 
467 11 1.534285e-01 3.446392e-01 3.576731e-01 4.098361e-01 4.130594e-01 4.741136e-01 6.575217e-01 6.761565e-01 7.293992e-01 7.400557e-01 8.460345e-01 
468 11 1.534285e-01 3.446392e-01 3.576731e-01 4.098361e-01 4.130594e-01 4.741136e-01 6.575217e-01 6.761565e-01 7.293992e-01 7.400557e-01 8.460345e-01 
469 11 1.534285e-01 3.446392e-01 3.576731e-01 4.098361e-01 4.130594e-01 4.741136e-01 6.575217e-01 6.761565e-01 7.293992e-01 7.400557e-01 8.460345e-01 
470 11 1.534285e-01 3.446392e-01 3.576731e-01 4.098361e-01 4.130594e-01 4.741136e-01 6.575217e-01 6.761565e-01 7.293992e-01 7.400557e-01 8.460345e-01 
471 11 1.534285e-01 3.446392e-01 3.576731e-01 4.098361e-01 4.130594e-01 4.741136e-01 6.575217e-01 6.761565e-01 7.293992e-01 7.400557e-01 8.460345e-01 
472 11 1.534285e-01 3.446392e-01 3.576731e-01 4.098361e-01 4.130594e-01 4.741136e-01 6.575217e-01 6.761565e-01 7.293992e-01 7.400557e-01 8.767167e-01 
473 11 1.534285e-01 3.446392e-01 3.576731e-01 4.098361e-01 4.130594e-01 4.741136e-01 6.575217e-01 6.761565e-01 7.293992e-01 7.400557e-01 8.767167e-01 
474 11 1.534285e-01 3.446392e-01 3.576731e-01 4.098361e-01 4.130594e-01 4.741136e-01 6.575217e-01 6.761565e-01 7.293992e-01 7.400557e-01 8.767167e-01 
475 11 1.534285e-01 3.446392e-01 3.576731e-01 4.098361e-01 4.130594e-01 4.741136e-01 6.575217e-01 6.761565e-01 7.293992e-01 7.400557e-01 8.767167e-01 
476 11 1.534285e-01 3.446392e-01 3.576731e-01 4.098361e-01 4.130594e-01 4.741136e-01 6.575217e-01 6.761565e-01 7.293992e-01 7.400557e-01 8.767167e-01 
477 11 1.534285e-01 3.446392e-01 3.576731e-01 4.098361e-01 4.130594e-01 4.741136e-01 6.575217e-01 6.761565e-01 7.293992e-01 7.400557e-01 8.767167e-01 
478 11 1.534285e-01 3.446392e-01 3.576731e-01 4.098361e-01 4.130594e-01 4.741136e-01 6.575217e-01 6.761565e-01 7.293992e-01 7.400557e-01 8.767167e-01 
479 11 1.534285e-01 3.446392e-01 3.576731e-01 4.098361e-01 4.130594e-01 4.741136e-01 6.575217e-01 6.761565e-01 7.293992e-01 7.400557e-01 8.760371e-01 
480 11 1.534285e-01 3.446392e-01 3.576731e-01 4.098361e-01 4.130594e-01 4.741136e-01 6.575217e-01 6.761565e-01 7.293992e-01 7.400557e-01 8.760371e-01 
481 11 1.534285e-01 3.446392e-01 3.576731e-01 4.098361e-01 4.130594e-01 4.741136e-01 6.575217e-01 6.761565e-01 7.293992e-01 7.400557e-01 8.760371e-01 
482 11 1.534285e-01 3.446392e-01 3.576731e-01 4.098361e-01 4.130594e-01 4.741136e-01 6.575217e-01 6.761565e-01 7.293992e-01 7.400557e-01 8.760371e-01 
483 11 1.534285e-01 3.446392e-01 3.576731e-01 4.098361e-01 4.130594e-01 4.741136e-01 6.575217e-01 6.761565e-01 7.293992e-01 7.400557e-01 8.760371e-01 
484 11 1.534285e-01 3.446392e-01 3.576731e-01 4.098361e-01 4.130594e-01 4.741136e-01 6.575217e-01 6.761565e-01 7.293992e-01 7.400557e-01 8.760371e-01 
485 10 1.534285e-01 3.446392e-01 3.576731e-01 4.098361e-01 4.130594e-01 6.575217e-01 6.761565e-01 7.293992e-01 7.400557e-01 8.760371e-01 
486 10 1.534285e-01 3.446392e-01 3.576731e-01 4.098361e-01 4.130594e-01 6.575217e-01 6.761565e-01 7.169052e-01 7.293992e-01 8.760371e-01 
487 10 1.534285e-01 3.446392e-01 3.576731e-01 4.098361e-01 4.130594e-01 6.575217e-01 6.761565e-01 7.169052e-01 7.293992e-01 8.760371e-01 
488 10 1.534285e-01 3.446392e-01 3.576731e-01 4.098361e-01 4.130594e-01 6.575217e-01 6.761565e-01 7.169052e-01 7.293992e-01 8.760371e-01 
489 10 1.534285e-01 3.446392e-01 3.576731e-01 4.098361e-01 4.130594e-01 6.575217e-01 6.761565e-01 7.169052e-01 7.293992e-01 8.760371e-01 
490 10 1.534285e-01 3.446392e-01 3.576731e-01 4.098361e-01 4.130594e-01 6.575217e-01 6.761565e-01 7.169052e-01 7.293992e-01 8.760371e-01 
491 10 1.534285e-01 3.446392e-01 3.576731e-01 4.098361e-01 4.130594e-01 6.575217e-01 6.761565e-01 7.169052e-01 7.293992e-01 8.760371e-01 
492 10 1.534285e-01 3.446392e-01 3.576731e-01 4.098361e-01 4.130594e-01 6.575217e-01 6.761565e-01 7.169052e-01 7.293992e-01 8.760371e-01 
493 10 1.534285e-01 3.446392e-01 3.576731e-01 4.098361e-01 4.130594e-01 6.575217e-01 6.761565e-01 7.169052e-01 7.293992e-01 8.760371e-01 
494 10 1.534285e-01 3.446392e-01 3.576731e-01 4.098361e-01 4.130594e-01 6.575217e-01 6.761565e-01 7.169052e-01 7.293992e-01 8.760371e-01 
495 10 1.534285e-01 3.446392e-01 3.576731e-01 4.098361e-01 4.130594e-01 6.575217e-01 6.761565e-01 7.169052e-01 7.293992e-01 8.760371e-01 
496 10 1.534285e-01 3.446392e-01 3.576731e-01 4.098361e-01 4.130594e-01 6.575217e-01 6.761565e-01 7.293992e-01 7.367226e-01 8.760371e-01 
497 10 1.534285e-01 3.446392e-01 3.576731e-01 4.098361e-01 4.130594e-01 6.575217e-01 6.761565e-01 7.293992e-01 7.367226e-01 8.760371e-01 
498 10 1.534285e-01 3.446392e-01 3.576731e-01 4.098361e-01 4.130594e-01 6.575217e-01 6.761565e-01 7.293992e-01 7.367226e-01 8.760371e-01 
499 10 1.534285e-01 3.368644e-01 3.576731e-01 4.098361e-01 4.130594e-01 6.575217e-01 6.761565e-01 7.293992e-01 7.367226e-01 8.760371e-01 
500 10 1.534285e-01 3.368644e-01 3.576731e-01 4.098361e-01 4.130594e-01 6.575217e-01 6.761565e-01 7.293992e-01 7.367226e-01 8.760371e-01 
501 10 1.534285e-01 3.368644e-01 3.576731e-01 4.098361e-01 4.130594e-01 6.575217e-01 6.761565e-01 7.293992e-01 7.367226e-01 8.760371e-01 
502 10 1.534285e-01 3.368644e-01 3.576731e-01 4.098361e-01 4.130594e-01 6.575217e-01 6.761565e-01 7.293992e-01 7.367226e-01 8.760371e-01 
503 10 1.534285e-01 3.368644e-01 3.576731e-01 4.098361e-01 4.130594e-01 6.575217e-01 6.761565e-01 7.293992e-01 7.367226e-01 8.760371e-01 
504 10 1.534285e-01 3.368644e-01 3.576731e-01 4.098361e-01 4.130594e-01 6.575217e-01 6.761565e-01 7.293992e-01 7.367226e-01 8.760371e-01 
505 10 1.534285e-01 3.368644e-01 3.576731e-01 4.098361e-01 4.130594e-01 6.575217e-01 6.761565e-01 7.293992e-01 7.367226e-01 8.760371e-01 
506 10 1.534285e-01 3.368644e-01 3.576731e-01 4.098361e-01 4.130594e-01 6.575217e-01 6.761565e-01 7.293992e-01 7.367226e-01 8.760371e-01 
507 10 1.256848e-01 3.368644e-01 3.576731e-01 4.098361e-01 4.130594e-01 6.575217e-01 6.761565e-01 7.293992e-01 7.367226e-01 8.760371e-01 
508 10 1.256848e-01 3.368644e-01 3.576731e-01 4.098361e-01 4.130594e-01 6.575217e-01 6.761565e-01 7.293992e-01 7.367226e-01 8.760371e-01 
509 10 1.256848e-01 3.368644e-01 3.601901e-01 4.098361e-01 4.130594e-01 6.575217e-01 6.761565e-01 7.293992e-01 7.367226e-01 8.760371e-01 
510 10 1.256848e-01 3.368644e-01 3.601901e-01 4.098361e-01 4.130594e-01 6.575217e-01 6.761565e-01 7.293992e-01 7.367226e-01 8.975973e-01 
511 10 1.256848e-01 3.368644e-01 3.601901e-01 4.098361e-01 4.130594e-01 6.575217e-01 6.761565e-01 7.293992e-01 7.367226e-01 8.975973e-01 
512 10 1.256848e-01 3.368644e-01 3.601901e-01 4.098361e-01 4.130594e-01 6.575217e-01 6.761565e-01 7.293992e-01 7.367226e-01 8.975973e-01 
513 10 1.256848e-01 3.368644e-01 3.601901e-01 4.098361e-01 4.130594e-01 6.575217e-01 6.761565e-01 7.293992e-01 7.367226e-01 8.975973e-01 
514 10 1.256848e-01 3.368644e-01 3.601901e-01 4.098361e-01 4.130594e-01 6.575217e-01 6.761565e-01 7.293992e-01 7.367226e-01 8.975973e-01 
515 10 1.256848e-01 3.368644e-01 3.601901e-01 4.098361e-01 4.130594e-01 6.575217e-01 6.761565e-01 7.293992e-01 7.367226e-01 9.126830e-01 
516 10 1.256848e-01 3.368644e-01 3.601901e-01 4.098361e-01 4.130594e-01 6.575217e-01 6.761565e-01 7.293992e-01 7.367226e-01 9.126830e-01 
517 10 1.256848e-01 3.368644e-01 3.601901e-01 4.098361e-01 4.130594e-01 6.575217e-01 6.761565e-01 7.293992e-01 7.367226e-01 9.126830e-01 
518 10 1.256848e-01 3.368644e-01 3.601901e-01 4.098361e-01 4.130594e-01 6.575217e-01 6.761565e-01 7.293992e-01 7.367226e-01 9.126830e-01 
519 10 1.256848e-01 3.368644e-01 3.601901e-01 4.098361e-01 4.130594e-01 6.575217e-01 6.761565e-01 7.293992e-01 7.367226e-01 9.126830e-01 
520 10 1.256848e-01 3.368644e-01 3.601901e-01 4.098361e-01 4.130594e-01 6.575217e-01 6.761565e-01 7.293992e-01 7.367226e-01 9.126830e-01 
521 10 1.256848e-01 3.368644e-01 3.601901e-01 4.098361e-01 4.130594e-01 6.575217e-01 6.761565e-01 7.293992e-01 7.367226e-01 9.126830e-01 
522 10 1.256848e-01 3.368644e-01 3.601901e-01 4.098361e-01 4.130594e-01 6.575217e-01 6.761565e-01 7.293992e-01 7.367226e-01 9.126830e-01 
523 10 1.256848e-01 3.368644e-01 3.601901e-01 4.130594e-01 4.146253e-01 6.575217e-01 6.761565e-01 7.293992e-01 7.367226e-01 9.126830e-01 
524 10 1.256848e-01 3.368644e-01 3.601901e-01 4.130594e-01 4.146253e-01 6.575217e-01 6.761565e-01 7.293992e-01 7.367226e-01 9.126830e-01 
525 10 1.256848e-01 3.368644e-01 3.601901e-01 4.130594e-01 4.146253e-01 6.575217e-01 6.761565e-01 7.293992e-01 7.367226e-01 9.126830e-01 
526 10 1.181279e-01 3.368644e-01 3.601901e-01 4.130594e-01 4.146253e-01 6.575217e-01 6.761565e-01 7.293992e-01 7.367226e-01 9.126830e-01 
527 10 1.181279e-01 3.368644e-01 3.601901e-01 4.130594e-01 4.146253e-01 6.575217e-01 6.761565e-01 7.293992e-01 7.367226e-01 9.126830e-01 
528 10 1.181279e-01 3.368644e-01 3.601901e-01 4.130594e-01 4.146253e-01 6.575217e-01 6.698986e-01 7.293992e-01 7.367226e-01 9.126830e-01 
529 10 1.181279e-01 3.368644e-01 3.601901e-01 4.130594e-01 4.146253e-01 6.575217e-01 6.698986e-01 7.293992e-01 7.367226e-01 9.126830e-01 
530 10 1.181279e-01 3.368644e-01 3.601901e-01 4.130594e-01 4.146253e-01 6.575217e-01 6.698986e-01 7.293992e-01 7.367226e-01 9.126830e-01 
531 10 1.181279e-01 3.368644e-01 3.601901e-01 4.130594e-01 4.146253e-01 6.575217e-01 6.698986e-01 7.293992e-01 7.367226e-01 9.126830e-01 
532 10 1.181279e-01 3.368644e-01 3.601901e-01 4.130594e-01 4.146253e-01 6.575217e-01 6.698986e-01 7.293992e-01 7.367226e-01 9.126830e-01 
533 10 1.181279e-01 3.368644e-01 3.601901e-01 4.130594e-01 4.146253e-01 6.575217e-01 6.698986e-01 7.293992e-01 7.367226e-01 9.126830e-01 
534 10 1.181279e-01 3.083447e-01 3.601901e-01 4.130594e-01 4.146253e-01 6.575217e-01 6.698986e-01 7.293992e-01 7.367226e-01 9.126830e-01 
535 10 1.181279e-01 3.083447e-01 3.601901e-01 4.130594e-01 4.146253e-01 6.575217e-01 6.698986e-01 7.293992e-01 7.367226e-01 9.126830e-01 
536 10 1.181279e-01 3.083447e-01 3.601901e-01 4.130594e-01 4.146253e-01 6.575217e-01 6.698986e-01 7.293992e-01 7.367226e-01 9.126830e-01 
537 10 1.181279e-01 3.083447e-01 3.601901e-01 4.130594e-01 4.146253e-01 6.575217e-01 6.698986e-01 7.293992e-01 7.367226e-01 9.126830e-01 
538 10 1.181279e-01 3.083447e-01 3.601901e-01 4.130594e-01 4.146253e-01 6.575217e-01 6.698986e-01 7.293992e-01 7.367226e-01 9.126830e-01 
539 10 1.181279e-01 2.982122e-01 3.601901e-01 4.130594e-01 4.146253e-01 6.575217e-01 6.698986e-01 7.293992e-01 7.367226e-01 9.126830e-01 
540 10 1.181279e-01 2.982122e-01 3.601901e-01 4.130594e-01 4.146253e-01 6.575217e-01 6.698986e-01 7.293992e-01 7.367226e-01 9.126830e-01 
541 10 1.181279e-01 2.982122e-01 3.601901e-01 4.130594e-01 4.146253e-01 6.575217e-01 6.698986e-01 7.293992e-01 7.367226e-01 9.126830e-01 
542 10 1.181279e-01 2.982122e-01 3.601901e-01 4.130594e-01 4.146253e-01 6.575217e-01 6.698986e-01 7.310935e-01 7.367226e-01 9.126830e-01 
543 10 1.181279e-01 2.982122e-01 3.601901e-01 4.130594e-01 4.146253e-01 6.575217e-01 6.698986e-01 7.310935e-01 7.367226e-01 9.057765e-01 
544 10 1.181279e-01 2.982122e-01 3.601901e-01 4.130594e-01 4.146253e-01 6.575217e-01 6.698986e-01 7.310935e-01 7.367226e-01 9.057765e-01 
545 10 1.181279e-01 2.982122e-01 3.601901e-01 4.130594e-01 4.146253e-01 6.575217e-01 6.698986e-01 7.310935e-01 7.367226e-01 8.301736e-01 
546 10 1.181279e-01 2.982122e-01 3.601901e-01 4.130594e-01 4.146253e-01 6.575217e-01 6.698986e-01 7.310935e-01 7.367226e-01 8.301736e-01 
547 10 1.181279e-01 2.982122e-01 3.601901e-01 4.130594e-01 4.146253e-01 6.575217e-01 6.698986e-01 7.310935e-01 7.367226e-01 8.301736e-01 
548 10 1.181279e-01 2.982122e-01 3.601901e-01 4.130594e-01 4.146253e-01 6.575217e-01 6.698986e-01 7.310935e-01 7.367226e-01 8.301736e-01 
549 10 1.181279e-01 2.982122e-01 3.601901e-01 4.130594e-01 4.146253e-01 6.575217e-01 6.698986e-01 7.310935e-01 7.367226e-01 8.301736e-01 
550 10 1.181279e-01 2.982122e-01 3.601901e-01 4.130594e-01 4.146253e-01 6.575217e-01 6.698986e-01 7.310935e-01 7.367226e-01 8.301736e-01 
551 10 1.181279e-01 2.982122e-01 3.601901e-01 4.130594e-01 4.146253e-01 6.575217e-01 6.698986e-01 7.310935e-01 7.367226e-01 8.301736e-01 
552 10 1.181279e-01 2.982122e-01 3.601901e-01 4.130594e-01 4.146253e-01 6.575217e-01 6.698986e-01 7.310935e-01 7.367226e-01 8.301736e-01 
553 10 1.181279e-01 2.982122e-01 3.601901e-01 4.130594e-01 4.146253e-01 6.575217e-01 6.698986e-01 7.310935e-01 7.367226e-01 8.301736e-01 
554 10 1.181279e-01 2.982122e-01 3.601901e-01 4.130594e-01 4.146253e-01 6.575217e-01 6.698986e-01 7.310935e-01 7.367226e-01 8.301736e-01 
555 10 1.181279e-01 2.982122e-01 3.601901e-01 4.130594e-01 4.146253e-01 6.575217e-01 6.698986e-01 7.310935e-01 7.367226e-01 8.301736e-01 
556 10 1.181279e-01 2.982122e-01 3.601901e-01 4.130594e-01 4.146253e-01 6.575217e-01 6.698986e-01 7.310935e-01 7.367226e-01 8.301736e-01 
557 10 1.181279e-01 2.982122e-01 3.601901e-01 4.130594e-01 4.146253e-01 6.575217e-01 6.698986e-01 7.310935e-01 7.367226e-01 8.301736e-01 
558 10 1.181279e-01 2.982122e-01 3.601901e-01 4.130594e-01 4.146253e-01 6.575217e-01 6.698986e-01 7.310935e-01 7.367226e-01 8.301736e-01 
559 10 1.181279e-01 2.982122e-01 3.601901e-01 4.130594e-01 4.146253e-01 6.575217e-01 6.698986e-01 7.310935e-01 7.367226e-01 8.301736e-01 
560 10 6.495435e-02 2.982122e-01 3.601901e-01 4.130594e-01 4.146253e-01 6.575217e-01 6.698986e-01 7.310935e-01 7.367226e-01 8.301736e-01 
561 10 6.495435e-02 2.982122e-01 3.601901e-01 4.130594e-01 4.146253e-01 6.575217e-01 6.698986e-01 7.310935e-01 7.367226e-01 8.301736e-01 
562 10 6.495435e-02 2.982122e-01 3.601901e-01 4.130594e-01 4.146253e-01 6.575217e-01 6.698986e-01 7.310935e-01 7.367226e-01 8.301736e-01 
563 10 6.495435e-02 2.982122e-01 3.601901e-01 4.130594e-01 4.146253e-01 6.575217e-01 6.698986e-01 7.310935e-01 7.367226e-01 8.301736e-01 
564 10 6.495435e-02 2.982122e-01 3.601901e-01 4.130594e-01 4.146253e-01 6.575217e-01 6.698986e-01 7.310935e-01 7.367226e-01 8.301736e-01 
565 10 6.495435e-02 2.982122e-01 3.601901e-01 4.130594e-01 4.146253e-01 6.575217e-01 6.698986e-01 7.310935e-01 7.367226e-01 8.301736e-01 
566 10 6.495435e-02 2.982122e-01 3.601901e-01 4.130594e-01 4.146253e-01 6.575217e-01 6.698986e-01 7.310935e-01 7.367226e-01 8.301736e-01 
567 10 6.495435e-02 2.982122e-01 3.601901e-01 4.130594e-01 4.146253e-01 6.575217e-01 6.698986e-01 7.310935e-01 7.367226e-01 8.301736e-01 
568 10 6.495435e-02 2.982122e-01 3.601901e-01 4.130594e-01 4.146253e-01 6.575217e-01 6.698986e-01 7.272832e-01 7.310935e-01 8.301736e-01 
569 10 6.495435e-02 2.982122e-01 3.601901e-01 4.130594e-01 4.146253e-01 6.575217e-01 6.698986e-01 7.272832e-01 7.310935e-01 8.301736e-01 
570 10 6.495435e-02 2.982122e-01 3.601901e-01 4.130594e-01 4.146253e-01 6.575217e-01 6.698986e-01 7.272832e-01 7.310935e-01 8.301736e-01 
571 10 6.495435e-02 2.982122e-01 3.601901e-01 4.130594e-01 4.146253e-01 6.575217e-01 6.698986e-01 7.272832e-01 7.310935e-01 8.301736e-01 
572 10 6.495435e-02 2.982122e-01 3.601901e-01 4.130594e-01 4.146253e-01 6.575217e-01 6.698986e-01 7.272832e-01 7.310935e-01 8.301736e-01 
573 10 6.495435e-02 2.982122e-01 3.601901e-01 4.130594e-01 4.146253e-01 6.575217e-01 6.698986e-01 7.272832e-01 7.310935e-01 8.301736e-01 
574 10 6.495435e-02 2.982122e-01 3.601901e-01 4.130594e-01 4.146253e-01 6.575217e-01 6.698986e-01 7.272832e-01 7.310935e-01 8.301736e-01 
575 10 6.495435e-02 2.982122e-01 3.601901e-01 4.130594e-01 4.146253e-01 6.575217e-01 6.698986e-01 7.272832e-01 7.310935e-01 8.301736e-01 
576 10 6.495435e-02 2.982122e-01 3.601901e-01 4.130594e-01 4.146253e-01 6.575217e-01 6.698986e-01 7.272832e-01 7.310935e-01 8.301736e-01 
577 10 6.495435e-02 2.982122e-01 3.601901e-01 4.130594e-01 4.146253e-01 6.575217e-01 6.698986e-01 7.272832e-01 7.310935e-01 8.301736e-01 
578 10 6.495435e-02 2.982122e-01 3.601901e-01 4.130594e-01 4.146253e-01 6.575217e-01 6.698986e-01 7.272832e-01 7.310935e-01 8.430510e-01 
579 10 6.495435e-02 2.982122e-01 3.601901e-01 4.130594e-01 4.146253e-01 6.575217e-01 6.698986e-01 7.272832e-01 7.310935e-01 8.430510e-01 
580 10 6.495435e-02 2.982122e-01 3.601901e-01 4.130594e-01 4.146253e-01 6.575217e-01 6.698986e-01 7.272832e-01 7.310935e-01 8.430510e-01 
581 10 6.495435e-02 2.982122e-01 3.601901e-01 4.130594e-01 4.146253e-01 6.575217e-01 6.698986e-01 7.272832e-01 7.310935e-01 8.430510e-01 
582 10 6.495435e-02 2.982122e-01 3.601901e-01 4.130594e-01 4.146253e-01 6.575217e-01 6.698986e-01 7.272832e-01 7.310935e-01 8.430510e-01 
583 10 6.495435e-02 2.982122e-01 3.601901e-01 4.130594e-01 4.146253e-01 6.575217e-01 6.698986e-01 7.272832e-01 7.310935e-01 8.430510e-01 
584 10 6.495435e-02 2.982122e-01 3.601901e-01 4.130594e-01 4.146253e-01 6.575217e-01 6.698986e-01 7.272832e-01 7.310935e-01 8.430510e-01 
585 10 6.495435e-02 2.982122e-01 3.601901e-01 4.130594e-01 4.146253e-01 6.575217e-01 6.698986e-01 7.272832e-01 7.310935e-01 8.430510e-01 
586 10 6.495435e-02 2.982122e-01 3.601901e-01 4.130594e-01 4.146253e-01 6.575217e-01 6.698986e-01 7.272832e-01 7.310935e-01 8.430510e-01 
587 10 6.495435e-02 2.982122e-01 3.601901e-01 4.130594e-01 4.146253e-01 6.575217e-01 6.698986e-01 7.272832e-01 7.310935e-01 8.430510e-01 
588 10 6.495435e-02 2.982122e-01 3.601901e-01 4.130594e-01 4.146253e-01 6.575217e-01 6.698986e-01 7.272832e-01 7.310935e-01 8.430510e-01 
589 10 6.495435e-02 2.982122e-01 3.601901e-01 4.130594e-01 4.146253e-01 6.575217e-01 6.698986e-01 7.272832e-01 7.310935e-01 8.430510e-01 
590 10 6.495435e-02 2.982122e-01 3.601901e-01 4.130594e-01 4.146253e-01 6.575217e-01 6.698986e-01 7.272832e-01 7.310935e-01 8.430510e-01 
591 10 6.495435e-02 2.982122e-01 3.601901e-01 4.130594e-01 4.146253e-01 6.575217e-01 6.698986e-01 7.272832e-01 7.310935e-01 8.430510e-01 
592 10 9.278483e-02 2.982122e-01 3.601901e-01 4.130594e-01 4.146253e-01 6.575217e-01 6.698986e-01 7.272832e-01 7.310935e-01 8.430510e-01 
593 10 9.278483e-02 2.982122e-01 3.601901e-01 4.130594e-01 4.146253e-01 6.575217e-01 6.698986e-01 7.272832e-01 7.310935e-01 8.430510e-01 
594 10 9.278483e-02 2.982122e-01 3.655195e-01 4.130594e-01 4.146253e-01 6.575217e-01 6.698986e-01 7.272832e-01 7.310935e-01 8.430510e-01 
595 10 9.278483e-02 2.982122e-01 3.655195e-01 4.130594e-01 4.146253e-01 6.575217e-01 6.698986e-01 7.272832e-01 7.310935e-01 8.430510e-01 
596 10 9.333995e-02 2.982122e-01 3.655195e-01 4.130594e-01 4.146253e-01 6.575217e-01 6.698986e-01 7.272832e-01 7.310935e-01 8.430510e-01 
597 10 9.333995e-02 2.982122e-01 3.655195e-01 4.130594e-01 4.146253e-01 6.575217e-01 6.698986e-01 7.272832e-01 7.310935e-01 8.430510e-01 
598 10 9.333995e-02 2.982122e-01 3.655195e-01 4.130594e-01 4.146253e-01 6.575217e-01 6.698986e-01 7.272832e-01 7.310935e-01 8.430510e-01 
599 10 9.333995e-02 2.982122e-01 3.655195e-01 4.130594e-01 4.146253e-01 6.575217e-01 6.698986e-01 7.272832e-01 7.310935e-01 8.430510e-01 
600 10 9.333995e-02 2.982122e-01 3.655195e-01 4.130594e-01 4.146253e-01 6.575217e-01 6.698986e-01 7.272832e-01 7.310935e-01 8.430510e-01 
601 10 9.333995e-02 2.982122e-01 3.655195e-01 4.130594e-01 4.146253e-01 6.575217e-01 6.698986e-01 7.272832e-01 7.310935e-01 8.430510e-01 
602 10 9.333995e-02 2.982122e-01 3.655195e-01 4.130594e-01 4.146253e-01 6.575217e-01 6.698986e-01 7.272832e-01 7.310935e-01 8.430510e-01 
603 10 9.333995e-02 2.982122e-01 3.655195e-01 4.130594e-01 4.146253e-01 6.575217e-01 6.698986e-01 7.272832e-01 7.310935e-01 8.430510e-01 
604 10 9.333995e-02 2.982122e-01 3.655195e-01 3.994260e-01 4.146253e-01 6.575217e-01 6.698986e-01 7.272832e-01 7.310935e-01 8.430510e-01 
605 10 9.333995e-02 2.982122e-01 3.655195e-01 3.994260e-01 4.146253e-01 6.575217e-01 6.698986e-01 7.272832e-01 7.310935e-01 8.430510e-01 
606 10 9.333995e-02 2.982122e-01 3.655195e-01 3.994260e-01 4.146253e-01 6.575217e-01 6.698986e-01 7.272832e-01 7.310935e-01 8.430510e-01 
607 10 9.333995e-02 2.982122e-01 3.655195e-01 3.994260e-01 4.146253e-01 6.575217e-01 6.698986e-01 7.272832e-01 7.310935e-01 8.430510e-01 
608 10 9.333995e-02 2.982122e-01 3.655195e-01 3.994260e-01 4.146253e-01 6.575217e-01 6.698986e-01 7.272832e-01 7.310935e-01 8.430510e-01 
609 10 9.333995e-02 2.982122e-01 3.655195e-01 3.994260e-01 4.146253e-01 6.575217e-01 6.698986e-01 7.272832e-01 7.310935e-01 8.430510e-01 
610 10 9.333995e-02 2.982122e-01 3.655195e-01 3.994260e-01 4.146253e-01 6.575217e-01 6.698986e-01 7.272832e-01 7.310935e-01 8.430510e-01 
611 10 9.333995e-02 2.982122e-01 3.655195e-01 3.994260e-01 4.146253e-01 6.575217e-01 6.698986e-01 7.272832e-01 7.310935e-01 8.430510e-01 
612 10 9.333995e-02 2.982122e-01 3.655195e-01 3.994260e-01 4.146253e-01 6.575217e-01 6.698986e-01 7.272832e-01 7.310935e-01 8.430510e-01 
613 10 9.333995e-02 2.982122e-01 3.655195e-01 3.994260e-01 4.146253e-01 6.575217e-01 6.698986e-01 7.272832e-01 7.310935e-01 8.430510e-01 
614 10 9.333995e-02 2.982122e-01 3.655195e-01 3.994260e-01 4.146253e-01 6.575217e-01 6.698986e-01 7.272832e-01 7.310935e-01 8.430510e-01 
615 10 9.333995e-02 2.982122e-01 3.655195e-01 3.994260e-01 4.146253e-01 6.575217e-01 6.698986e-01 7.272832e-01 7.310935e-01 8.430510e-01 
616 10 9.333995e-02 2.982122e-01 3.655195e-01 3.994260e-01 4.146253e-01 6.575217e-01 6.698986e-01 7.272832e-01 7.310935e-01 8.430510e-01 
617 10 9.333995e-02 2.982122e-01 3.655195e-01 3.994260e-01 4.146253e-01 6.575217e-01 6.698986e-01 7.272832e-01 7.310935e-01 8.430510e-01 
618 10 9.333995e-02 2.982122e-01 3.655195e-01 3.994260e-01 4.146253e-01 6.575217e-01 6.698986e-01 7.272832e-01 7.310935e-01 8.430510e-01 
619 10 9.333995e-02 2.982122e-01 3.655195e-01 3.994260e-01 4.146253e-01 6.575217e-01 6.698986e-01 7.272832e-01 7.310935e-01 8.430510e-01 
620 10 9.333995e-02 2.982122e-01 3.655195e-01 3.994260e-01 4.146253e-01 6.575217e-01 6.698986e-01 7.272832e-01 7.310935e-01 8.430510e-01 
621 10 9.377506e-02 2.982122e-01 3.655195e-01 3.994260e-01 4.146253e-01 6.575217e-01 6.698986e-01 7.272832e-01 7.310935e-01 8.430510e-01 
622 10 9.377506e-02 2.982122e-01 3.655195e-01 3.994260e-01 4.146253e-01 6.575217e-01 6.698986e-01 7.272832e-01 7.310935e-01 8.430510e-01 
623 10 9.377506e-02 2.982122e-01 3.655195e-01 3.994260e-01 4.146253e-01 6.575217e-01 6.698986e-01 7.272832e-01 7.310935e-01 8.430510e-01 
624 10 9.377506e-02 2.982122e-01 3.655195e-01 3.994260e-01 4.146253e-01 6.575217e-01 6.698986e-01 7.272832e-01 7.310935e-01 8.430510e-01 
625 10 9.377506e-02 2.982122e-01 3.655195e-01 3.994260e-01 4.146253e-01 6.575217e-01 6.698986e-01 7.272832e-01 7.310935e-01 8.430510e-01 
626 10 9.377506e-02 2.982122e-01 3.655195e-01 3.994260e-01 4.146253e-01 6.575217e-01 6.698986e-01 7.272832e-01 7.310935e-01 8.430510e-01 
627 10 9.377506e-02 2.982122e-01 3.655195e-01 3.994260e-01 4.146253e-01 6.575217e-01 6.698986e-01 7.272832e-01 7.310935e-01 8.588110e-01 
628 10 1.199629e-01 2.982122e-01 3.655195e-01 3.994260e-01 4.146253e-01 6.575217e-01 6.698986e-01 7.272832e-01 7.310935e-01 8.588110e-01 
629 10 1.199629e-01 2.982122e-01 3.655195e-01 3.994260e-01 4.146253e-01 6.575217e-01 6.698986e-01 7.272832e-01 7.310935e-01 8.588110e-01 
630 10 1.199629e-01 2.982122e-01 3.655195e-01 3.994260e-01 4.146253e-01 6.575217e-01 6.698986e-01 7.272832e-01 7.310935e-01 8.588110e-01 
631 10 1.199629e-01 2.982122e-01 3.655195e-01 3.994260e-01 4.146253e-01 6.575217e-01 6.698986e-01 7.272832e-01 7.310935e-01 8.588110e-01 
632 10 1.199629e-01 2.982122e-01 3.655195e-01 3.994260e-01 4.146253e-01 6.575217e-01 6.698986e-01 7.272832e-01 7.310935e-01 8.588110e-01 
633 10 1.199629e-01 2.982122e-01 3.655195e-01 3.994260e-01 4.146253e-01 6.575217e-01 6.698986e-01 7.272832e-01 7.310935e-01 8.588110e-01 
634 10 1.199629e-01 2.982122e-01 3.655195e-01 3.994260e-01 4.146253e-01 6.575217e-01 6.698986e-01 7.272832e-01 7.310935e-01 8.588110e-01 
635 10 1.199629e-01 2.982122e-01 3.655195e-01 3.994260e-01 4.146253e-01 6.575217e-01 6.698986e-01 7.272832e-01 7.310935e-01 8.588110e-01 
636 10 1.199629e-01 2.982122e-01 3.655195e-01 3.994260e-01 4.146253e-01 6.575217e-01 6.698986e-01 7.272832e-01 7.310935e-01 8.588110e-01 
637 10 1.199629e-01 2.982122e-01 3.655195e-01 3.994260e-01 4.146253e-01 6.575217e-01 6.698986e-01 7.272832e-01 7.310935e-01 8.588110e-01 
638 10 1.199629e-01 2.982122e-01 3.655195e-01 3.994260e-01 4.146253e-01 6.575217e-01 6.698986e-01 7.272832e-01 7.310935e-01 8.588110e-01 
639 10 1.199629e-01 2.982122e-01 3.655195e-01 3.994260e-01 4.146253e-01 6.575217e-01 6.698986e-01 7.272832e-01 7.310935e-01 8.588110e-01 
640 10 1.199629e-01 2.982122e-01 3.655195e-01 3.994260e-01 4.146253e-01 6.575217e-01 6.698986e-01 7.104802e-01 7.310935e-01 8.588110e-01 
641 10 1.199629e-01 2.982122e-01 3.655195e-01 3.994260e-01 4.146253e-01 6.575217e-01 6.698986e-01 7.104802e-01 7.310935e-01 8.588110e-01 
642 10 1.199629e-01 2.982122e-01 3.655195e-01 3.994260e-01 4.146253e-01 6.575217e-01 6.698986e-01 7.104802e-01 7.310935e-01 8.588110e-01 
643 10 1.199629e-01 2.982122e-01 3.655195e-01 3.994260e-01 4.146253e-01 6.575217e-01 6.698986e-01 7.104802e-01 7.310935e-01 8.588110e-01 
644 10 1.199629e-01 2.982122e-01 3.655195e-01 3.994260e-01 4.146253e-01 6.575217e-01 6.698986e-01 7.104802e-01 7.310935e-01 8.588110e-01 
645 10 1.199629e-01 2.982122e-01 3.655195e-01 3.994260e-01 4.146253e-01 6.575217e-01 6.698986e-01 7.104802e-01 7.310935e-01 8.588110e-01 
646 10 1.199629e-01 2.982122e-01 3.655195e-01 3.994260e-01 4.146253e-01 6.575217e-01 6.698986e-01 7.104802e-01 7.310935e-01 8.588110e-01 
647 10 1.199629e-01 2.982122e-01 3.655195e-01 3.994260e-01 4.146253e-01 6.575217e-01 6.698986e-01 7.104802e-01 7.310935e-01 8.588110e-01 
648 10 1.199629e-01 2.982122e-01 3.655195e-01 3.994260e-01 4.146253e-01 6.698986e-01 6.951258e-01 7.104802e-01 7.310935e-01 8.588110e-01 
649 10 1.199629e-01 2.982122e-01 3.655195e-01 3.994260e-01 4.146253e-01 6.698986e-01 6.951258e-01 7.104802e-01 7.310935e-01 8.588110e-01 
650 10 1.199629e-01 2.982122e-01 3.655195e-01 3.994260e-01 4.146253e-01 6.698986e-01 6.951258e-01 7.104802e-01 7.310935e-01 8.588110e-01 
651 10 1.199629e-01 2.982122e-01 3.655195e-01 3.994260e-01 4.146253e-01 6.698986e-01 6.951258e-01 7.104802e-01 7.310935e-01 8.588110e-01 
652 10 1.199629e-01 2.982122e-01 3.655195e-01 3.994260e-01 4.146253e-01 6.698986e-01 6.951258e-01 7.104802e-01 7.310935e-01 8.588110e-01 
653 10 1.199629e-01 2.982122e-01 3.655195e-01 3.994260e-01 4.146253e-01 6.698986e-01 6.951258e-01 7.104802e-01 7.310935e-01 8.588110e-01 
654 10 1.199629e-01 2.982122e-01 3.655195e-01 3.994260e-01 4.146253e-01 6.698986e-01 6.951258e-01 7.104802e-01 7.310935e-01 8.588110e-01 
655 10 1.199629e-01 2.982122e-01 3.655195e-01 3.994260e-01 4.146253e-01 6.698986e-01 6.951258e-01 7.104802e-01 7.310935e-01 8.588110e-01 
656 10 1.199629e-01 2.982122e-01 3.655195e-01 3.994260e-01 4.146253e-01 6.698986e-01 6.951258e-01 7.104802e-01 7.310935e-01 8.588110e-01 
657 10 1.199629e-01 2.982122e-01 3.655195e-01 3.994260e-01 4.146253e-01 6.698986e-01 6.951258e-01 7.104802e-01 7.310935e-01 8.588110e-01 
658 10 1.199629e-01 2.982122e-01 3.655195e-01 3.994260e-01 4.146253e-01 6.698986e-01 6.951258e-01 7.104802e-01 7.310935e-01 8.588110e-01 
659 10 1.199629e-01 2.982122e-01 3.655195e-01 3.994260e-01 4.146253e-01 6.698986e-01 6.951258e-01 7.104802e-01 7.310935e-01 8.588110e-01 
660 10 1.199629e-01 2.982122e-01 3.655195e-01 3.994260e-01 4.146253e-01 6.698986e-01 6.951258e-01 7.104802e-01 7.310935e-01 8.588110e-01 
661 10 1.199629e-01 2.982122e-01 3.655195e-01 3.994260e-01 4.146253e-01 6.653938e-01 6.951258e-01 7.104802e-01 7.310935e-01 8.588110e-01 
662 10 1.199629e-01 2.982122e-01 3.655195e-01 3.994260e-01 4.146253e-01 6.653938e-01 6.951258e-01 7.104802e-01 7.310935e-01 9.339963e-01 
663 10 1.199629e-01 2.982122e-01 3.655195e-01 3.994260e-01 4.146253e-01 6.411899e-01 6.951258e-01 7.104802e-01 7.310935e-01 9.339963e-01 
664 10 1.199629e-01 2.982122e-01 3.655195e-01 3.994260e-01 4.146253e-01 6.411899e-01 6.951258e-01 7.104802e-01 7.310935e-01 9.339963e-01 
665 10 1.199629e-01 2.982122e-01 3.655195e-01 3.994260e-01 4.146253e-01 6.411899e-01 6.951258e-01 7.104802e-01 7.310935e-01 9.339963e-01 
666 10 1.199629e-01 2.982122e-01 3.655195e-01 3.994260e-01 4.146253e-01 6.411899e-01 6.951258e-01 7.104802e-01 7.310935e-01 9.339963e-01 
667 10 1.199629e-01 2.982122e-01 3.655195e-01 3.994260e-01 4.146253e-01 6.411899e-01 6.951258e-01 7.104802e-01 7.310935e-01 9.339963e-01 
668 10 1.199629e-01 2.982122e-01 3.655195e-01 3.994260e-01 4.146253e-01 6.411899e-01 6.951258e-01 7.104802e-01 7.310935e-01 9.339963e-01 
669 10 1.199629e-01 2.982122e-01 3.655195e-01 3.994260e-01 4.146253e-01 6.411899e-01 6.951258e-01 7.104802e-01 7.484296e-01 9.339963e-01 
670 10 1.389603e-01 2.982122e-01 3.655195e-01 3.994260e-01 4.146253e-01 6.411899e-01 6.951258e-01 7.104802e-01 7.484296e-01 9.339963e-01 
671 10 1.389603e-01 2.982122e-01 3.655195e-01 3.994260e-01 4.146253e-01 6.411899e-01 6.951258e-01 7.104802e-01 7.484296e-01 9.339963e-01 
672 10 1.389603e-01 2.982122e-01 3.655195e-01 3.994260e-01 4.146253e-01 6.411899e-01 6.951258e-01 7.104802e-01 7.484296e-01 9.339963e-01 
673 10 1.389603e-01 2.982122e-01 3.655195e-01 3.994260e-01 4.146253e-01 6.411899e-01 6.951258e-01 7.104802e-01 7.484296e-01 9.339963e-01 
674 10 1.389603e-01 2.982122e-01 3.655195e-01 3.994260e-01 4.146253e-01 6.411899e-01 6.951258e-01 7.104802e-01 7.484296e-01 9.339963e-01 
675 10 1.389603e-01 2.982122e-01 3.655195e-01 3.994260e-01 4.146253e-01 6.411899e-01 6.951258e-01 7.104802e-01 7.484296e-01 9.339963e-01 
676 10 7.412454e-02 2.982122e-01 3.655195e-01 3.994260e-01 4.146253e-01 6.411899e-01 6.951258e-01 7.104802e-01 7.484296e-01 9.339963e-01 
677 10 7.412454e-02 2.982122e-01 3.655195e-01 3.994260e-01 4.146253e-01 6.411899e-01 6.951258e-01 7.104802e-01 7.484296e-01 9.339963e-01 
678 10 7.412454e-02 2.982122e-01 3.655195e-01 3.994260e-01 4.146253e-01 6.411899e-01 6.951258e-01 7.104802e-01 7.484296e-01 9.128942e-01 
679 10 1.421816e-01 2.982122e-01 3.655195e-01 3.994260e-01 4.146253e-01 6.411899e-01 6.951258e-01 7.104802e-01 7.484296e-01 9.128942e-01 
680 10 1.421816e-01 2.982122e-01 3.655195e-01 3.994260e-01 4.146253e-01 6.411899e-01 6.951258e-01 7.104802e-01 7.484296e-01 9.128942e-01 
681 10 1.421816e-01 2.982122e-01 3.655195e-01 3.994260e-01 4.146253e-01 6.411899e-01 6.951258e-01 7.104802e-01 7.484296e-01 9.128942e-01 
682 10 1.421816e-01 2.982122e-01 3.655195e-01 3.994260e-01 4.146253e-01 6.411899e-01 6.951258e-01 7.104802e-01 7.484296e-01 9.128942e-01 
683 10 1.421816e-01 2.982122e-01 3.655195e-01 3.994260e-01 4.146253e-01 6.411899e-01 6.951258e-01 7.104802e-01 7.484296e-01 9.128942e-01 
684 10 1.421816e-01 2.982122e-01 3.655195e-01 3.994260e-01 4.146253e-01 6.411899e-01 7.049949e-01 7.104802e-01 7.484296e-01 9.128942e-01 
685 10 1.421816e-01 2.982122e-01 3.655195e-01 3.994260e-01 4.146253e-01 6.411899e-01 7.049949e-01 7.104802e-01 7.484296e-01 9.128942e-01 
686 10 1.421816e-01 2.982122e-01 3.655195e-01 3.994260e-01 4.146253e-01 6.411899e-01 7.049949e-01 7.104802e-01 7.374226e-01 9.128942e-01 
687 10 1.421816e-01 2.982122e-01 3.655195e-01 3.994260e-01 4.146253e-01 6.411899e-01 7.049949e-01 7.104802e-01 7.374226e-01 9.128942e-01 
688 10 1.421816e-01 2.982122e-01 3.655195e-01 3.994260e-01 4.146253e-01 6.411899e-01 7.049949e-01 7.104802e-01 7.374226e-01 9.128942e-01 
689 10 1.421816e-01 3.655195e-01 3.705878e-01 3.994260e-01 4.146253e-01 6.411899e-01 7.049949e-01 7.104802e-01 7.374226e-01 9.128942e-01 
690 10 1.421816e-01 3.655195e-01 3.705878e-01 3.994260e-01 4.146253e-01 6.411899e-01 7.049949e-01 7.104802e-01 7.374226e-01 9.128942e-01 
691 10 1.421816e-01 3.655195e-01 3.705878e-01 3.994260e-01 4.146253e-01 6.411899e-01 7.049949e-01 7.104802e-01 7.374226e-01 9.128942e-01 
692 10 1.421816e-01 3.655195e-01 3.705878e-01 3.994260e-01 4.146253e-01 6.411899e-01 7.049949e-01 7.104802e-01 7.374226e-01 9.128942e-01 
693 10 1.421816e-01 3.655195e-01 3.705878e-01 3.994260e-01 4.146253e-01 6.411899e-01 7.049949e-01 7.104802e-01 7.374226e-01 9.128942e-01 
694 10 1.421816e-01 3.655195e-01 3.705878e-01 3.994260e-01 4.146253e-01 6.411899e-01 7.049949e-01 7.104802e-01 7.374226e-01 9.128942e-01 
695 10 1.421816e-01 3.655195e-01 3.705878e-01 3.994260e-01 4.146253e-01 6.411899e-01 7.049949e-01 7.104802e-01 7.374226e-01 9.128942e-01 
696 10 1.421816e-01 3.655195e-01 3.705878e-01 3.994260e-01 4.146253e-01 6.411899e-01 7.049949e-01 7.104802e-01 7.374226e-01 9.128942e-01 
697 10 1.421816e-01 3.655195e-01 3.705878e-01 3.994260e-01 4.146253e-01 6.411899e-01 7.049949e-01 7.104802e-01 7.374226e-01 9.128942e-01 
698 10 1.421816e-01 3.705878e-01 3.710698e-01 3.994260e-01 4.146253e-01 6.411899e-01 7.049949e-01 7.104802e-01 7.374226e-01 9.128942e-01 
699 10 1.421816e-01 3.705878e-01 3.710698e-01 3.994260e-01 4.146253e-01 6.411899e-01 7.049949e-01 7.104802e-01 7.374226e-01 9.128942e-01 
700 10 1.421816e-01 3.705878e-01 3.710698e-01 3.994260e-01 4.146253e-01 6.411899e-01 7.049949e-01 7.104802e-01 7.374226e-01 9.128942e-01 
701 10 1.421816e-01 3.705878e-01 3.710698e-01 3.994260e-01 4.146253e-01 6.411899e-01 7.049949e-01 7.104802e-01 7.374226e-01 9.128942e-01 
702 10 1.421816e-01 3.705878e-01 3.710698e-01 3.994260e-01 4.146253e-01 6.411899e-01 7.049949e-01 7.104802e-01 7.374226e-01 8.623628e-01 
703 10 1.421816e-01 3.705878e-01 3.710698e-01 3.994260e-01 4.146253e-01 6.411899e-01 7.049949e-01 7.104802e-01 7.374226e-01 8.623628e-01 
704 10 1.421816e-01 3.705878e-01 3.710698e-01 3.994260e-01 4.146253e-01 6.411899e-01 7.049949e-01 7.104802e-01 7.374226e-01 8.623628e-01 
705 10 1.421816e-01 3.705878e-01 3.710698e-01 3.994260e-01 4.146253e-01 6.411899e-01 7.049949e-01 7.104802e-01 7.374226e-01 8.623628e-01 
706 10 1.581186e-01 3.705878e-01 3.710698e-01 3.994260e-01 4.146253e-01 6.411899e-01 7.049949e-01 7.104802e-01 7.374226e-01 8.623628e-01 
707 10 1.581186e-01 3.705878e-01 3.710698e-01 3.994260e-01 4.146253e-01 6.411899e-01 7.049949e-01 7.104802e-01 7.374226e-01 8.623628e-01 
708 10 1.581186e-01 3.705878e-01 3.710698e-01 3.994260e-01 4.146253e-01 6.411899e-01 7.049949e-01 7.104802e-01 7.374226e-01 8.623628e-01 
709 10 1.581186e-01 3.705878e-01 3.710698e-01 3.994260e-01 4.146253e-01 6.411899e-01 7.049949e-01 7.104802e-01 7.374226e-01 8.623628e-01 
710 10 1.581186e-01 3.705878e-01 3.710698e-01 3.994260e-01 4.146253e-01 6.411899e-01 7.049949e-01 7.104802e-01 7.374226e-01 8.506551e-01 
711 10 1.581186e-01 3.705878e-01 3.710698e-01 3.994260e-01 4.146253e-01 6.411899e-01 7.049949e-01 7.104802e-01 7.374226e-01 8.506551e-01 
712 10 1.581186e-01 3.705878e-01 3.710698e-01 3.994260e-01 4.146253e-01 6.411899e-01 7.049949e-01 7.104802e-01 7.374226e-01 8.506551e-01 
713 10 1.581186e-01 3.705878e-01 3.710698e-01 3.994260e-01 4.146253e-01 6.411899e-01 7.049949e-01 7.104802e-01 7.374226e-01 8.506551e-01 
714 10 1.581186e-01 3.705878e-01 3.710698e-01 3.994260e-01 4.146253e-01 6.411899e-01 7.049949e-01 7.104802e-01 7.374226e-01 8.506551e-01 
715 10 1.581186e-01 3.705878e-01 3.710698e-01 3.994260e-01 4.146253e-01 6.511099e-01 7.049949e-01 7.104802e-01 7.374226e-01 8.506551e-01 
716 10 1.562179e-01 3.705878e-01 3.710698e-01 3.994260e-01 4.146253e-01 6.511099e-01 7.049949e-01 7.104802e-01 7.374226e-01 8.506551e-01 
717 10 1.562179e-01 3.705878e-01 3.710698e-01 3.994260e-01 4.146253e-01 6.511099e-01 7.049949e-01 7.104802e-01 7.374226e-01 8.506551e-01 
718 10 1.562179e-01 3.705878e-01 3.710698e-01 3.994260e-01 4.146253e-01 6.511099e-01 7.049949e-01 7.104802e-01 7.374226e-01 8.506551e-01 
719 10 1.562179e-01 3.705878e-01 3.710698e-01 3.994260e-01 4.146253e-01 6.511099e-01 7.049949e-01 7.104802e-01 7.374226e-01 8.506551e-01 
720 10 1.562179e-01 3.705878e-01 3.710698e-01 3.994260e-01 4.146253e-01 6.511099e-01 7.049949e-01 7.104802e-01 7.374226e-01 8.506551e-01 
721 10 1.562179e-01 3.705878e-01 3.710698e-01 3.994260e-01 4.146253e-01 6.511099e-01 7.049949e-01 7.085763e-01 7.374226e-01 8.506551e-01 
722 10 1.562179e-01 3.705878e-01 3.710698e-01 3.994260e-01 4.146253e-01 6.511099e-01 7.049949e-01 7.085763e-01 7.374226e-01 8.506551e-01 
723 10 1.562179e-01 3.705878e-01 3.710698e-01 3.994260e-01 4.146253e-01 6.511099e-01 7.049949e-01 7.085763e-01 7.374226e-01 8.506551e-01 
724 10 1.562179e-01 3.705878e-01 3.710698e-01 3.994260e-01 4.146253e-01 6.511099e-01 7.049949e-01 7.085763e-01 7.374226e-01 8.506551e-01 
725 10 1.562179e-01 3.705878e-01 3.710698e-01 3.994260e-01 4.146253e-01 6.511099e-01 7.049949e-01 7.085763e-01 7.374226e-01 8.506551e-01 
726 10 1.562179e-01 3.705878e-01 3.710698e-01 3.994260e-01 4.146253e-01 6.511099e-01 7.049949e-01 7.085763e-01 7.374226e-01 8.506551e-01 
727 10 1.562179e-01 3.705878e-01 3.710698e-01 3.994260e-01 4.146253e-01 6.511099e-01 7.049949e-01 7.085763e-01 7.374226e-01 8.506551e-01 
728 10 1.562179e-01 3.705878e-01 3.710698e-01 3.994260e-01 4.146253e-01 6.511099e-01 7.049949e-01 7.085763e-01 7.374226e-01 8.506551e-01 
729 10 1.562179e-01 3.589117e-01 3.710698e-01 3.994260e-01 4.146253e-01 6.511099e-01 7.049949e-01 7.085763e-01 7.374226e-01 8.506551e-01 
730 10 1.562179e-01 3.589117e-01 3.710698e-01 3.994260e-01 4.146253e-01 6.511099e-01 7.049949e-01 7.085763e-01 7.374226e-01 8.506551e-01 
731 10 1.562179e-01 3.575247e-01 3.589117e-01 3.994260e-01 4.146253e-01 6.511099e-01 7.049949e-01 7.085763e-01 7.374226e-01 8.506551e-01 
732 10 1.562179e-01 3.575247e-01 3.589117e-01 3.994260e-01 4.146253e-01 6.511099e-01 7.049949e-01 7.085763e-01 7.374226e-01 8.506551e-01 
733 10 1.562179e-01 3.575247e-01 3.589117e-01 3.994260e-01 4.146253e-01 6.511099e-01 7.049949e-01 7.085763e-01 7.374226e-01 8.506551e-01 
734 10 1.562179e-01 3.575247e-01 3.589117e-01 3.994260e-01 4.146253e-01 6.511099e-01 7.049949e-01 7.085763e-01 7.374226e-01 8.506551e-01 
735 10 1.562179e-01 3.575247e-01 3.589117e-01 3.994260e-01 4.146253e-01 6.511099e-01 7.049949e-01 7.085763e-01 7.374226e-01 8.506551e-01 
736 10 1.562179e-01 3.575247e-01 3.589117e-01 3.994260e-01 4.146253e-01 6.511099e-01 7.049949e-01 7.085763e-01 7.374226e-01 8.506551e-01 
737 10 1.562179e-01 3.575247e-01 3.589117e-01 3.994260e-01 4.146253e-01 6.511099e-01 7.049949e-01 7.085763e-01 7.374226e-01 8.506551e-01 
738 10 1.562179e-01 3.575247e-01 3.589117e-01 3.994260e-01 4.146253e-01 6.511099e-01 7.049949e-01 7.085763e-01 7.374226e-01 8.506551e-01 
739 10 1.562179e-01 3.575247e-01 3.589117e-01 3.994260e-01 4.146253e-01 6.511099e-01 7.049949e-01 7.085763e-01 7.374226e-01 8.506551e-01 
740 10 1.562179e-01 3.575247e-01 3.589117e-01 3.994260e-01 4.146253e-01 6.511099e-01 7.049949e-01 7.085763e-01 7.374226e-01 8.747296e-01 
741 10 1.562179e-01 3.575247e-01 3.589117e-01 3.994260e-01 4.146253e-01 6.511099e-01 7.049949e-01 7.085763e-01 7.374226e-01 8.747296e-01 
742 10 1.562179e-01 3.575247e-01 3.589117e-01 3.994260e-01 4.146253e-01 6.511099e-01 7.049949e-01 7.085763e-01 7.374226e-01 8.747296e-01 
743 10 1.562179e-01 3.575247e-01 3.589117e-01 3.994260e-01 4.146253e-01 6.511099e-01 7.049949e-01 7.085763e-01 7.374226e-01 8.747296e-01 
744 10 1.562179e-01 3.575247e-01 3.589117e-01 3.994260e-01 4.146253e-01 6.511099e-01 7.049949e-01 7.085763e-01 7.374226e-01 8.747296e-01 
745 10 1.562179e-01 3.575247e-01 3.589117e-01 3.994260e-01 4.146253e-01 6.511099e-01 7.049949e-01 7.085763e-01 7.374226e-01 8.747296e-01 
746 10 1.562179e-01 3.575247e-01 3.589117e-01 3.994260e-01 4.146253e-01 6.511099e-01 7.049949e-01 7.085763e-01 7.374226e-01 8.747296e-01 
747 10 1.562179e-01 3.575247e-01 3.589117e-01 3.994260e-01 4.146253e-01 6.511099e-01 7.049949e-01 7.085763e-01 7.374226e-01 8.747296e-01 
748 10 1.562179e-01 3.575247e-01 3.589117e-01 3.994260e-01 4.146253e-01 6.511099e-01 7.049949e-01 7.085763e-01 7.374226e-01 8.747296e-01 
749 10 1.562179e-01 3.575247e-01 3.589117e-01 3.994260e-01 4.146253e-01 6.511099e-01 7.049949e-01 7.085763e-01 7.374226e-01 8.747296e-01 
750 10 1.562179e-01 3.575247e-01 3.589117e-01 3.994260e-01 4.146253e-01 6.511099e-01 7.049949e-01 7.085763e-01 7.374226e-01 8.747296e-01 
751 10 1.562179e-01 3.575247e-01 3.589117e-01 3.994260e-01 4.146253e-01 6.511099e-01 7.049949e-01 7.085763e-01 7.374226e-01 8.747296e-01 
752 10 1.562179e-01 3.575247e-01 3.589117e-01 3.994260e-01 4.146253e-01 6.511099e-01 7.049949e-01 7.085763e-01 7.374226e-01 8.747296e-01 
753 10 1.562179e-01 3.575247e-01 3.589117e-01 3.994260e-01 4.146253e-01 6.511099e-01 7.049949e-01 7.085763e-01 7.374226e-01 8.747296e-01 
754 10 1.562179e-01 3.575247e-01 3.589117e-01 3.994260e-01 4.146253e-01 6.511099e-01 7.049949e-01 7.085763e-01 7.231035e-01 8.747296e-01 
755 10 1.562179e-01 3.575247e-01 3.589117e-01 3.994260e-01 4.146253e-01 6.511099e-01 7.049949e-01 7.085763e-01 7.231035e-01 8.747296e-01 
756 10 1.562179e-01 3.575247e-01 3.589117e-01 3.994260e-01 4.146253e-01 6.511099e-01 7.049949e-01 7.085763e-01 7.231035e-01 8.747296e-01 
757 10 1.562179e-01 3.575247e-01 3.589117e-01 3.994260e-01 4.146253e-01 6.511099e-01 7.049949e-01 7.085763e-01 7.231035e-01 8.747296e-01 
758 10 1.495615e-01 3.575247e-01 3.589117e-01 3.994260e-01 4.146253e-01 6.511099e-01 7.049949e-01 7.085763e-01 7.231035e-01 8.747296e-01 
759 10 1.495615e-01 3.575247e-01 3.589117e-01 3.994260e-01 4.146253e-01 6.511099e-01 7.049949e-01 7.085763e-01 7.231035e-01 8.747296e-01 
760 10 1.495615e-01 3.575247e-01 3.589117e-01 3.994260e-01 4.146253e-01 6.511099e-01 7.049949e-01 7.085763e-01 7.231035e-01 8.747296e-01 
761 10 1.495615e-01 3.575247e-01 3.589117e-01 3.994260e-01 4.146253e-01 6.511099e-01 7.049949e-01 7.085763e-01 7.231035e-01 8.747296e-01 
762 10 1.495615e-01 3.575247e-01 3.589117e-01 3.994260e-01 4.146253e-01 6.511099e-01 7.049949e-01 7.085763e-01 7.231035e-01 8.747296e-01 
763 10 1.495615e-01 3.575247e-01 3.589117e-01 3.994260e-01 4.146253e-01 6.511099e-01 7.049949e-01 7.085763e-01 7.231035e-01 8.747296e-01 
764 10 1.495615e-01 3.575247e-01 3.589117e-01 3.994260e-01 4.146253e-01 6.511099e-01 7.049949e-01 7.085763e-01 7.231035e-01 8.747296e-01 
765 10 1.495615e-01 3.575247e-01 3.589117e-01 3.994260e-01 4.146253e-01 6.511099e-01 7.049949e-01 7.085763e-01 7.231035e-01 8.747296e-01 
766 10 1.495615e-01 3.575247e-01 3.589117e-01 3.994260e-01 4.146253e-01 6.511099e-01 6.997119e-01 7.085763e-01 7.231035e-01 8.747296e-01 
767 10 1.495615e-01 3.575247e-01 3.589117e-01 3.994260e-01 4.133889e-01 6.511099e-01 6.997119e-01 7.085763e-01 7.231035e-01 8.747296e-01 
768 10 1.495615e-01 3.575247e-01 3.589117e-01 3.994260e-01 4.133889e-01 6.511099e-01 6.997119e-01 7.085763e-01 7.231035e-01 8.747296e-01 
769 10 1.495615e-01 3.575247e-01 3.589117e-01 3.994260e-01 4.133889e-01 6.511099e-01 7.045544e-01 7.085763e-01 7.231035e-01 8.747296e-01 
770 10 1.495615e-01 3.575247e-01 3.589117e-01 3.994260e-01 4.133889e-01 6.511099e-01 7.045544e-01 7.085763e-01 7.231035e-01 8.747296e-01 
771 10 1.495615e-01 3.575247e-01 3.589117e-01 3.994260e-01 4.133889e-01 6.511099e-01 7.045544e-01 7.085763e-01 7.231035e-01 8.747296e-01 
772 10 1.495615e-01 3.575247e-01 3.690441e-01 3.994260e-01 4.133889e-01 6.511099e-01 7.045544e-01 7.085763e-01 7.231035e-01 8.747296e-01 
773 10 1.495615e-01 3.575247e-01 3.690441e-01 3.994260e-01 4.133889e-01 6.511099e-01 7.045544e-01 7.085763e-01 7.231035e-01 8.747296e-01 
774 10 1.495615e-01 3.575247e-01 3.690441e-01 3.994260e-01 4.133889e-01 6.511099e-01 7.045544e-01 7.085763e-01 7.231035e-01 8.747296e-01 
775 10 1.495615e-01 3.575247e-01 3.690441e-01 3.994260e-01 4.133889e-01 6.511099e-01 7.045544e-01 7.085763e-01 7.231035e-01 8.747296e-01 
776 10 1.495615e-01 3.575247e-01 3.690441e-01 3.994260e-01 4.133889e-01 6.511099e-01 7.045544e-01 7.085763e-01 7.231035e-01 8.747296e-01 
777 10 1.495615e-01 3.575247e-01 3.690441e-01 3.994260e-01 4.133889e-01 6.511099e-01 7.045544e-01 7.085763e-01 7.231035e-01 8.747296e-01 
778 10 1.495615e-01 3.575247e-01 3.690441e-01 3.994260e-01 4.133889e-01 6.511099e-01 7.045544e-01 7.085763e-01 7.231035e-01 8.747296e-01 
779 10 1.495615e-01 3.575247e-01 3.690441e-01 3.994260e-01 4.133889e-01 6.511099e-01 7.045544e-01 7.085763e-01 7.231035e-01 8.747296e-01 
780 10 1.495615e-01 3.575247e-01 3.690441e-01 3.994260e-01 4.133889e-01 6.511099e-01 7.045544e-01 7.085763e-01 7.231035e-01 8.747296e-01 
781 10 1.547383e-01 3.575247e-01 3.690441e-01 3.994260e-01 4.133889e-01 6.511099e-01 7.045544e-01 7.085763e-01 7.231035e-01 8.747296e-01 
782 10 1.547383e-01 3.575247e-01 3.690441e-01 3.994260e-01 4.133889e-01 6.511099e-01 7.045544e-01 7.085763e-01 7.186827e-01 8.747296e-01 
783 10 1.547383e-01 3.575247e-01 3.690441e-01 3.994260e-01 4.133889e-01 6.511099e-01 7.045544e-01 7.085763e-01 7.186827e-01 8.747296e-01 
784 10 1.547383e-01 3.575247e-01 3.690441e-01 3.994260e-01 4.133889e-01 6.511099e-01 7.045544e-01 7.085763e-01 7.186827e-01 8.747296e-01 
785 10 1.547383e-01 3.575247e-01 3.690441e-01 3.994260e-01 4.133889e-01 6.511099e-01 7.045544e-01 7.085763e-01 7.186827e-01 8.747296e-01 
786 10 1.547383e-01 3.575247e-01 3.690441e-01 3.994260e-01 4.133889e-01 6.511099e-01 7.045544e-01 7.085763e-01 7.186827e-01 8.747296e-01 
787 10 1.547383e-01 3.575247e-01 3.690441e-01 3.994260e-01 4.133889e-01 6.511099e-01 7.045544e-01 7.085763e-01 7.186827e-01 8.747296e-01 
788 10 1.547383e-01 3.575247e-01 3.690441e-01 3.994260e-01 4.133889e-01 6.511099e-01 7.045544e-01 7.085763e-01 7.186827e-01 8.747296e-01 
789 10 1.547383e-01 3.575247e-01 3.690441e-01 3.994260e-01 4.133889e-01 6.511099e-01 7.045544e-01 7.085763e-01 7.186827e-01 8.747296e-01 
790 10 1.547383e-01 3.575247e-01 3.690441e-01 3.994260e-01 4.133889e-01 6.511099e-01 7.045544e-01 7.085763e-01 7.186827e-01 8.747296e-01 
791 10 1.547383e-01 3.575247e-01 3.690441e-01 3.994260e-01 4.133889e-01 6.511099e-01 7.045544e-01 7.085763e-01 7.186827e-01 8.747296e-01 
792 10 1.547383e-01 3.575247e-01 3.690441e-01 3.994260e-01 4.133889e-01 6.511099e-01 7.045544e-01 7.085763e-01 7.186827e-01 8.747296e-01 
793 10 1.547383e-01 3.575247e-01 3.690441e-01 3.994260e-01 4.133889e-01 6.511099e-01 7.045544e-01 7.085763e-01 7.186827e-01 8.747296e-01 
794 10 1.547383e-01 3.575247e-01 3.690441e-01 3.994260e-01 4.133889e-01 6.511099e-01 7.045544e-01 7.085763e-01 7.186827e-01 8.747296e-01 
795 10 1.547383e-01 3.575247e-01 3.690441e-01 3.994260e-01 4.133889e-01 6.511099e-01 7.045544e-01 7.085763e-01 7.186827e-01 8.747296e-01 
796 10 1.547383e-01 3.575247e-01 3.690441e-01 3.994260e-01 4.133889e-01 6.511099e-01 7.045544e-01 7.085763e-01 7.186827e-01 8.747296e-01 
797 10 1.547383e-01 3.575247e-01 3.690441e-01 3.994260e-01 4.133889e-01 6.511099e-01 7.045544e-01 7.085763e-01 7.186827e-01 8.747296e-01 
798 10 1.547383e-01 3.575247e-01 3.690441e-01 3.994260e-01 4.133889e-01 6.511099e-01 7.045544e-01 7.085763e-01 7.186827e-01 8.747296e-01 
799 10 1.547383e-01 3.575247e-01 3.690441e-01 3.994260e-01 4.133889e-01 6.698313e-01 7.045544e-01 7.085763e-01 7.186827e-01 8.747296e-01 
800 10 1.547383e-01 3.575247e-01 3.690441e-01 3.994260e-01 4.133889e-01 6.698313e-01 7.045544e-01 7.085763e-01 7.186827e-01 8.747296e-01 
801 10 1.547383e-01 3.575247e-01 3.690441e-01 3.994260e-01 4.133889e-01 6.698313e-01 7.045544e-01 7.085763e-01 7.186827e-01 8.747296e-01 
802 10 1.547383e-01 3.575247e-01 3.690441e-01 3.994260e-01 4.133889e-01 6.698313e-01 7.045544e-01 7.085763e-01 7.186827e-01 8.747296e-01 
803 10 1.547383e-01 3.575247e-01 3.819054e-01 3.994260e-01 4.133889e-01 6.698313e-01 7.045544e-01 7.085763e-01 7.186827e-01 8.747296e-01 
804 10 1.547383e-01 3.575247e-01 3.819054e-01 3.994260e-01 4.133889e-01 6.698313e-01 7.045544e-01 7.085763e-01 7.186827e-01 8.747296e-01 
805 10 1.547383e-01 3.575247e-01 3.819054e-01 3.994260e-01 4.133889e-01 6.698313e-01 7.045544e-01 7.085763e-01 7.186827e-01 8.747296e-01 
806 10 1.547383e-01 3.575247e-01 3.819054e-01 3.994260e-01 4.133889e-01 6.698313e-01 7.045544e-01 7.085763e-01 7.186827e-01 8.747296e-01 
807 10 1.547383e-01 3.575247e-01 3.819054e-01 3.994260e-01 4.133889e-01 6.698313e-01 7.045544e-01 7.085763e-01 7.186827e-01 8.747296e-01 
808 10 1.547383e-01 3.575247e-01 3.800564e-01 3.994260e-01 4.133889e-01 6.698313e-01 7.045544e-01 7.085763e-01 7.186827e-01 8.747296e-01 
809 10 1.547383e-01 3.575247e-01 3.800564e-01 3.994260e-01 4.133889e-01 6.698313e-01 7.045544e-01 7.085763e-01 7.186827e-01 8.747296e-01 
810 10 1.547383e-01 3.575247e-01 3.800564e-01 3.994260e-01 4.133889e-01 6.698313e-01 7.045544e-01 7.085763e-01 7.186827e-01 8.747296e-01 
811 10 1.547383e-01 3.575247e-01 3.800564e-01 3.994260e-01 4.133889e-01 6.698313e-01 7.045544e-01 7.085763e-01 7.186827e-01 8.747296e-01 
812 10 1.547383e-01 3.575247e-01 3.800564e-01 3.994260e-01 4.133889e-01 6.363484e-01 7.045544e-01 7.085763e-01 7.186827e-01 8.747296e-01 
813 10 1.547383e-01 3.575247e-01 3.800564e-01 3.994260e-01 4.133889e-01 6.363484e-01 7.045544e-01 7.085763e-01 7.186827e-01 8.747296e-01 
814 10 1.547383e-01 3.575247e-01 3.800564e-01 3.994260e-01 4.133889e-01 6.363484e-01 7.045544e-01 7.085763e-01 7.186827e-01 8.747296e-01 
815 10 1.547383e-01 3.575247e-01 3.800564e-01 3.994260e-01 4.133889e-01 6.363484e-01 7.045544e-01 7.085763e-01 7.186827e-01 8.747296e-01 
816 10 1.547383e-01 3.575247e-01 3.800564e-01 3.994260e-01 4.133889e-01 6.363484e-01 7.045544e-01 7.085763e-01 7.186827e-01 8.747296e-01 
817 10 1.547383e-01 3.575247e-01 3.800564e-01 3.994260e-01 4.133889e-01 6.363484e-01 7.045544e-01 7.085763e-01 7.186827e-01 8.747296e-01 
818 10 1.547383e-01 3.575247e-01 3.800564e-01 3.994260e-01 4.133889e-01 6.363484e-01 7.045544e-01 7.085763e-01 7.186827e-01 8.747296e-01 
819 10 1.547383e-01 3.575247e-01 3.800564e-01 3.994260e-01 4.133889e-01 6.363484e-01 7.045544e-01 7.085763e-01 7.186827e-01 8.747296e-01 
820 10 1.547383e-01 3.575247e-01 3.800564e-01 3.994260e-01 4.133889e-01 6.363484e-01 7.045544e-01 7.085763e-01 7.186827e-01 8.747296e-01 
821 10 1.547383e-01 3.575247e-01 3.800564e-01 3.994260e-01 4.133889e-01 6.363484e-01 7.045544e-01 7.085763e-01 7.186827e-01 8.747296e-01 
822 10 1.547383e-01 3.575247e-01 3.800564e-01 3.994260e-01 4.133889e-01 6.363484e-01 7.045544e-01 7.085763e-01 7.186827e-01 8.747296e-01 
823 10 1.547383e-01 3.800564e-01 3.994260e-01 4.081163e-01 4.133889e-01 6.363484e-01 7.045544e-01 7.085763e-01 7.186827e-01 8.747296e-01 
824 10 1.547383e-01 3.800564e-01 3.994260e-01 4.081163e-01 4.133889e-01 6.363484e-01 7.045544e-01 7.085763e-01 7.186827e-01 8.747296e-01 
825 10 1.547383e-01 3.800564e-01 3.994260e-01 4.081163e-01 4.133889e-01 6.363484e-01 7.045544e-01 7.085763e-01 7.186827e-01 8.747296e-01 
826 10 1.547383e-01 3.800564e-01 3.994260e-01 4.081163e-01 4.133889e-01 6.363484e-01 7.045544e-01 7.085763e-01 7.186827e-01 8.747296e-01 
827 9 1.547383e-01 3.800564e-01 3.994260e-01 4.081163e-01 6.363484e-01 7.045544e-01 7.085763e-01 7.186827e-01 8.747296e-01 
828 9 1.547383e-01 3.800564e-01 3.994260e-01 4.081163e-01 6.363484e-01 7.045544e-01 7.085763e-01 7.186827e-01 8.747296e-01 
829 9 1.547383e-01 3.800564e-01 3.994260e-01 4.081163e-01 6.363484e-01 7.045544e-01 7.085763e-01 7.186827e-01 8.747296e-01 
830 9 1.547383e-01 3.800564e-01 3.994260e-01 4.081163e-01 6.363484e-01 7.045544e-01 7.085763e-01 7.186827e-01 8.747296e-01 
831 9 1.547383e-01 3.800564e-01 4.081163e-01 4.159291e-01 6.363484e-01 7.045544e-01 7.085763e-01 7.186827e-01 8.747296e-01 
832 9 1.547383e-01 3.800564e-01 4.081163e-01 4.159291e-01 6.363484e-01 7.045544e-01 7.085763e-01 7.186827e-01 8.747296e-01 
833 9 1.547383e-01 3.800564e-01 4.081163e-01 4.159291e-01 6.363484e-01 7.045544e-01 7.085763e-01 7.186827e-01 8.747296e-01 
834 9 1.547383e-01 3.800564e-01 4.081163e-01 4.159291e-01 6.363484e-01 7.045544e-01 7.085763e-01 7.186827e-01 8.747296e-01 
835 9 1.774974e-01 3.800564e-01 4.081163e-01 4.159291e-01 6.363484e-01 7.045544e-01 7.085763e-01 7.186827e-01 8.747296e-01 
836 9 1.774974e-01 3.906038e-01 4.081163e-01 4.159291e-01 6.363484e-01 7.045544e-01 7.085763e-01 7.186827e-01 8.747296e-01 
837 9 1.774974e-01 3.906038e-01 4.081163e-01 4.159291e-01 6.363484e-01 7.045544e-01 7.085763e-01 7.186827e-01 8.747296e-01 
838 9 1.774974e-01 3.906038e-01 4.081163e-01 4.159291e-01 6.363484e-01 7.045544e-01 7.085763e-01 7.186827e-01 8.747296e-01 
839 9 1.774974e-01 3.906038e-01 4.081163e-01 4.159291e-01 6.363484e-01 7.045544e-01 7.085763e-01 7.186827e-01 8.747296e-01 
840 9 1.774974e-01 3.906038e-01 4.081163e-01 4.159291e-01 6.363484e-01 7.045544e-01 7.085763e-01 7.186827e-01 8.747296e-01 
841 9 1.774974e-01 3.906038e-01 4.081163e-01 4.159291e-01 6.363484e-01 7.045544e-01 7.085763e-01 7.186827e-01 8.747296e-01 
842 9 1.774974e-01 3.906038e-01 4.081163e-01 4.159291e-01 6.363484e-01 7.045544e-01 7.085763e-01 7.186827e-01 8.747296e-01 
843 9 1.774974e-01 3.906038e-01 4.081163e-01 4.159291e-01 6.363484e-01 7.045544e-01 7.085763e-01 7.186827e-01 8.444726e-01 
844 9 1.774974e-01 3.906038e-01 4.081163e-01 4.159291e-01 6.363484e-01 7.045544e-01 7.085763e-01 7.186827e-01 8.444726e-01 
845 9 1.774974e-01 3.906038e-01 4.081163e-01 4.159291e-01 6.363484e-01 7.045544e-01 7.085763e-01 7.186827e-01 8.444726e-01 
846 9 1.774974e-01 3.906038e-01 4.081163e-01 4.159291e-01 6.363484e-01 7.045544e-01 7.085763e-01 7.186827e-01 8.444726e-01 
847 9 1.774974e-01 3.906038e-01 4.081163e-01 4.159291e-01 6.363484e-01 7.045544e-01 7.085763e-01 7.186827e-01 8.444726e-01 
848 9 1.774974e-01 3.906038e-01 4.081163e-01 4.159291e-01 6.363484e-01 7.045544e-01 7.085763e-01 7.186827e-01 8.444726e-01 
849 9 1.503892e-01 3.906038e-01 4.081163e-01 4.159291e-01 6.363484e-01 7.045544e-01 7.085763e-01 7.186827e-01 8.444726e-01 
850 9 1.503892e-01 3.906038e-01 4.081163e-01 4.159291e-01 6.363484e-01 7.045544e-01 7.085763e-01 7.186827e-01 8.444726e-01 
851 9 1.503892e-01 3.906038e-01 4.081163e-01 4.159291e-01 6.363484e-01 7.045544e-01 7.085763e-01 7.186827e-01 8.444726e-01 
852 9 1.503892e-01 3.906038e-01 4.081163e-01 4.159291e-01 6.363484e-01 7.045544e-01 7.085763e-01 7.186827e-01 8.444726e-01 
853 9 1.503892e-01 3.906038e-01 4.081163e-01 4.159291e-01 6.363484e-01 7.045544e-01 7.085763e-01 7.186827e-01 8.444726e-01 
854 9 1.503892e-01 3.906038e-01 4.081163e-01 4.159291e-01 6.363484e-01 7.045544e-01 7.085763e-01 7.186827e-01 8.444726e-01 
855 9 1.503892e-01 3.906038e-01 4.081163e-01 4.159291e-01 6.363484e-01 7.045544e-01 7.085763e-01 7.186827e-01 8.444726e-01 
856 9 1.503892e-01 3.906038e-01 4.081163e-01 4.159291e-01 6.363484e-01 7.045544e-01 7.085763e-01 7.186827e-01 8.444726e-01 
857 9 1.503892e-01 3.906038e-01 4.081163e-01 4.159291e-01 6.363484e-01 7.045544e-01 7.085763e-01 7.257890e-01 8.444726e-01 
858 9 1.503892e-01 3.799907e-01 4.081163e-01 4.159291e-01 6.363484e-01 7.045544e-01 7.085763e-01 7.257890e-01 8.444726e-01 
859 9 1.503892e-01 3.799907e-01 4.081163e-01 4.159291e-01 6.363484e-01 7.045544e-01 7.085763e-01 7.257890e-01 8.444726e-01 
860 9 1.503892e-01 3.799907e-01 4.081163e-01 4.159291e-01 6.602522e-01 7.045544e-01 7.085763e-01 7.257890e-01 8.444726e-01 
861 9 1.503892e-01 3.799907e-01 4.081163e-01 4.159291e-01 6.602522e-01 7.045544e-01 7.085763e-01 7.257890e-01 8.444726e-01 
862 9 1.503892e-01 3.799907e-01 4.081163e-01 4.159291e-01 6.602522e-01 7.045544e-01 7.085763e-01 7.257890e-01 8.444726e-01 
863 9 1.503892e-01 3.799907e-01 4.081163e-01 4.159291e-01 6.602522e-01 7.045544e-01 7.085763e-01 7.257890e-01 8.444726e-01 
864 9 1.503892e-01 3.799907e-01 4.081163e-01 4.159291e-01 6.602522e-01 7.045544e-01 7.085763e-01 7.257890e-01 8.444726e-01 
865 9 1.503892e-01 3.799907e-01 4.081163e-01 4.159291e-01 6.602522e-01 7.045544e-01 7.085763e-01 7.257890e-01 8.444726e-01 
866 9 1.503892e-01 3.799907e-01 4.081163e-01 4.159291e-01 6.602522e-01 7.045544e-01 7.085763e-01 7.257890e-01 8.444726e-01 
867 9 1.503892e-01 3.799907e-01 4.081163e-01 4.159291e-01 6.602522e-01 7.045544e-01 7.085763e-01 7.257890e-01 8.444726e-01 
868 9 1.503892e-01 3.799907e-01 4.081163e-01 4.159291e-01 6.602522e-01 7.045544e-01 7.085763e-01 7.257890e-01 8.444726e-01 
869 9 1.503892e-01 3.799907e-01 4.081163e-01 4.159291e-01 6.602522e-01 7.045544e-01 7.085763e-01 7.257890e-01 8.444726e-01 
870 9 1.503892e-01 3.799907e-01 4.081163e-01 4.159291e-01 6.602522e-01 7.045544e-01 7.085763e-01 7.257890e-01 8.444726e-01 
871 9 1.503892e-01 3.799907e-01 4.081163e-01 4.159291e-01 6.602522e-01 7.045544e-01 7.085763e-01 7.257890e-01 8.444726e-01 
872 9 1.503892e-01 3.799907e-01 4.081163e-01 4.159291e-01 6.602522e-01 7.045544e-01 7.085763e-01 7.257890e-01 8.444726e-01 
873 9 1.503892e-01 3.799907e-01 4.081163e-01 4.159291e-01 6.602522e-01 7.045544e-01 7.085763e-01 7.257890e-01 8.444726e-01 
874 9 1.503892e-01 3.799907e-01 4.081163e-01 4.159291e-01 6.602522e-01 7.045544e-01 7.085763e-01 7.257890e-01 8.444726e-01 
875 9 1.503892e-01 3.799907e-01 4.081163e-01 4.159291e-01 6.602522e-01 7.045544e-01 7.085763e-01 7.257890e-01 8.444726e-01 
876 9 1.503892e-01 3.799907e-01 4.081163e-01 4.159291e-01 6.602522e-01 7.045544e-01 7.085763e-01 7.257890e-01 8.444726e-01 
877 9 1.503892e-01 3.799907e-01 4.081163e-01 4.159291e-01 6.602522e-01 7.045544e-01 7.085763e-01 7.257890e-01 8.444726e-01 
878 9 1.503892e-01 3.799907e-01 4.081163e-01 4.159291e-01 6.602522e-01 7.045544e-01 7.085763e-01 7.257890e-01 8.444726e-01 
879 9 1.503892e-01 3.799907e-01 4.081163e-01 4.159291e-01 6.602522e-01 7.045544e-01 7.085763e-01 7.257890e-01 8.444726e-01 
880 9 1.503892e-01 3.799907e-01 4.081163e-01 4.173096e-01 6.602522e-01 7.045544e-01 7.085763e-01 7.257890e-01 8.444726e-01 
881 9 1.503892e-01 3.799907e-01 4.081163e-01 4.173096e-01 6.602522e-01 7.045544e-01 7.085763e-01 7.257890e-01 8.444726e-01 
882 9 1.503892e-01 3.799907e-01 4.081163e-01 4.173096e-01 6.602522e-01 7.045544e-01 7.085763e-01 7.257890e-01 8.444726e-01 
883 9 1.590715e-01 3.799907e-01 4.081163e-01 4.173096e-01 6.602522e-01 7.045544e-01 7.085763e-01 7.257890e-01 8.444726e-01 
884 9 1.590715e-01 3.799907e-01 4.081163e-01 4.173096e-01 6.602522e-01 7.045544e-01 7.085763e-01 7.257890e-01 8.444726e-01 
885 9 1.590715e-01 3.799907e-01 4.081163e-01 4.162713e-01 6.602522e-01 7.045544e-01 7.085763e-01 7.257890e-01 8.444726e-01 
886 9 1.590715e-01 3.799907e-01 4.081163e-01 4.162713e-01 6.602522e-01 7.045544e-01 7.085763e-01 7.257890e-01 8.444726e-01 
887 9 1.590715e-01 3.799907e-01 4.081163e-01 4.162713e-01 6.602522e-01 7.045544e-01 7.085763e-01 7.257890e-01 8.444726e-01 
888 9 1.590715e-01 3.799907e-01 4.081163e-01 4.162713e-01 6.602522e-01 7.045544e-01 7.085763e-01 7.257890e-01 8.760265e-01 
889 9 1.590715e-01 3.799907e-01 4.081163e-01 4.162713e-01 6.497048e-01 7.045544e-01 7.085763e-01 7.257890e-01 8.760265e-01 
890 9 1.590715e-01 3.799907e-01 4.081163e-01 4.162713e-01 6.497048e-01 7.045544e-01 7.085763e-01 7.257890e-01 8.760265e-01 
891 9 1.590715e-01 3.799907e-01 4.081163e-01 4.162713e-01 6.497048e-01 7.045544e-01 7.085763e-01 7.257890e-01 9.454410e-01 
892 9 1.590715e-01 3.799907e-01 4.081163e-01 4.162713e-01 6.497048e-01 7.045544e-01 7.085763e-01 7.252437e-01 9.454410e-01 
893 9 1.590715e-01 3.799907e-01 4.081163e-01 4.162713e-01 6.497048e-01 7.085763e-01 7.170988e-01 7.252437e-01 9.454410e-01 
894 9 1.590715e-01 3.799907e-01 4.081163e-01 4.162713e-01 6.497048e-01 7.085763e-01 7.170988e-01 7.252437e-01 9.454410e-01 
895 9 1.590715e-01 3.799907e-01 4.081163e-01 4.162713e-01 6.497048e-01 7.085763e-01 7.170988e-01 7.252437e-01 9.454410e-01 
896 9 1.590715e-01 3.799907e-01 4.081163e-01 4.162713e-01 6.497048e-01 7.085763e-01 7.170988e-01 7.252437e-01 9.454410e-01 
897 9 1.590715e-01 3.799907e-01 4.081163e-01 4.162713e-01 6.497048e-01 7.085763e-01 7.170988e-01 7.252437e-01 9.454410e-01 
898 9 1.590715e-01 3.799907e-01 4.081163e-01 4.162713e-01 6.497048e-01 7.085763e-01 7.170988e-01 7.252437e-01 9.454410e-01 
899 9 1.590715e-01 3.799907e-01 4.081163e-01 4.162713e-01 6.497048e-01 7.085763e-01 7.170988e-01 7.252437e-01 9.454410e-01 
900 9 1.590715e-01 3.799907e-01 4.081163e-01 4.162713e-01 6.497048e-01 7.085763e-01 7.170988e-01 7.252437e-01 9.454410e-01 
901 9 1.590715e-01 3.799907e-01 4.081163e-01 4.162713e-01 6.497048e-01 7.085763e-01 7.170988e-01 7.252437e-01 9.454410e-01 
902 9 1.590715e-01 3.799907e-01 4.081163e-01 4.162713e-01 6.497048e-01 7.085763e-01 7.170988e-01 7.252437e-01 9.454410e-01 
903 9 1.590715e-01 3.799907e-01 4.081163e-01 4.162713e-01 6.497048e-01 7.085763e-01 7.170988e-01 7.252437e-01 9.454410e-01 
904 9 1.590715e-01 3.799907e-01 4.081163e-01 4.162713e-01 6.497048e-01 7.085763e-01 7.170988e-01 7.252437e-01 9.454410e-01 
905 9 1.590715e-01 3.799907e-01 4.081163e-01 4.162713e-01 6.497048e-01 7.085763e-01 7.170988e-01 7.252437e-01 9.454410e-01 
906 9 1.590715e-01 3.799907e-01 4.081163e-01 4.162713e-01 6.497048e-01 7.085763e-01 7.170988e-01 7.252437e-01 9.454410e-01 
907 9 1.590715e-01 3.799907e-01 4.081163e-01 4.162713e-01 6.497048e-01 7.085763e-01 7.170988e-01 7.252437e-01 9.454410e-01 
908 9 1.590715e-01 3.799907e-01 4.081163e-01 4.162713e-01 6.497048e-01 7.085763e-01 7.170988e-01 7.252437e-01 9.454410e-01 
909 9 1.590715e-01 3.799907e-01 4.081163e-01 4.162713e-01 6.497048e-01 7.085763e-01 7.170988e-01 7.252437e-01 9.454410e-01 
910 9 1.590715e-01 3.799907e-01 4.081163e-01 4.162713e-01 6.497048e-01 7.085763e-01 7.170988e-01 7.252437e-01 9.454410e-01 
911 9 1.590715e-01 3.799907e-01 4.081163e-01 4.162713e-01 6.497048e-01 7.085763e-01 7.170988e-01 7.209208e-01 9.454410e-01 
912 9 1.590715e-01 3.799907e-01 4.081163e-01 4.162713e-01 6.497048e-01 7.085763e-01 7.170988e-01 7.209208e-01 9.454410e-01 
913 9 1.590715e-01 3.799907e-01 4.081163e-01 4.162713e-01 6.497048e-01 7.085763e-01 7.170988e-01 7.209208e-01 9.454410e-01 
914 9 1.590715e-01 3.799907e-01 4.081163e-01 4.162713e-01 6.497048e-01 7.085763e-01 7.170988e-01 7.209208e-01 9.454410e-01 
915 9 1.590715e-01 3.799907e-01 4.081163e-01 4.162713e-01 6.497048e-01 7.085763e-01 7.170988e-01 7.209208e-01 9.454410e-01 
916 9 1.590715e-01 3.799907e-01 4.081163e-01 4.162713e-01 6.497048e-01 7.085763e-01 7.170988e-01 7.209208e-01 9.454410e-01 
917 9 1.764864e-01 3.799907e-01 4.081163e-01 4.162713e-01 6.497048e-01 7.085763e-01 7.170988e-01 7.209208e-01 9.454410e-01 
918 9 1.764864e-01 3.799907e-01 4.081163e-01 4.162713e-01 6.497048e-01 7.085763e-01 7.170988e-01 7.209208e-01 9.454410e-01 
919 9 1.764864e-01 3.799907e-01 4.081163e-01 4.162713e-01 6.497048e-01 7.085763e-01 7.170988e-01 7.209208e-01 9.454410e-01 
920 9 1.764864e-01 3.799907e-01 4.081163e-01 4.162713e-01 6.497048e-01 7.085763e-01 7.170988e-01 7.209208e-01 9.454410e-01 
921 9 1.764864e-01 3.799907e-01 4.081163e-01 4.162713e-01 6.497048e-01 7.085763e-01 7.170988e-01 7.209208e-01 9.454410e-01 
922 9 1.764864e-01 3.799907e-01 4.081163e-01 4.162713e-01 6.497048e-01 7.085763e-01 7.170988e-01 7.209208e-01 9.454410e-01 
923 9 1.764864e-01 3.799907e-01 4.081163e-01 4.162713e-01 6.497048e-01 7.085763e-01 7.170988e-01 7.209208e-01 9.454410e-01 
924 9 1.764864e-01 3.799907e-01 4.081163e-01 4.162713e-01 6.497048e-01 7.085763e-01 7.170988e-01 7.209208e-01 9.454410e-01 
925 9 1.764864e-01 3.799907e-01 4.081163e-01 4.162713e-01 6.497048e-01 7.085763e-01 7.170988e-01 7.209208e-01 9.454410e-01 
926 9 1.748276e-01 3.799907e-01 4.081163e-01 4.162713e-01 6.497048e-01 7.085763e-01 7.170988e-01 7.209208e-01 9.454410e-01 
927 9 1.748276e-01 3.799907e-01 4.081163e-01 4.162713e-01 6.497048e-01 7.085763e-01 7.170988e-01 7.209208e-01 9.454410e-01 
928 9 1.748276e-01 3.799907e-01 4.081163e-01 4.162713e-01 6.497048e-01 7.085763e-01 7.170988e-01 7.209208e-01 9.454410e-01 
929 9 1.748276e-01 3.799907e-01 4.081163e-01 4.162713e-01 6.497048e-01 7.085763e-01 7.170988e-01 7.209208e-01 9.454410e-01 
930 9 1.748276e-01 3.799907e-01 4.081163e-01 4.162713e-01 6.497048e-01 7.085763e-01 7.170988e-01 7.209208e-01 9.454410e-01 
931 9 1.748276e-01 3.799907e-01 4.081163e-01 4.162713e-01 6.497048e-01 7.085763e-01 7.170988e-01 7.209208e-01 9.454410e-01 
932 9 1.748276e-01 3.799907e-01 4.081163e-01 4.162713e-01 6.497048e-01 7.085763e-01 7.170988e-01 7.209208e-01 9.454410e-01 
933 9 1.748276e-01 3.799907e-01 4.081163e-01 4.162713e-01 6.497048e-01 7.085763e-01 7.170988e-01 7.209208e-01 9.454410e-01 
934 9 1.748276e-01 3.799907e-01 4.081163e-01 4.162713e-01 6.497048e-01 7.085763e-01 7.170988e-01 7.209208e-01 9.454410e-01 
935 9 1.748276e-01 3.799907e-01 4.081163e-01 4.162713e-01 6.497048e-01 7.085763e-01 7.170988e-01 7.209208e-01 9.454410e-01 
936 9 1.748276e-01 3.799907e-01 4.081163e-01 4.162713e-01 6.497048e-01 7.085763e-01 7.170988e-01 7.209208e-01 9.454410e-01 
937 9 1.748276e-01 3.799907e-01 4.081163e-01 4.162713e-01 6.497048e-01 7.085763e-01 7.170988e-01 7.209208e-01 9.470651e-01 
938 9 1.748276e-01 3.799907e-01 4.081163e-01 4.162713e-01 6.497048e-01 7.085763e-01 7.170988e-01 7.209208e-01 9.470651e-01 
939 9 1.748276e-01 3.799907e-01 4.081163e-01 4.162713e-01 6.497048e-01 7.085763e-01 7.170988e-01 7.209208e-01 9.470651e-01 
940 9 1.748276e-01 3.799907e-01 4.081163e-01 4.162713e-01 6.108688e-01 7.085763e-01 7.170988e-01 7.209208e-01 9.470651e-01 
941 9 1.748276e-01 3.799907e-01 4.081163e-01 4.162713e-01 6.108688e-01 7.085763e-01 7.170988e-01 7.209208e-01 9.470651e-01 
942 9 1.748276e-01 3.799907e-01 4.081163e-01 4.162713e-01 6.108688e-01 7.085763e-01 7.170988e-01 7.209208e-01 9.470651e-01 
943 9 1.748276e-01 3.799907e-01 4.081163e-01 4.162713e-01 6.108688e-01 7.085763e-01 7.170988e-01 7.209208e-01 9.470651e-01 
944 9 1.748276e-01 3.799907e-01 4.081163e-01 4.162713e-01 6.108688e-01 7.085763e-01 7.170988e-01 7.209208e-01 9.470651e-01 
945 9 1.748276e-01 3.799907e-01 4.081163e-01 4.162713e-01 6.173714e-01 7.085763e-01 7.170988e-01 7.209208e-01 9.470651e-01 
946 9 1.748276e-01 3.799907e-01 4.081163e-01 4.162713e-01 6.173714e-01 7.085763e-01 7.170988e-01 7.209208e-01 9.163241e-01 
947 9 1.748276e-01 3.799907e-01 4.081163e-01 4.162713e-01 6.173714e-01 7.085763e-01 7.170988e-01 7.209208e-01 9.163241e-01 
948 9 1.748276e-01 3.799907e-01 4.081163e-01 4.162713e-01 6.173714e-01 7.085763e-01 7.170988e-01 7.209208e-01 9.163241e-01 
949 9 1.748276e-01 3.799907e-01 4.081163e-01 4.162713e-01 6.173714e-01 7.085763e-01 7.170988e-01 7.209208e-01 9.163241e-01 
950 9 1.748276e-01 3.799907e-01 4.081163e-01 4.162713e-01 6.173714e-01 7.085763e-01 7.170988e-01 7.209208e-01 9.163241e-01 
951 9 1.748276e-01 3.799907e-01 4.081163e-01 4.162713e-01 6.173714e-01 7.085763e-01 7.170988e-01 7.209208e-01 9.163241e-01 
952 9 1.748276e-01 3.799907e-01 4.081163e-01 4.162713e-01 6.173714e-01 7.085763e-01 7.170988e-01 7.359859e-01 9.163241e-01 
953 9 1.748276e-01 3.799907e-01 4.081163e-01 4.162713e-01 6.144462e-01 7.085763e-01 7.170988e-01 7.359859e-01 9.163241e-01 
954 9 1.748276e-01 3.799907e-01 4.081163e-01 4.162713e-01 6.144462e-01 7.085763e-01 7.170988e-01 7.359859e-01 9.163241e-01 
955 9 1.748276e-01 3.799907e-01 4.081163e-01 4.162713e-01 6.144462e-01 7.085763e-01 7.170988e-01 7.359859e-01 9.163241e-01 
956 9 1.748276e-01 3.799907e-01 4.081163e-01 4.162713e-01 6.144462e-01 7.085763e-01 7.170988e-01 7.359859e-01 9.163241e-01 
957 9 1.748276e-01 3.799907e-01 4.081163e-01 4.162713e-01 6.074318e-01 7.085763e-01 7.170988e-01 7.359859e-01 9.163241e-01 
958 9 1.748276e-01 3.799907e-01 4.081163e-01 4.162713e-01 6.074318e-01 7.085763e-01 7.170988e-01 7.359859e-01 9.163241e-01 
959 9 1.748276e-01 3.799907e-01 4.081163e-01 4.162713e-01 6.074318e-01 7.085763e-01 7.170988e-01 7.359859e-01 9.163241e-01 
960 9 1.748276e-01 3.799907e-01 4.081163e-01 4.162713e-01 6.074318e-01 7.085763e-01 7.170988e-01 7.359859e-01 9.163241e-01 
961 9 1.748276e-01 3.799907e-01 4.081163e-01 4.162713e-01 6.074318e-01 7.085763e-01 7.170988e-01 7.359859e-01 9.163241e-01 
962 9 1.748276e-01 3.799907e-01 4.081163e-01 4.162713e-01 6.074318e-01 7.085763e-01 7.170988e-01 7.359859e-01 9.163241e-01 
963 9 1.748276e-01 3.799907e-01 4.081163e-01 4.162713e-01 6.074318e-01 7.085763e-01 7.170988e-01 7.359859e-01 9.163241e-01 
964 9 1.748276e-01 3.799907e-01 4.081163e-01 4.162713e-01 6.074318e-01 7.085763e-01 7.170988e-01 7.359859e-01 9.163241e-01 
965 9 1.748276e-01 3.799907e-01 4.081163e-01 4.162713e-01 6.074318e-01 7.085763e-01 7.170988e-01 7.359859e-01 9.163241e-01 
966 9 1.748276e-01 3.799907e-01 4.081163e-01 4.162713e-01 6.074318e-01 7.085763e-01 7.170988e-01 7.359859e-01 9.163241e-01 
967 9 1.748276e-01 3.799907e-01 4.081163e-01 4.162713e-01 6.074318e-01 7.085763e-01 7.170988e-01 7.359859e-01 9.163241e-01 
968 9 1.748276e-01 3.799907e-01 4.081163e-01 4.162713e-01 6.074318e-01 7.085763e-01 7.170988e-01 7.359859e-01 9.163241e-01 
969 9 1.748276e-01 3.799907e-01 4.081163e-01 4.162713e-01 5.690525e-01 7.085763e-01 7.170988e-01 7.359859e-01 9.163241e-01 
970 9 1.748276e-01 3.799907e-01 4.081163e-01 4.162713e-01 5.690525e-01 7.085763e-01 7.170988e-01 7.359859e-01 9.163241e-01 
971 9 1.748276e-01 3.799907e-01 4.081163e-01 4.162713e-01 5.690525e-01 7.085763e-01 7.170988e-01 7.359859e-01 9.163241e-01 
972 9 1.748276e-01 3.799907e-01 4.081163e-01 4.162713e-01 5.690525e-01 7.085763e-01 7.170988e-01 7.359859e-01 9.163241e-01 
973 9 1.748276e-01 3.799907e-01 4.081163e-01 4.162713e-01 5.690525e-01 7.085763e-01 7.170988e-01 7.359859e-01 9.163241e-01 
974 9 1.748276e-01 3.799907e-01 4.081163e-01 4.162713e-01 5.690525e-01 7.143081e-01 7.170988e-01 7.359859e-01 9.163241e-01 
975 9 1.748276e-01 3.799907e-01 4.081163e-01 4.162713e-01 5.690525e-01 7.143081e-01 7.170988e-01 7.359859e-01 9.438740e-01 
976 9 1.748276e-01 3.799907e-01 4.081163e-01 4.162713e-01 5.690525e-01 7.143081e-01 7.170988e-01 7.359859e-01 9.438740e-01 
977 9 1.748276e-01 3.821149e-01 4.081163e-01 4.162713e-01 5.690525e-01 7.143081e-01 7.170988e-01 7.359859e-01 9.438740e-01 
978 9 1.748276e-01 3.821149e-01 4.081163e-01 4.162713e-01 5.690525e-01 7.143081e-01 7.170988e-01 7.359859e-01 9.438740e-01 
979 9 1.748276e-01 3.821149e-01 4.081163e-01 4.162713e-01 5.690525e-01 7.143081e-01 7.170988e-01 7.359859e-01 9.438740e-01 
980 9 1.748276e-01 3.821149e-01 4.081163e-01 4.162713e-01 5.690525e-01 7.143081e-01 7.170988e-01 7.359859e-01 9.438740e-01 
981 9 1.748276e-01 3.821149e-01 4.081163e-01 4.162713e-01 5.690525e-01 7.143081e-01 7.170988e-01 7.359859e-01 9.438740e-01 
982 9 1.748276e-01 3.821149e-01 4.081163e-01 4.162713e-01 5.690525e-01 7.143081e-01 7.170988e-01 7.359859e-01 9.438740e-01 
983 9 1.748276e-01 3.821149e-01 4.081163e-01 4.162713e-01 5.690525e-01 7.143081e-01 7.170988e-01 7.359859e-01 9.661029e-01 
984 9 1.748276e-01 3.821149e-01 4.081163e-01 4.162713e-01 5.690525e-01 7.143081e-01 7.170988e-01 7.359859e-01 9.661029e-01 
985 9 1.748276e-01 3.821149e-01 4.081163e-01 4.162713e-01 5.690525e-01 7.143081e-01 7.170988e-01 7.359859e-01 9.661029e-01 
986 9 1.748276e-01 3.821149e-01 4.081163e-01 4.162713e-01 6.287940e-01 7.143081e-01 7.170988e-01 7.359859e-01 9.661029e-01 
987 9 1.748276e-01 3.821149e-01 4.081163e-01 4.162713e-01 6.287940e-01 7.143081e-01 7.170988e-01 7.359859e-01 9.661029e-01 
988 9 1.748276e-01 3.821149e-01 4.081163e-01 4.162713e-01 6.287940e-01 7.143081e-01 7.170988e-01 7.359859e-01 9.661029e-01 
989 9 1.748276e-01 3.821149e-01 4.081163e-01 4.162713e-01 6.287940e-01 7.143081e-01 7.170988e-01 7.359859e-01 9.661029e-01 
990 9 1.748276e-01 3.821149e-01 4.081163e-01 4.162713e-01 6.287940e-01 7.143081e-01 7.170988e-01 7.359859e-01 9.661029e-01 
991 9 1.748276e-01 3.821149e-01 4.081163e-01 4.162713e-01 6.287940e-01 7.143081e-01 7.170988e-01 7.359859e-01 9.661029e-01 
992 9 1.748276e-01 3.821149e-01 4.081163e-01 4.162713e-01 6.287940e-01 7.143081e-01 7.170988e-01 7.359859e-01 9.661029e-01 
993 9 1.748276e-01 3.821149e-01 4.081163e-01 4.162713e-01 6.287940e-01 7.143081e-01 7.170988e-01 7.359859e-01 9.661029e-01 
994 9 1.748276e-01 3.821149e-01 4.081163e-01 4.162713e-01 6.287940e-01 7.143081e-01 7.170988e-01 7.359859e-01 9.661029e-01 
995 9 1.748276e-01 3.821149e-01 4.081163e-01 4.162713e-01 6.287940e-01 7.143081e-01 7.170988e-01 7.359859e-01 9.661029e-01 
996 9 1.748276e-01 3.821149e-01 4.081163e-01 4.162713e-01 6.287940e-01 7.143081e-01 7.170988e-01 7.359859e-01 9.661029e-01 
997 9 1.748276e-01 3.821149e-01 4.081163e-01 4.162713e-01 6.263524e-01 7.143081e-01 7.170988e-01 7.359859e-01 9.661029e-01 
998 9 1.748276e-01 3.821149e-01 4.081163e-01 4.162713e-01 6.263524e-01 7.143081e-01 7.170988e-01 7.359859e-01 9.661029e-01 
999 9 1.748276e-01 3.821149e-01 4.081163e-01 4.162713e-01 6.263524e-01 7.143081e-01 7.170988e-01 7.359859e-01 9.661029e-01 
1000 9 1.748276e-01 3.821149e-01 4.081163e-01 4.162713e-01 6.263524e-01 7.143081e-01 7.170988e-01 7.359859e-01 9.661029e-01 
1001 9 1.748276e-01 3.821149e-01 4.081163e-01 4.162713e-01 6.263524e-01 7.143081e-01 7.170988e-01 7.359859e-01 9.661029e-01 
1002 9 1.748276e-01 3.821149e-01 4.081163e-01 4.162713e-01 6.263524e-01 7.143081e-01 7.170988e-01 7.359859e-01 9.661029e-01 
1003 9 1.748276e-01 3.821149e-01 4.081163e-01 4.162713e-01 6.263524e-01 7.143081e-01 7.170988e-01 7.359859e-01 9.661029e-01 
1004 9 1.748276e-01 3.821149e-01 4.081163e-01 4.162713e-01 6.263524e-01 7.143081e-01 7.170988e-01 7.359859e-01 9.661029e-01 
1005 9 1.748276e-01 3.821149e-01 4.081163e-01 4.162713e-01 6.263524e-01 7.143081e-01 7.170988e-01 7.359859e-01 9.661029e-01 
1006 9 1.748276e-01 3.821149e-01 4.081163e-01 4.162713e-01 6.263524e-01 7.143081e-01 7.170988e-01 7.359859e-01 9.661029e-01 
1007 9 1.753999e-01 3.821149e-01 4.081163e-01 4.162713e-01 6.263524e-01 7.143081e-01 7.170988e-01 7.359859e-01 9.661029e-01 
1008 9 1.753999e-01 3.821149e-01 4.081163e-01 4.162713e-01 6.263524e-01 7.143081e-01 7.170988e-01 7.359859e-01 9.661029e-01 
1009 9 1.753999e-01 3.873948e-01 4.081163e-01 4.162713e-01 6.263524e-01 7.143081e-01 7.170988e-01 7.359859e-01 9.661029e-01 
1010 9 1.753999e-01 3.873948e-01 4.081163e-01 4.162713e-01 6.263524e-01 7.143081e-01 7.170988e-01 7.359859e-01 9.661029e-01 
1011 9 1.753999e-01 3.873948e-01 4.081163e-01 4.162713e-01 6.263524e-01 7.143081e-01 7.170988e-01 7.359859e-01 9.661029e-01 
1012 9 1.753999e-01 3.873948e-01 4.081163e-01 4.162713e-01 6.263524e-01 7.143081e-01 7.170988e-01 7.359859e-01 9.661029e-01 
1013 9 1.753999e-01 3.873948e-01 4.081163e-01 4.162713e-01 6.263524e-01 7.143081e-01 7.170988e-01 7.359859e-01 9.661029e-01 
1014 9 1.753999e-01 3.873948e-01 4.081163e-01 4.162713e-01 6.263524e-01 7.143081e-01 7.170988e-01 7.359859e-01 9.661029e-01 
1015 9 1.753999e-01 3.873948e-01 4.081163e-01 4.162713e-01 6.263524e-01 7.143081e-01 7.170988e-01 7.359859e-01 9.661029e-01 
1016 9 1.753999e-01 3.873948e-01 4.081163e-01 4.162713e-01 6.263524e-01 7.143081e-01 7.170988e-01 7.359859e-01 9.661029e-01 
1017 9 1.753999e-01 3.873948e-01 4.081163e-01 4.162713e-01 6.263524e-01 7.143081e-01 7.170988e-01 7.359859e-01 9.661029e-01 
1018 9 1.753999e-01 3.873948e-01 4.081163e-01 4.162713e-01 6.263524e-01 7.143081e-01 7.170988e-01 7.359859e-01 9.661029e-01 
1019 9 1.753999e-01 3.873948e-01 4.081163e-01 4.162713e-01 6.263524e-01 7.143081e-01 7.170988e-01 7.359859e-01 9.661029e-01 
1020 9 1.753999e-01 3.873948e-01 4.081163e-01 4.162713e-01 6.263524e-01 7.143081e-01 7.170988e-01 7.359859e-01 9.661029e-01 
1021 9 1.753999e-01 3.873948e-01 4.081163e-01 4.162713e-01 6.263524e-01 7.143081e-01 7.170988e-01 7.359859e-01 9.661029e-01 
1022 9 1.753999e-01 3.873948e-01 4.081163e-01 4.162713e-01 6.263524e-01 7.143081e-01 7.170988e-01 7.359859e-01 9.221929e-01 
1023 9 1.753999e-01 3.873948e-01 4.081163e-01 4.162713e-01 6.263524e-01 7.143081e-01 7.170988e-01 7.359859e-01 9.221929e-01 
1024 9 1.753999e-01 3.873948e-01 4.081163e-01 4.162713e-01 6.263524e-01 7.143081e-01 7.170988e-01 7.359859e-01 9.221929e-01 
1025 9 1.753999e-01 3.873948e-01 4.081163e-01 4.162713e-01 6.263524e-01 7.143081e-01 7.170988e-01 7.359859e-01 9.221929e-01 
1026 9 1.753999e-01 3.873948e-01 4.081163e-01 4.162713e-01 6.263524e-01 7.143081e-01 7.170988e-01 7.359859e-01 9.655678e-01 
1027 9 1.753999e-01 3.873948e-01 4.081163e-01 4.162713e-01 6.263524e-01 7.143081e-01 7.170988e-01 7.359859e-01 9.655678e-01 
1028 9 1.753999e-01 3.873948e-01 4.081163e-01 4.162713e-01 6.263524e-01 7.143081e-01 7.170988e-01 7.359859e-01 9.655678e-01 
1029 9 1.753999e-01 3.873948e-01 4.081163e-01 4.162713e-01 6.263524e-01 7.143081e-01 7.170988e-01 7.359859e-01 9.655678e-01 
1030 9 1.753999e-01 3.873948e-01 4.081163e-01 4.162713e-01 6.263524e-01 7.143081e-01 7.170988e-01 7.359859e-01 9.655678e-01 
1031 9 1.753999e-01 3.873948e-01 4.081163e-01 4.162713e-01 6.263524e-01 7.143081e-01 7.170988e-01 7.359859e-01 9.655678e-01 
1032 9 1.753999e-01 3.873948e-01 4.081163e-01 4.162713e-01 6.263524e-01 7.143081e-01 7.170988e-01 7.359859e-01 9.655678e-01 
1033 9 1.753999e-01 3.873948e-01 4.081163e-01 4.162713e-01 6.263524e-01 7.143081e-01 7.170988e-01 7.359859e-01 9.655678e-01 
1034 9 1.753999e-01 3.873948e-01 4.081163e-01 4.162713e-01 6.263524e-01 7.143081e-01 7.170988e-01 7.359859e-01 9.655678e-01 
1035 9 1.753999e-01 3.873948e-01 4.081163e-01 4.162713e-01 6.263524e-01 7.143081e-01 7.170988e-01 7.359859e-01 9.655678e-01 
1036 9 1.753999e-01 3.873948e-01 4.081163e-01 4.162713e-01 6.263524e-01 7.143081e-01 7.170988e-01 7.359859e-01 9.655678e-01 
1037 9 1.753999e-01 3.873948e-01 4.081163e-01 4.162713e-01 6.263524e-01 7.143081e-01 7.170988e-01 7.359859e-01 9.655678e-01 
1038 9 1.753999e-01 3.873948e-01 4.081163e-01 4.162713e-01 6.263524e-01 7.143081e-01 7.170988e-01 7.359859e-01 9.655678e-01 
1039 9 1.753999e-01 3.873948e-01 4.081163e-01 4.162713e-01 6.263524e-01 7.143081e-01 7.170988e-01 7.359859e-01 9.655678e-01 
1040 9 1.753999e-01 3.873948e-01 4.081163e-01 4.162713e-01 6.263524e-01 7.143081e-01 7.170988e-01 7.359859e-01 9.655678e-01 
1041 9 1.753999e-01 3.873948e-01 4.081163e-01 4.162713e-01 6.263524e-01 7.143081e-01 7.170988e-01 7.359859e-01 9.655678e-01 
1042 9 1.753999e-01 3.873948e-01 4.081163e-01 4.162713e-01 6.263524e-01 7.143081e-01 7.170988e-01 7.359859e-01 9.655678e-01 
1043 9 1.753999e-01 3.873948e-01 4.081163e-01 4.162713e-01 6.263524e-01 7.107443e-01 7.170988e-01 7.359859e-01 9.655678e-01 
1044 9 1.753999e-01 3.873948e-01 4.081163e-01 4.162713e-01 6.263524e-01 7.107443e-01 7.170988e-01 7.359859e-01 9.655678e-01 
1045 9 1.753999e-01 3.873948e-01 4.081163e-01 4.162713e-01 6.263524e-01 7.107443e-01 7.170988e-01 7.359859e-01 9.655678e-01 
1046 9 1.753999e-01 3.873948e-01 4.081163e-01 4.162713e-01 6.263524e-01 7.107443e-01 7.170988e-01 7.359859e-01 9.655678e-01 
1047 9 1.753999e-01 3.873948e-01 4.081163e-01 4.162713e-01 6.263524e-01 7.107443e-01 7.170988e-01 7.359859e-01 9.655678e-01 
1048 9 1.753999e-01 3.873948e-01 4.081163e-01 4.162713e-01 6.263524e-01 7.107443e-01 7.170988e-01 7.359859e-01 9.655678e-01 
1049 9 1.753999e-01 3.873948e-01 4.081163e-01 4.162713e-01 6.263524e-01 7.107443e-01 7.170988e-01 7.359859e-01 9.655678e-01 
1050 9 1.753999e-01 3.873948e-01 4.081163e-01 4.162713e-01 6.263524e-01 7.107443e-01 7.124659e-01 7.359859e-01 9.655678e-01 
1051 9 1.753999e-01 3.873948e-01 4.081163e-01 4.162713e-01 6.263524e-01 7.107443e-01 7.124659e-01 7.359859e-01 9.655678e-01 
1052 9 1.753999e-01 3.873948e-01 4.081163e-01 4.162713e-01 6.263524e-01 7.107443e-01 7.124659e-01 7.359859e-01 9.655678e-01 
1053 9 1.753999e-01 3.873948e-01 4.081163e-01 4.162713e-01 6.263524e-01 7.107443e-01 7.124659e-01 7.359859e-01 9.655678e-01 
1054 9 1.753999e-01 3.873948e-01 4.081163e-01 4.162713e-01 6.263524e-01 7.107443e-01 7.124659e-01 7.359859e-01 9.655678e-01 
1055 9 1.753999e-01 3.831685e-01 4.081163e-01 4.162713e-01 6.263524e-01 7.107443e-01 7.124659e-01 7.359859e-01 9.655678e-01 
1056 9 1.753999e-01 3.831685e-01 4.081163e-01 4.162713e-01 6.263524e-01 7.107443e-01 7.124659e-01 7.359859e-01 9.655678e-01 
1057 9 1.753999e-01 3.831685e-01 4.081163e-01 4.162713e-01 6.263524e-01 7.107443e-01 7.124659e-01 7.359859e-01 9.655678e-01 
1058 9 1.753999e-01 3.831685e-01 4.081163e-01 4.162713e-01 6.263524e-01 7.107443e-01 7.124659e-01 7.359859e-01 9.655678e-01 
1059 9 1.753999e-01 3.831685e-01 4.081163e-01 4.162713e-01 6.263524e-01 7.107443e-01 7.124659e-01 7.359859e-01 9.655678e-01 
1060 9 1.753999e-01 3.831685e-01 4.081163e-01 4.162713e-01 6.263524e-01 7.107443e-01 7.124659e-01 7.359859e-01 9.655678e-01 
1061 9 1.753999e-01 3.831685e-01 4.081163e-01 4.162713e-01 6.263524e-01 7.107443e-01 7.124659e-01 7.359859e-01 9.655678e-01 
1062 9 1.753999e-01 3.831685e-01 4.081163e-01 4.162713e-01 6.263524e-01 7.107443e-01 7.124659e-01 7.359859e-01 9.655678e-01 
1063 9 1.520074e-01 3.831685e-01 4.081163e-01 4.162713e-01 6.263524e-01 7.107443e-01 7.124659e-01 7.359859e-01 9.655678e-01 
1064 9 1.520074e-01 3.831685e-01 4.081163e-01 4.162713e-01 6.263524e-01 7.107443e-01 7.124659e-01 7.359859e-01 9.655678e-01 
1065 9 1.520074e-01 3.831685e-01 4.081163e-01 4.162713e-01 6.263524e-01 7.107443e-01 7.124659e-01 7.359859e-01 9.655678e-01 
1066 9 1.520074e-01 3.831685e-01 4.081163e-01 4.162713e-01 6.263524e-01 7.107443e-01 7.124659e-01 7.359859e-01 9.166595e-01 
1067 9 1.520074e-01 3.831685e-01 4.081163e-01 4.162713e-01 6.263524e-01 7.107443e-01 7.124659e-01 7.359859e-01 9.166595e-01 
1068 9 1.520074e-01 3.831685e-01 4.081163e-01 4.162713e-01 6.263524e-01 7.107443e-01 7.124659e-01 7.359859e-01 9.166595e-01 
1069 9 1.520074e-01 3.831685e-01 4.081163e-01 4.162713e-01 6.263524e-01 7.107443e-01 7.124659e-01 7.359859e-01 8.552759e-01 
1070 9 1.520074e-01 3.831685e-01 4.081163e-01 4.162713e-01 6.263524e-01 7.107443e-01 7.124659e-01 7.359859e-01 8.552759e-01 
1071 9 1.520074e-01 3.831685e-01 4.081163e-01 4.162713e-01 6.263524e-01 7.107443e-01 7.124659e-01 7.359859e-01 8.552759e-01 
1072 9 1.520074e-01 3.831685e-01 4.081163e-01 4.162713e-01 6.263524e-01 7.107443e-01 7.124659e-01 7.359859e-01 8.552759e-01 
1073 9 1.520074e-01 3.831685e-01 4.081163e-01 4.162713e-01 6.263524e-01 7.107443e-01 7.124659e-01 7.359859e-01 8.552759e-01 
1074 9 1.520074e-01 3.831685e-01 4.081163e-01 4.162713e-01 6.445602e-01 7.107443e-01 7.124659e-01 7.359859e-01 8.552759e-01 
1075 9 1.520074e-01 3.831685e-01 4.081163e-01 4.162713e-01 6.445602e-01 7.107443e-01 7.124659e-01 7.188058e-01 8.552759e-01 
1076 9 1.520074e-01 3.831685e-01 4.081163e-01 4.162713e-01 6.445602e-01 7.107443e-01 7.124659e-01 7.188058e-01 8.552759e-01 
1077 9 1.476749e-01 3.831685e-01 4.081163e-01 4.162713e-01 6.445602e-01 7.107443e-01 7.124659e-01 7.188058e-01 8.552759e-01 
1078 9 1.476749e-01 3.831685e-01 4.081163e-01 4.162713e-01 6.445602e-01 7.107443e-01 7.124659e-01 7.188058e-01 8.552759e-01 
1079 9 1.476749e-01 3.831685e-01 4.081163e-01 4.162713e-01 6.445602e-01 7.107443e-01 7.124659e-01 7.188058e-01 8.552759e-01 
1080 9 1.476749e-01 3.831685e-01 4.081163e-01 4.162713e-01 6.445602e-01 7.107443e-01 7.124659e-01 7.188058e-01 8.552759e-01 
1081 9 1.476749e-01 3.831685e-01 4.081163e-01 4.162713e-01 6.445602e-01 7.107443e-01 7.124659e-01 7.188058e-01 8.552759e-01 
1082 9 1.476749e-01 3.831685e-01 4.081163e-01 4.162713e-01 6.445602e-01 7.107443e-01 7.124659e-01 7.188058e-01 8.552759e-01 
1083 9 1.476749e-01 3.831685e-01 4.081163e-01 4.162713e-01 6.445602e-01 7.107443e-01 7.124659e-01 7.188058e-01 8.552759e-01 
1084 9 1.476749e-01 3.831685e-01 4.081163e-01 4.162713e-01 6.445602e-01 7.107443e-01 7.124659e-01 7.188058e-01 8.552759e-01 
1085 9 1.476749e-01 3.831685e-01 4.081163e-01 4.162713e-01 6.445602e-01 7.107443e-01 7.124659e-01 7.188058e-01 8.552759e-01 
1086 9 1.476749e-01 3.831685e-01 4.081163e-01 4.162713e-01 6.445602e-01 7.107443e-01 7.124659e-01 7.188058e-01 8.552759e-01 
1087 9 1.476749e-01 3.831685e-01 4.081163e-01 4.162713e-01 6.445602e-01 7.107443e-01 7.124659e-01 7.188058e-01 8.552759e-01 
1088 9 1.476749e-01 3.831685e-01 4.081163e-01 4.162713e-01 6.445602e-01 7.107443e-01 7.124659e-01 7.188058e-01 8.552759e-01 
1089 9 1.476749e-01 3.831685e-01 4.081163e-01 4.162713e-01 6.445602e-01 7.107443e-01 7.124659e-01 7.188058e-01 8.552759e-01 
1090 9 1.476749e-01 3.831685e-01 4.081163e-01 4.162713e-01 6.445602e-01 7.107443e-01 7.124659e-01 7.188058e-01 8.552759e-01 
1091 9 1.476749e-01 3.831685e-01 4.081163e-01 4.162713e-01 6.445602e-01 7.107443e-01 7.124659e-01 7.188058e-01 8.552759e-01 
1092 9 1.476749e-01 3.831685e-01 4.081163e-01 4.162713e-01 6.445602e-01 7.107443e-01 7.124659e-01 7.188058e-01 8.552759e-01 
1093 9 1.476749e-01 3.831685e-01 4.081163e-01 4.162713e-01 6.445602e-01 7.107443e-01 7.124659e-01 7.188058e-01 8.552759e-01 
1094 9 1.476749e-01 3.831685e-01 4.081163e-01 4.162713e-01 6.445602e-01 7.107443e-01 7.124659e-01 7.188058e-01 8.552759e-01 
1095 9 1.476749e-01 3.831685e-01 4.081163e-01 4.162713e-01 6.445602e-01 7.107443e-01 7.124659e-01 7.188058e-01 8.552759e-01 
1096 9 1.476749e-01 3.831685e-01 4.081163e-01 4.162713e-01 6.445602e-01 7.107443e-01 7.124659e-01 7.188058e-01 7.897759e-01 
1097 9 1.476749e-01 3.831685e-01 4.081163e-01 4.162713e-01 6.445602e-01 7.107443e-01 7.124659e-01 7.188058e-01 7.897759e-01 
1098 9 1.476749e-01 3.831685e-01 4.081163e-01 4.162713e-01 6.445602e-01 7.107443e-01 7.124659e-01 7.188058e-01 7.897759e-01 
1099 9 1.476749e-01 3.831685e-01 4.081163e-01 4.162713e-01 6.445602e-01 7.107443e-01 7.124659e-01 7.188058e-01 7.897759e-01 
1100 9 1.476749e-01 3.831685e-01 4.081163e-01 4.162713e-01 6.445602e-01 7.107443e-01 7.124659e-01 7.188058e-01 8.793915e-01 
1101 9 1.476749e-01 3.831685e-01 4.081163e-01 4.162713e-01 6.445602e-01 7.107443e-01 7.124659e-01 7.188058e-01 8.793915e-01 
1102 9 1.476749e-01 3.831685e-01 4.081163e-01 4.162713e-01 6.445602e-01 7.107443e-01 7.124659e-01 7.188058e-01 8.793915e-01 
1103 9 1.476749e-01 3.831685e-01 4.081163e-01 4.162713e-01 6.445602e-01 7.107443e-01 7.124659e-01 7.188058e-01 8.793915e-01 
1104 9 1.476749e-01 3.831685e-01 4.081163e-01 4.162713e-01 6.445602e-01 7.107443e-01 7.124659e-01 7.188058e-01 8.793915e-01 
1105 9 1.476749e-01 3.831685e-01 4.081163e-01 4.162713e-01 6.445602e-01 7.107443e-01 7.124659e-01 7.188058e-01 8.793915e-01 
1106 9 1.476749e-01 3.831685e-01 4.081163e-01 4.162713e-01 6.445602e-01 7.107443e-01 7.124659e-01 7.188058e-01 8.793915e-01 
1107 9 1.476749e-01 3.831685e-01 4.081163e-01 4.162713e-01 6.445602e-01 7.107443e-01 7.124659e-01 7.188058e-01 8.793915e-01 
1108 9 1.476749e-01 3.956911e-01 4.081163e-01 4.162713e-01 6.445602e-01 7.107443e-01 7.124659e-01 7.188058e-01 8.793915e-01 
1109 9 1.476749e-01 3.956911e-01 4.081163e-01 4.162713e-01 6.445602e-01 7.107443e-01 7.124659e-01 7.188058e-01 8.793915e-01 
1110 9 1.476749e-01 3.956911e-01 4.081163e-01 4.162713e-01 6.445602e-01 7.107443e-01 7.124659e-01 7.188058e-01 8.793915e-01 
1111 9 1.476749e-01 3.956911e-01 4.081163e-01 4.162713e-01 6.445602e-01 7.107443e-01 7.124659e-01 7.188058e-01 8.793915e-01 
1112 9 1.476749e-01 3.956911e-01 4.081163e-01 4.162713e-01 6.445602e-01 7.107443e-01 7.124659e-01 7.188058e-01 8.793915e-01 
1113 9 1.476749e-01 3.956911e-01 4.081163e-01 4.162713e-01 6.445602e-01 7.107443e-01 7.124659e-01 7.188058e-01 8.793915e-01 
1114 9 1.618106e-01 3.956911e-01 4.081163e-01 4.162713e-01 6.445602e-01 7.107443e-01 7.124659e-01 7.188058e-01 8.793915e-01 
1115 9 1.618106e-01 3.956911e-01 4.081163e-01 4.162713e-01 6.445602e-01 7.107443e-01 7.124659e-01 7.188058e-01 8.793915e-01 
1116 9 1.618106e-01 3.956911e-01 4.081163e-01 4.162713e-01 6.445602e-01 7.107443e-01 7.124659e-01 7.188058e-01 8.793915e-01 
1117 9 1.618106e-01 3.956911e-01 4.081163e-01 4.162713e-01 6.445602e-01 7.107443e-01 7.124659e-01 7.188058e-01 8.793915e-01 
1118 9 1.618106e-01 3.956911e-01 4.081163e-01 4.162713e-01 6.445602e-01 7.107443e-01 7.124659e-01 7.188058e-01 8.793915e-01 
1119 9 1.618106e-01 3.956911e-01 4.081163e-01 4.162713e-01 6.445602e-01 7.107443e-01 7.124659e-01 7.188058e-01 8.793915e-01 
1120 9 1.618106e-01 3.956911e-01 4.081163e-01 4.162713e-01 6.445602e-01 7.107443e-01 7.124659e-01 7.188058e-01 8.793915e-01 
1121 9 1.618106e-01 3.956911e-01 4.081163e-01 4.162713e-01 6.445602e-01 7.107443e-01 7.124659e-01 7.188058e-01 8.793915e-01 
1122 9 1.618106e-01 3.956911e-01 4.081163e-01 4.162713e-01 6.445602e-01 7.107443e-01 7.124659e-01 7.188058e-01 8.793915e-01 
1123 9 1.618106e-01 3.956911e-01 4.081163e-01 4.162713e-01 6.445602e-01 7.107443e-01 7.124659e-01 7.188058e-01 8.793915e-01 
1124 9 1.618106e-01 3.956911e-01 4.081163e-01 4.162713e-01 6.445602e-01 7.107443e-01 7.124659e-01 7.188058e-01 8.793915e-01 
1125 9 1.618106e-01 3.864028e-01 3.956911e-01 4.081163e-01 6.445602e-01 7.107443e-01 7.124659e-01 7.188058e-01 8.793915e-01 
1126 9 1.618106e-01 3.864028e-01 3.956911e-01 4.081163e-01 6.445602e-01 7.107443e-01 7.124659e-01 7.188058e-01 8.793915e-01 
1127 9 1.618106e-01 3.864028e-01 3.956911e-01 4.081163e-01 6.445602e-01 7.107443e-01 7.124659e-01 7.188058e-01 8.793915e-01 
1128 9 1.618106e-01 3.864028e-01 3.956911e-01 4.081163e-01 6.445602e-01 7.107443e-01 7.124659e-01 7.188058e-01 8.793915e-01 
1129 9 1.618106e-01 3.864028e-01 3.956911e-01 4.081163e-01 6.445602e-01 7.107443e-01 7.124659e-01 7.188058e-01 8.793915e-01 
1130 9 1.618106e-01 3.864028e-01 3.956911e-01 4.081163e-01 6.445602e-01 7.107443e-01 7.124659e-01 7.188058e-01 8.793915e-01 
1131 9 1.618106e-01 3.864028e-01 3.956911e-01 4.081163e-01 6.445602e-01 7.107443e-01 7.124659e-01 7.188058e-01 8.793915e-01 
1132 9 1.618106e-01 3.864028e-01 3.956911e-01 4.081163e-01 6.445602e-01 7.107443e-01 7.124659e-01 7.188058e-01 8.793915e-01 
1133 9 1.618106e-01 3.864028e-01 3.956911e-01 4.081163e-01 6.445602e-01 7.107443e-01 7.124659e-01 7.188058e-01 8.687319e-01 
1134 9 1.618106e-01 3.864028e-01 3.956911e-01 4.081163e-01 6.445602e-01 7.107443e-01 7.124659e-01 7.188058e-01 8.687319e-01 
1135 9 1.618106e-01 3.864028e-01 3.956911e-01 4.081163e-01 6.445602e-01 7.107443e-01 7.124659e-01 7.188058e-01 8.687319e-01 
1136 9 1.618106e-01 3.864028e-01 3.956911e-01 4.081163e-01 6.445602e-01 7.107443e-01 7.124659e-01 7.188058e-01 8.687319e-01 
1137 9 1.618106e-01 3.864028e-01 3.956911e-01 4.081163e-01 6.445602e-01 7.107443e-01 7.124659e-01 7.188058e-01 8.687319e-01 
1138 9 1.618106e-01 3.864028e-01 3.956911e-01 4.081163e-01 6.445602e-01 7.107443e-01 7.124659e-01 7.188058e-01 8.687319e-01 
1139 9 1.618106e-01 3.864028e-01 3.956911e-01 4.081163e-01 6.445602e-01 7.107443e-01 7.124659e-01 7.188058e-01 8.687319e-01 
1140 9 1.618106e-01 3.864028e-01 3.956911e-01 4.081163e-01 6.445602e-01 7.107443e-01 7.124659e-01 7.188058e-01 8.687319e-01 
1141 9 1.618106e-01 3.864028e-01 3.956911e-01 4.081163e-01 6.445602e-01 7.107443e-01 7.124659e-01 7.188058e-01 8.687319e-01 
1142 9 1.618106e-01 3.864028e-01 3.956911e-01 4.081163e-01 6.445602e-01 7.107443e-01 7.124659e-01 7.188058e-01 8.687319e-01 
1143 9 1.618106e-01 3.864028e-01 3.956911e-01 4.081163e-01 6.445602e-01 7.107443e-01 7.124659e-01 7.188058e-01 8.687319e-01 
1144 9 1.618106e-01 3.864028e-01 3.956911e-01 4.081163e-01 6.445602e-01 7.107443e-01 7.124659e-01 7.188058e-01 8.687319e-01 
1145 9 1.618106e-01 3.864028e-01 3.956911e-01 4.081163e-01 6.613931e-01 7.107443e-01 7.124659e-01 7.188058e-01 8.687319e-01 
1146 9 1.618106e-01 3.864028e-01 3.956911e-01 4.081163e-01 6.613931e-01 7.107443e-01 7.124659e-01 7.188058e-01 8.505757e-01 
1147 9 1.618106e-01 3.864028e-01 3.956911e-01 4.081163e-01 6.613931e-01 7.107443e-01 7.124659e-01 7.188058e-01 8.505757e-01 
1148 9 1.618106e-01 3.949806e-01 3.956911e-01 4.081163e-01 6.613931e-01 7.107443e-01 7.124659e-01 7.188058e-01 8.505757e-01 
1149 9 1.618106e-01 3.949806e-01 3.956911e-01 4.081163e-01 6.613931e-01 7.107443e-01 7.124659e-01 7.188058e-01 8.505757e-01 
1150 9 1.618106e-01 3.949806e-01 3.956911e-01 4.081163e-01 6.613931e-01 7.107443e-01 7.124659e-01 7.188058e-01 8.505757e-01 
1151 9 1.618106e-01 3.949806e-01 3.956911e-01 4.081163e-01 6.613931e-01 7.107443e-01 7.124659e-01 7.188058e-01 8.272328e-01 
1152 9 1.618106e-01 3.949806e-01 3.956911e-01 4.081163e-01 6.613931e-01 7.107443e-01 7.124659e-01 7.188058e-01 8.272328e-01 
1153 9 1.618106e-01 3.949806e-01 3.956911e-01 4.081163e-01 6.613931e-01 7.107443e-01 7.124659e-01 7.188058e-01 8.272328e-01 
1154 9 1.618106e-01 3.949806e-01 3.956911e-01 4.016898e-01 6.613931e-01 7.107443e-01 7.124659e-01 7.188058e-01 8.272328e-01 
1155 9 1.618106e-01 3.949806e-01 3.956911e-01 4.016898e-01 6.613931e-01 7.107443e-01 7.124659e-01 7.188058e-01 8.272328e-01 
1156 9 1.618106e-01 3.949806e-01 3.956911e-01 4.016898e-01 6.451539e-01 7.107443e-01 7.124659e-01 7.188058e-01 8.272328e-01 
1157 9 1.618106e-01 3.949806e-01 3.956911e-01 4.016898e-01 6.451539e-01 7.107443e-01 7.124659e-01 7.188058e-01 8.272328e-01 
1158 9 1.618106e-01 3.949806e-01 3.956911e-01 4.016898e-01 6.451539e-01 7.107443e-01 7.124659e-01 7.188058e-01 8.272328e-01 
1159 9 1.618106e-01 3.949806e-01 3.956911e-01 4.016898e-01 6.451539e-01 7.107443e-01 7.124659e-01 7.188058e-01 8.272328e-01 
1160 9 1.618106e-01 3.949806e-01 3.956911e-01 4.016898e-01 6.451539e-01 7.107443e-01 7.124659e-01 7.188058e-01 8.272328e-01 
1161 9 1.618106e-01 3.949806e-01 3.956911e-01 4.016898e-01 6.451539e-01 7.107443e-01 7.124659e-01 7.188058e-01 8.272328e-01 
1162 9 1.618106e-01 3.949806e-01 3.956911e-01 4.016898e-01 6.451539e-01 7.107443e-01 7.124659e-01 7.188058e-01 8.272328e-01 
1163 9 1.618106e-01 3.949806e-01 3.956911e-01 4.016898e-01 6.451539e-01 7.107443e-01 7.124659e-01 7.188058e-01 8.272328e-01 
1164 9 1.618106e-01 3.949806e-01 3.956911e-01 4.016898e-01 6.451539e-01 7.107443e-01 7.124659e-01 7.188058e-01 8.272328e-01 
1165 9 1.618106e-01 3.949806e-01 3.956911e-01 4.016898e-01 6.451539e-01 7.107443e-01 7.124659e-01 7.188058e-01 8.272328e-01 
1166 9 1.618106e-01 3.949806e-01 3.956911e-01 4.016898e-01 6.451539e-01 7.107443e-01 7.124659e-01 7.188058e-01 8.272328e-01 
1167 9 1.618106e-01 3.949806e-01 3.956911e-01 4.016898e-01 6.451539e-01 7.107443e-01 7.124659e-01 7.188058e-01 8.272328e-01 
1168 9 1.618106e-01 3.949806e-01 3.956911e-01 4.016898e-01 6.451539e-01 7.107443e-01 7.124659e-01 7.188058e-01 8.272328e-01 
1169 9 1.618106e-01 3.949806e-01 3.956911e-01 4.016898e-01 6.451539e-01 7.107443e-01 7.124659e-01 7.188058e-01 8.272328e-01 
1170 9 1.618106e-01 3.949806e-01 3.956911e-01 4.016898e-01 6.451539e-01 7.107443e-01 7.124659e-01 7.188058e-01 8.272328e-01 
1171 9 1.618106e-01 3.949806e-01 3.956911e-01 4.016898e-01 6.451539e-01 7.107443e-01 7.124659e-01 7.188058e-01 8.272328e-01 
1172 9 1.618106e-01 3.949806e-01 3.956911e-01 4.016898e-01 6.451539e-01 7.107443e-01 7.124659e-01 7.188058e-01 8.272328e-01 
1173 9 1.618106e-01 3.949806e-01 3.956911e-01 4.016898e-01 6.451539e-01 7.107443e-01 7.124659e-01 7.188058e-01 7.990260e-01 
1174 9 1.618106e-01 3.949806e-01 3.956911e-01 4.008937e-01 6.451539e-01 7.107443e-01 7.124659e-01 7.188058e-01 7.990260e-01 
1175 9 1.618106e-01 3.949806e-01 3.956911e-01 4.008937e-01 6.451539e-01 7.107443e-01 7.124659e-01 7.188058e-01 8.223519e-01 
1176 9 1.618106e-01 3.949806e-01 3.956911e-01 4.008937e-01 6.451539e-01 7.107443e-01 7.124659e-01 7.188058e-01 8.223519e-01 
1177 9 1.618106e-01 3.949806e-01 3.956911e-01 4.008937e-01 6.451539e-01 7.107443e-01 7.124659e-01 7.188058e-01 8.223519e-01 
1178 9 1.618106e-01 3.949806e-01 3.956911e-01 4.008937e-01 6.451539e-01 7.107443e-01 7.124659e-01 7.188058e-01 8.223519e-01 
1179 9 1.618106e-01 3.949806e-01 3.956911e-01 4.008937e-01 6.451539e-01 7.107443e-01 7.124659e-01 7.188058e-01 8.223519e-01 
1180 9 1.618106e-01 3.949806e-01 3.956911e-01 4.008937e-01 6.451539e-01 7.107443e-01 7.124659e-01 7.188058e-01 8.223519e-01 
1181 9 1.618106e-01 3.949806e-01 3.956911e-01 4.008937e-01 6.451539e-01 7.107443e-01 7.124659e-01 7.188058e-01 8.223519e-01 
1182 9 1.618106e-01 3.949806e-01 3.956911e-01 4.008937e-01 6.451539e-01 7.107443e-01 7.124659e-01 7.188058e-01 8.223519e-01 
1183 9 1.618106e-01 3.949806e-01 3.956911e-01 4.008937e-01 6.451539e-01 7.107443e-01 7.124659e-01 7.188058e-01 8.223519e-01 
1184 9 1.618106e-01 3.949806e-01 3.956911e-01 4.008937e-01 6.451539e-01 7.107443e-01 7.124659e-01 7.188058e-01 8.223519e-01 
1185 9 1.618106e-01 3.949806e-01 3.956911e-01 4.008937e-01 6.451539e-01 7.107443e-01 7.124659e-01 7.188058e-01 8.223519e-01 
1186 9 1.618106e-01 3.947746e-01 3.956911e-01 4.008937e-01 6.451539e-01 7.107443e-01 7.124659e-01 7.188058e-01 8.223519e-01 
1187 9 1.618106e-01 3.947746e-01 3.956911e-01 4.008937e-01 6.451539e-01 7.107443e-01 7.124659e-01 7.188058e-01 8.223519e-01 
1188 9 1.618106e-01 3.947746e-01 4.008937e-01 4.188009e-01 6.451539e-01 7.107443e-01 7.124659e-01 7.188058e-01 8.223519e-01 
1189 9 1.618106e-01 3.966301e-01 4.008937e-01 4.188009e-01 6.451539e-01 7.107443e-01 7.124659e-01 7.188058e-01 8.223519e-01 
1190 9 1.618106e-01 3.966301e-01 4.008937e-01 4.188009e-01 6.451539e-01 7.107443e-01 7.124659e-01 7.188058e-01 8.223519e-01 
1191 9 1.763777e-01 3.966301e-01 4.008937e-01 4.188009e-01 6.451539e-01 7.107443e-01 7.124659e-01 7.188058e-01 8.223519e-01 
1192 9 1.763777e-01 3.966301e-01 4.008937e-01 4.188009e-01 6.451539e-01 7.107443e-01 7.124659e-01 7.188058e-01 8.223519e-01 
1193 9 1.763777e-01 3.966301e-01 4.008937e-01 4.188009e-01 6.451539e-01 7.107443e-01 7.124659e-01 7.188058e-01 8.223519e-01 
1194 9 1.763777e-01 3.966301e-01 4.008937e-01 4.188009e-01 6.451539e-01 7.107443e-01 7.124659e-01 7.188058e-01 8.223519e-01 
1195 9 1.763777e-01 3.966301e-01 4.008937e-01 4.188009e-01 6.451539e-01 7.107443e-01 7.124659e-01 7.188058e-01 8.223519e-01 
1196 9 1.763777e-01 3.966301e-01 4.008937e-01 4.188009e-01 6.451539e-01 7.107443e-01 7.124659e-01 7.188058e-01 8.223519e-01 
1197 9 1.763777e-01 3.966301e-01 4.008937e-01 4.188009e-01 6.451539e-01 7.107443e-01 7.124659e-01 7.188058e-01 8.223519e-01 
1198 9 1.763777e-01 3.966301e-01 4.008937e-01 4.188009e-01 6.451539e-01 7.107443e-01 7.124659e-01 7.188058e-01 8.223519e-01 
1199 9 1.763777e-01 3.966301e-01 4.008937e-01 4.188009e-01 6.451539e-01 7.107443e-01 7.124659e-01 7.188058e-01 8.223519e-01 
1200 9 1.763777e-01 3.966301e-01 4.008937e-01 4.188009e-01 6.451539e-01 7.107443e-01 7.124659e-01 7.188058e-01 8.223519e-01 
1201 9 1.763777e-01 3.966301e-01 4.008937e-01 4.188009e-01 6.451539e-01 7.107443e-01 7.124659e-01 7.188058e-01 8.223519e-01 
1202 9 1.763777e-01 3.966301e-01 4.008937e-01 4.188009e-01 6.451539e-01 7.107443e-01 7.124659e-01 7.188058e-01 8.223519e-01 
1203 9 1.763777e-01 3.966301e-01 4.008937e-01 4.188009e-01 6.451539e-01 7.107443e-01 7.124659e-01 7.188058e-01 8.223519e-01 
1204 9 1.763777e-01 3.966301e-01 4.008937e-01 4.188009e-01 6.451539e-01 7.107443e-01 7.124659e-01 7.188058e-01 8.223519e-01 
1205 9 1.763777e-01 3.966301e-01 4.008937e-01 4.188009e-01 6.451539e-01 7.107443e-01 7.124659e-01 7.188058e-01 8.223519e-01 
1206 9 1.763777e-01 3.966301e-01 4.008937e-01 4.188009e-01 6.451539e-01 7.107443e-01 7.124659e-01 7.188058e-01 8.223519e-01 
1207 9 1.763777e-01 3.966301e-01 4.008937e-01 4.188009e-01 6.451539e-01 7.107443e-01 7.124659e-01 7.188058e-01 8.223519e-01 
1208 9 1.763777e-01 3.966301e-01 4.008937e-01 4.188009e-01 6.451539e-01 7.107443e-01 7.124659e-01 7.188058e-01 8.223519e-01 
1209 9 1.763777e-01 3.966301e-01 4.008937e-01 4.188009e-01 6.451539e-01 7.107443e-01 7.124659e-01 7.188058e-01 8.223519e-01 
1210 9 1.763777e-01 3.966301e-01 4.008937e-01 4.188009e-01 6.451539e-01 7.107443e-01 7.124659e-01 7.314408e-01 8.223519e-01 
1211 9 1.763777e-01 3.966301e-01 4.008937e-01 4.188009e-01 5.485430e-01 7.107443e-01 7.124659e-01 7.314408e-01 8.223519e-01 
1212 9 1.763777e-01 3.966301e-01 4.008937e-01 4.188009e-01 5.485430e-01 7.107443e-01 7.124659e-01 7.314408e-01 8.223519e-01 
1213 9 1.763777e-01 3.966301e-01 4.008937e-01 4.188009e-01 5.485430e-01 7.107443e-01 7.124659e-01 7.314408e-01 8.223519e-01 
1214 9 1.763777e-01 3.966301e-01 4.008937e-01 4.188009e-01 5.485430e-01 7.107443e-01 7.124659e-01 7.314408e-01 8.223519e-01 
1215 9 1.763777e-01 3.966301e-01 4.008937e-01 4.188009e-01 5.485430e-01 7.107443e-01 7.124659e-01 7.314408e-01 8.223519e-01 
1216 9 1.763777e-01 3.966301e-01 4.008937e-01 4.188009e-01 5.485430e-01 7.107443e-01 7.124659e-01 7.314408e-01 8.223519e-01 
1217 9 1.763777e-01 3.966301e-01 4.008937e-01 4.188009e-01 5.485430e-01 7.107443e-01 7.124659e-01 7.314408e-01 8.471836e-01 
1218 9 1.763777e-01 3.966301e-01 4.008937e-01 4.188009e-01 5.485430e-01 7.107443e-01 7.124659e-01 7.314408e-01 8.471836e-01 
1219 9 1.763777e-01 3.966301e-01 4.008937e-01 4.188009e-01 5.485430e-01 7.107443e-01 7.124659e-01 7.314408e-01 8.471836e-01 
1220 9 1.763777e-01 3.966301e-01 4.008937e-01 4.188009e-01 5.485430e-01 7.107443e-01 7.124659e-01 7.314408e-01 8.471836e-01 
1221 9 1.763777e-01 3.966301e-01 4.008937e-01 4.188009e-01 5.485430e-01 7.107443e-01 7.124659e-01 7.314408e-01 8.471836e-01 
1222 9 1.763777e-01 3.966301e-01 4.008937e-01 4.188009e-01 5.485430e-01 7.107443e-01 7.124659e-01 7.314408e-01 8.471836e-01 
1223 9 1.763777e-01 3.966301e-01 4.008937e-01 4.188009e-01 5.485430e-01 7.107443e-01 7.124659e-01 7.314408e-01 8.471836e-01 
1224 9 1.763777e-01 3.966301e-01 4.008937e-01 4.188009e-01 5.485430e-01 7.107443e-01 7.124659e-01 7.314408e-01 8.471836e-01 
1225 9 1.763777e-01 3.966301e-01 4.008937e-01 4.188009e-01 5.485430e-01 7.107443e-01 7.124659e-01 7.314408e-01 8.471836e-01 
1226 9 1.763777e-01 3.966301e-01 4.008937e-01 4.188009e-01 5.485430e-01 7.107443e-01 7.124659e-01 7.387334e-01 8.471836e-01 
1227 9 1.763777e-01 3.966301e-01 4.008937e-01 4.188009e-01 5.485430e-01 7.107443e-01 7.124659e-01 7.387334e-01 8.471836e-01 
1228 9 1.763777e-01 3.966301e-01 4.008937e-01 4.188009e-01 5.485430e-01 7.107443e-01 7.124659e-01 7.387334e-01 8.471836e-01 
1229 9 1.763777e-01 3.966301e-01 4.008937e-01 4.188009e-01 5.485430e-01 7.107443e-01 7.124659e-01 7.387334e-01 8.471836e-01 
1230 9 1.763777e-01 3.966301e-01 4.008937e-01 4.188009e-01 5.485430e-01 7.107443e-01 7.124659e-01 7.387334e-01 8.471836e-01 
1231 9 1.763777e-01 3.966301e-01 4.008937e-01 4.188009e-01 5.485430e-01 7.107443e-01 7.124659e-01 7.387334e-01 8.471836e-01 
1232 9 1.763777e-01 3.966301e-01 4.008937e-01 4.188009e-01 5.485430e-01 7.107443e-01 7.124659e-01 7.387334e-01 8.471836e-01 
1233 9 1.763777e-01 3.966301e-01 4.008937e-01 4.188009e-01 5.485430e-01 7.107443e-01 7.124659e-01 7.327244e-01 8.471836e-01 
1234 9 1.763777e-01 3.966301e-01 4.008937e-01 4.188009e-01 5.485430e-01 7.107443e-01 7.124659e-01 7.327244e-01 8.471836e-01 
1235 9 1.763777e-01 3.966301e-01 4.008937e-01 4.075212e-01 5.485430e-01 7.107443e-01 7.124659e-01 7.327244e-01 8.471836e-01 
1236 9 1.763777e-01 3.966301e-01 4.008937e-01 4.075212e-01 5.485430e-01 7.107443e-01 7.124659e-01 7.327244e-01 8.471836e-01 
1237 9 1.763777e-01 3.966301e-01 4.008937e-01 4.075212e-01 5.485430e-01 7.107443e-01 7.124659e-01 7.327244e-01 8.471836e-01 
1238 9 1.763777e-01 3.966301e-01 4.008937e-01 4.075212e-01 5.485430e-01 7.107443e-01 7.124659e-01 7.327244e-01 8.471836e-01 
1239 9 1.763777e-01 3.966301e-01 4.008937e-01 4.075212e-01 5.485430e-01 7.107443e-01 7.124659e-01 7.327244e-01 8.471836e-01 
1240 9 1.763777e-01 3.966301e-01 4.008937e-01 4.075212e-01 5.345182e-01 7.107443e-01 7.124659e-01 7.327244e-01 8.471836e-01 
1241 9 1.763777e-01 3.966301e-01 4.008937e-01 4.075212e-01 5.345182e-01 7.107443e-01 7.124659e-01 7.327244e-01 8.471836e-01 
1242 9 1.763777e-01 3.966301e-01 4.008937e-01 4.075212e-01 5.345182e-01 7.107443e-01 7.124659e-01 7.327244e-01 8.471836e-01 
1243 9 1.763777e-01 3.966301e-01 4.008937e-01 4.075212e-01 5.345182e-01 7.107443e-01 7.124659e-01 7.327244e-01 8.471836e-01 
1244 9 1.763777e-01 3.966301e-01 4.008937e-01 4.075212e-01 5.345182e-01 7.107443e-01 7.124659e-01 7.327244e-01 8.471836e-01 
1245 9 1.763777e-01 3.966301e-01 4.008937e-01 4.075212e-01 5.345182e-01 7.107443e-01 7.124659e-01 7.327244e-01 8.471836e-01 
1246 9 1.763777e-01 3.966301e-01 4.008937e-01 4.075212e-01 5.345182e-01 7.107443e-01 7.124659e-01 7.327244e-01 8.471836e-01 
1247 9 1.763777e-01 3.966301e-01 4.008937e-01 4.075212e-01 5.345182e-01 7.107443e-01 7.124659e-01 7.327244e-01 8.471836e-01 
1248 9 1.763777e-01 3.966301e-01 4.008937e-01 4.075212e-01 5.345182e-01 7.107443e-01 7.124659e-01 7.327244e-01 8.471836e-01 
1249 9 1.763777e-01 3.966301e-01 4.008937e-01 4.075212e-01 5.345182e-01 7.107443e-01 7.124659e-01 7.327244e-01 8.471836e-01 
1250 9 1.763777e-01 3.966301e-01 4.008937e-01 4.075212e-01 5.345182e-01 7.093719e-01 7.124659e-01 7.327244e-01 8.471836e-01 
1251 9 1.763777e-01 3.966301e-01 4.008937e-01 4.075212e-01 5.345182e-01 7.093719e-01 7.124659e-01 7.327244e-01 8.471836e-01 
1252 9 1.763777e-01 3.966301e-01 4.008937e-01 4.075212e-01 5.345182e-01 7.093719e-01 7.124659e-01 7.327244e-01 8.385912e-01 
1253 9 1.763777e-01 3.966301e-01 4.008937e-01 4.075212e-01 5.345182e-01 7.093719e-01 7.124659e-01 7.327244e-01 8.385912e-01 
1254 9 1.763777e-01 3.966301e-01 4.008937e-01 4.075212e-01 5.345182e-01 7.093719e-01 7.124659e-01 7.327244e-01 8.385912e-01 
1255 9 1.763777e-01 3.966301e-01 4.008937e-01 4.075212e-01 5.345182e-01 7.093719e-01 7.124659e-01 7.327244e-01 8.385912e-01 
1256 9 1.763777e-01 3.966301e-01 4.008937e-01 4.075212e-01 5.345182e-01 7.093719e-01 7.124659e-01 7.327244e-01 8.385912e-01 
1257 8 1.763777e-01 3.966301e-01 4.008937e-01 4.075212e-01 5.345182e-01 7.093719e-01 7.124659e-01 8.385912e-01 
1258 8 1.763777e-01 3.966301e-01 4.008937e-01 4.075212e-01 5.345182e-01 7.093719e-01 7.124659e-01 8.385912e-01 
1259 8 1.763777e-01 3.966301e-01 4.008937e-01 4.075212e-01 5.345182e-01 7.093719e-01 7.124659e-01 8.385912e-01 
1260 8 1.763777e-01 3.966301e-01 4.008937e-01 4.075212e-01 5.345182e-01 7.093719e-01 7.124659e-01 8.206667e-01 
1261 8 1.763777e-01 3.966301e-01 4.008937e-01 4.075212e-01 5.345182e-01 7.093719e-01 7.124659e-01 8.206667e-01 
1262 8 1.763777e-01 3.966301e-01 4.008937e-01 4.075212e-01 5.345182e-01 7.093719e-01 7.124659e-01 8.206667e-01 
1263 8 1.763777e-01 3.966301e-01 4.008937e-01 4.075212e-01 5.345182e-01 7.093719e-01 7.124659e-01 8.206667e-01 
1264 8 1.763777e-01 3.966301e-01 4.008937e-01 4.075212e-01 5.345182e-01 7.093719e-01 7.124659e-01 8.206667e-01 
1265 8 1.763777e-01 3.966301e-01 4.008937e-01 4.075212e-01 5.345182e-01 7.093719e-01 7.124659e-01 8.206667e-01 
1266 8 1.763777e-01 3.966301e-01 4.008937e-01 4.075212e-01 5.345182e-01 7.093719e-01 7.124659e-01 8.206667e-01 
1267 8 1.763777e-01 3.966301e-01 4.008937e-01 4.075212e-01 5.345182e-01 7.093719e-01 7.124659e-01 8.206667e-01 
1268 8 1.763777e-01 3.966301e-01 4.008937e-01 4.075212e-01 5.345182e-01 7.093719e-01 7.124659e-01 8.206667e-01 
1269 8 1.763777e-01 3.966301e-01 4.008937e-01 4.075212e-01 5.345182e-01 7.093719e-01 7.124659e-01 8.206667e-01 
1270 8 1.763777e-01 3.966301e-01 4.008937e-01 4.075212e-01 5.345182e-01 7.093719e-01 7.124659e-01 8.206667e-01 
1271 8 1.763777e-01 3.966301e-01 4.008937e-01 4.075212e-01 5.345182e-01 7.093719e-01 7.124659e-01 8.206667e-01 
1272 8 1.763777e-01 3.966301e-01 4.008937e-01 4.075212e-01 5.345182e-01 7.093719e-01 7.124659e-01 8.206667e-01 
1273 8 1.763777e-01 3.966301e-01 4.008937e-01 4.075212e-01 5.345182e-01 7.093719e-01 7.124659e-01 8.206667e-01 
1274 8 1.763777e-01 3.966301e-01 4.008937e-01 4.075212e-01 5.345182e-01 7.093719e-01 7.124659e-01 8.206667e-01 
1275 8 1.763777e-01 3.966301e-01 4.008937e-01 4.075212e-01 5.345182e-01 7.093719e-01 7.124659e-01 8.206667e-01 
1276 8 1.763777e-01 3.966301e-01 4.008937e-01 4.075212e-01 5.345182e-01 7.093719e-01 7.124659e-01 8.206667e-01 
1277 8 1.763777e-01 3.966301e-01 4.008937e-01 4.075212e-01 5.345182e-01 7.093719e-01 7.124659e-01 8.206667e-01 
1278 8 1.763777e-01 3.966301e-01 4.008937e-01 4.075212e-01 5.345182e-01 7.093719e-01 7.124659e-01 8.206667e-01 
1279 8 1.763777e-01 3.966301e-01 4.008937e-01 4.075212e-01 5.345182e-01 7.093719e-01 7.124659e-01 8.206667e-01 
1280 8 1.763777e-01 3.966301e-01 4.008937e-01 4.075212e-01 5.345182e-01 7.093719e-01 7.124659e-01 8.206667e-01 
1281 8 1.763777e-01 3.966301e-01 4.008937e-01 4.075212e-01 5.345182e-01 7.093719e-01 7.124659e-01 8.206667e-01 
1282 8 1.763777e-01 3.966301e-01 4.008937e-01 4.075212e-01 5.345182e-01 7.093719e-01 7.124659e-01 8.206667e-01 
1283 8 1.763777e-01 3.966301e-01 4.008937e-01 4.075212e-01 5.345182e-01 7.093719e-01 7.124659e-01 8.206667e-01 
1284 8 1.763777e-01 3.966301e-01 4.008937e-01 4.075212e-01 5.345182e-01 7.093719e-01 7.124659e-01 8.206667e-01 
1285 8 1.763777e-01 3.966301e-01 4.008937e-01 4.075212e-01 5.345182e-01 7.093719e-01 7.124659e-01 8.206667e-01 
1286 8 1.763777e-01 3.966301e-01 4.008937e-01 4.075212e-01 5.345182e-01 7.093719e-01 7.124659e-01 8.206667e-01 
1287 8 1.763777e-01 3.966301e-01 4.008937e-01 4.075212e-01 5.345182e-01 7.093719e-01 7.124659e-01 8.206667e-01 
1288 8 1.763777e-01 3.966301e-01 4.008937e-01 4.075212e-01 5.345182e-01 7.093719e-01 7.124659e-01 8.206667e-01 
1289 8 1.763777e-01 3.966301e-01 4.008937e-01 4.075212e-01 5.345182e-01 7.093719e-01 7.124659e-01 8.206667e-01 
1290 8 1.763777e-01 3.966301e-01 4.008937e-01 4.075212e-01 5.345182e-01 7.093719e-01 7.124659e-01 8.206667e-01 
1291 8 1.763777e-01 3.966301e-01 4.008937e-01 4.075212e-01 5.345182e-01 7.093719e-01 7.124659e-01 8.206667e-01 
1292 8 1.763777e-01 3.966301e-01 4.008937e-01 4.075212e-01 5.345182e-01 7.093719e-01 7.124659e-01 8.206667e-01 
1293 8 1.763777e-01 3.966301e-01 4.008937e-01 4.075212e-01 5.345182e-01 7.093719e-01 7.124659e-01 8.206667e-01 
1294 8 1.763777e-01 3.966301e-01 4.008937e-01 4.075212e-01 5.345182e-01 7.093719e-01 7.124659e-01 8.206667e-01 
1295 8 1.763777e-01 3.966301e-01 4.008937e-01 4.075212e-01 5.345182e-01 7.093719e-01 7.124659e-01 8.206667e-01 
1296 8 1.763777e-01 3.966301e-01 4.008937e-01 4.075212e-01 5.345182e-01 7.093719e-01 7.124659e-01 8.206667e-01 
1297 8 1.763777e-01 3.966301e-01 4.008937e-01 4.075212e-01 5.345182e-01 7.093719e-01 7.124659e-01 8.206667e-01 
1298 8 1.763777e-01 3.966301e-01 4.008937e-01 4.075212e-01 5.345182e-01 7.093719e-01 7.124659e-01 8.206667e-01 
1299 8 1.763777e-01 3.966301e-01 4.008937e-01 4.075212e-01 5.345182e-01 7.093719e-01 7.124659e-01 8.206667e-01 
1300 8 1.763777e-01 3.966301e-01 4.008937e-01 4.075212e-01 5.345182e-01 7.093719e-01 7.124659e-01 8.206667e-01 
1301 8 1.763777e-01 3.966301e-01 4.008937e-01 4.075212e-01 5.345182e-01 7.093719e-01 7.124659e-01 8.206667e-01 
1302 8 1.763777e-01 3.966301e-01 4.008937e-01 4.075212e-01 5.345182e-01 7.093719e-01 7.124659e-01 8.206667e-01 
1303 8 1.763777e-01 3.966301e-01 4.008937e-01 4.075212e-01 5.561057e-01 7.093719e-01 7.124659e-01 8.206667e-01 
1304 8 1.763777e-01 3.966301e-01 4.008937e-01 4.075212e-01 5.561057e-01 7.093719e-01 7.124659e-01 8.206667e-01 
1305 8 1.763777e-01 3.966301e-01 4.008937e-01 4.075212e-01 5.561057e-01 7.093719e-01 7.124659e-01 8.206667e-01 
1306 8 1.763777e-01 3.966301e-01 4.008937e-01 4.075212e-01 5.561057e-01 7.093719e-01 7.124659e-01 8.206667e-01 
1307 8 1.763777e-01 3.966301e-01 4.008937e-01 4.075212e-01 5.561057e-01 7.093719e-01 7.124659e-01 8.206667e-01 
1308 8 1.763777e-01 3.966301e-01 4.008937e-01 4.075212e-01 5.561057e-01 7.093719e-01 7.124659e-01 8.206667e-01 
1309 8 1.763777e-01 3.966301e-01 4.008937e-01 4.075212e-01 5.561057e-01 7.093719e-01 7.124659e-01 8.206667e-01 
1310 8 1.763777e-01 3.966301e-01 4.008937e-01 4.075212e-01 5.561057e-01 7.093719e-01 7.124659e-01 8.183587e-01 
1311 8 1.763777e-01 3.966301e-01 4.008937e-01 4.075212e-01 5.561057e-01 7.035894e-01 7.124659e-01 8.183587e-01 
1312 8 1.763777e-01 3.966301e-01 4.008937e-01 4.075212e-01 5.561057e-01 7.035894e-01 7.124659e-01 8.183587e-01 
1313 8 1.763777e-01 3.966301e-01 4.008937e-01 4.075212e-01 5.561057e-01 7.035894e-01 7.124659e-01 8.183587e-01 
1314 8 1.763777e-01 3.966301e-01 4.008937e-01 4.075212e-01 5.561057e-01 7.035894e-01 7.124659e-01 8.183587e-01 
1315 8 1.763777e-01 3.966301e-01 4.008937e-01 4.075212e-01 5.561057e-01 7.035894e-01 7.124659e-01 8.183587e-01 
1316 8 1.763777e-01 3.966301e-01 4.008937e-01 4.075212e-01 5.561057e-01 7.035894e-01 7.124659e-01 8.183587e-01 
1317 8 1.763777e-01 3.966301e-01 4.008937e-01 4.075212e-01 5.561057e-01 7.035894e-01 7.124659e-01 8.183587e-01 
1318 8 1.763777e-01 3.966301e-01 4.008937e-01 4.075212e-01 5.561057e-01 7.035894e-01 7.124659e-01 8.183587e-01 
1319 8 1.763777e-01 3.966301e-01 4.008937e-01 4.075212e-01 5.561057e-01 7.035894e-01 7.124659e-01 8.183587e-01 
1320 8 1.763777e-01 3.966301e-01 4.008937e-01 4.075212e-01 5.561057e-01 7.035894e-01 7.124659e-01 8.183587e-01 
1321 8 1.763777e-01 3.966301e-01 4.008937e-01 4.075212e-01 5.561057e-01 7.035894e-01 7.124659e-01 8.183587e-01 
1322 8 1.763777e-01 3.966301e-01 4.008937e-01 4.075212e-01 5.189826e-01 7.035894e-01 7.124659e-01 8.183587e-01 
1323 8 1.763777e-01 3.966301e-01 4.008937e-01 4.075212e-01 5.189826e-01 7.035894e-01 7.124659e-01 8.183587e-01 
1324 8 1.763777e-01 3.966301e-01 4.008937e-01 4.075212e-01 5.189826e-01 7.035894e-01 7.124659e-01 8.183587e-01 
1325 8 1.763777e-01 3.966301e-01 4.008937e-01 4.075212e-01 5.189826e-01 7.035894e-01 7.124659e-01 8.183587e-01 
1326 8 1.763777e-01 3.966301e-01 4.008937e-01 4.075212e-01 5.189826e-01 7.035894e-01 7.124659e-01 8.183587e-01 
1327 8 1.763777e-01 3.966301e-01 4.008937e-01 4.075212e-01 5.189826e-01 7.035894e-01 7.124659e-01 8.183587e-01 
1328 8 1.763777e-01 3.966301e-01 4.008937e-01 4.075212e-01 5.189826e-01 7.035894e-01 7.124659e-01 8.183587e-01 
1329 8 1.763777e-01 3.966301e-01 4.008937e-01 4.075212e-01 5.189826e-01 7.035894e-01 7.124659e-01 8.183587e-01 
1330 8 1.763777e-01 3.966301e-01 4.008937e-01 4.075212e-01 5.189826e-01 7.035894e-01 7.124659e-01 8.183587e-01 
1331 8 1.763777e-01 3.966301e-01 4.008937e-01 4.075212e-01 5.189826e-01 7.035894e-01 7.124659e-01 8.183587e-01 
1332 8 1.763777e-01 3.966301e-01 4.008937e-01 4.075212e-01 5.189826e-01 7.035894e-01 7.124659e-01 8.183587e-01 
1333 8 1.763777e-01 3.966301e-01 4.008937e-01 4.075212e-01 5.189826e-01 7.035894e-01 7.124659e-01 8.183587e-01 
1334 8 1.763777e-01 3.966301e-01 4.008937e-01 4.075212e-01 5.189826e-01 7.035894e-01 7.124659e-01 8.183587e-01 
1335 8 1.763777e-01 3.966301e-01 4.008937e-01 4.075212e-01 5.189826e-01 7.035894e-01 7.124659e-01 8.183587e-01 
1336 8 1.763777e-01 3.966301e-01 4.008937e-01 4.075212e-01 5.189826e-01 7.035894e-01 7.124659e-01 8.183587e-01 
1337 8 1.763777e-01 3.966301e-01 4.008937e-01 4.075212e-01 5.189826e-01 7.035894e-01 7.124659e-01 8.183587e-01 
1338 8 1.763777e-01 3.966301e-01 4.008937e-01 4.075212e-01 5.189826e-01 7.035894e-01 7.124659e-01 8.183587e-01 
1339 8 1.763777e-01 3.966301e-01 4.008937e-01 4.075212e-01 5.189826e-01 7.035894e-01 7.124659e-01 8.183587e-01 
1340 8 1.763777e-01 3.966301e-01 4.008937e-01 4.075212e-01 5.189826e-01 7.035894e-01 7.124659e-01 8.183587e-01 
1341 8 1.763777e-01 3.966301e-01 4.008937e-01 4.075212e-01 5.189826e-01 7.035894e-01 7.124659e-01 8.183587e-01 
1342 8 1.763777e-01 3.966301e-01 4.008937e-01 4.075212e-01 5.189826e-01 7.035894e-01 7.124659e-01 8.183587e-01 
1343 8 1.763777e-01 3.966301e-01 4.008937e-01 4.075212e-01 5.189826e-01 7.035894e-01 7.124659e-01 8.183587e-01 
1344 8 1.763777e-01 3.966301e-01 4.008937e-01 4.139540e-01 5.189826e-01 7.035894e-01 7.124659e-01 8.183587e-01 
1345 8 1.763777e-01 3.966301e-01 4.008937e-01 4.139540e-01 5.189826e-01 7.035894e-01 7.124659e-01 8.183587e-01 
1346 8 1.763777e-01 3.966301e-01 4.008937e-01 4.139540e-01 5.189826e-01 7.035894e-01 7.124659e-01 8.183587e-01 
1347 8 1.763777e-01 3.966301e-01 4.008937e-01 4.139540e-01 5.189826e-01 7.035894e-01 7.124659e-01 8.183587e-01 
1348 8 1.763777e-01 3.966301e-01 4.008937e-01 4.139540e-01 5.189826e-01 7.035894e-01 7.124659e-01 8.183587e-01 
1349 8 1.763777e-01 3.966301e-01 4.008937e-01 4.139540e-01 5.189826e-01 7.035894e-01 7.124659e-01 8.183587e-01 
1350 8 1.763777e-01 3.966301e-01 4.008937e-01 4.139540e-01 5.189826e-01 7.035894e-01 7.124659e-01 8.183587e-01 
1351 8 1.763777e-01 3.966301e-01 4.008937e-01 4.139540e-01 5.189826e-01 7.035894e-01 7.124659e-01 8.183587e-01 
1352 8 1.763777e-01 3.966301e-01 4.008937e-01 4.139540e-01 5.189826e-01 7.035894e-01 7.124659e-01 8.183587e-01 
1353 8 1.763777e-01 3.966301e-01 4.008937e-01 4.139540e-01 5.642627e-01 7.035894e-01 7.124659e-01 8.183587e-01 
1354 8 1.763777e-01 3.966301e-01 4.008937e-01 4.139540e-01 5.642627e-01 7.035894e-01 7.124659e-01 8.183587e-01 
1355 8 1.763777e-01 3.966301e-01 4.008937e-01 4.139540e-01 5.642627e-01 7.035894e-01 7.124659e-01 8.183587e-01 
1356 8 1.763777e-01 3.966301e-01 4.008937e-01 4.139540e-01 5.642627e-01 7.035894e-01 7.124659e-01 8.183587e-01 
1357 8 1.763777e-01 3.966301e-01 4.008937e-01 4.139540e-01 5.642627e-01 6.939041e-01 7.124659e-01 8.183587e-01 
1358 8 1.763777e-01 3.966301e-01 4.008937e-01 4.139540e-01 5.642627e-01 6.939041e-01 7.124659e-01 8.183587e-01 
1359 8 1.763777e-01 3.966301e-01 4.008937e-01 4.139540e-01 5.642627e-01 6.939041e-01 7.124659e-01 8.183587e-01 
1360 8 1.763777e-01 3.966301e-01 4.008937e-01 4.139540e-01 5.642627e-01 6.939041e-01 7.124659e-01 8.183587e-01 
1361 8 1.763777e-01 3.966301e-01 4.008937e-01 4.139540e-01 5.642627e-01 7.047958e-01 7.124659e-01 8.183587e-01 
1362 8 1.763777e-01 3.966301e-01 4.008937e-01 4.139540e-01 5.642627e-01 7.047958e-01 7.124659e-01 8.183587e-01 
1363 8 1.763777e-01 3.966301e-01 4.008937e-01 4.139540e-01 5.642627e-01 7.047958e-01 7.124659e-01 8.183587e-01 
1364 8 1.763777e-01 3.966301e-01 4.008937e-01 4.139540e-01 5.642627e-01 7.047958e-01 7.124659e-01 8.183587e-01 
1365 8 1.763777e-01 3.966301e-01 4.008937e-01 4.139540e-01 5.642627e-01 7.047958e-01 7.124659e-01 8.183587e-01 
1366 8 1.763777e-01 3.966301e-01 4.008937e-01 4.139540e-01 5.642627e-01 7.047958e-01 7.124659e-01 8.183587e-01 
1367 8 1.763777e-01 3.966301e-01 3.981454e-01 4.139540e-01 5.642627e-01 7.047958e-01 7.124659e-01 8.183587e-01 
1368 8 1.763777e-01 3.966301e-01 3.981454e-01 4.139540e-01 5.642627e-01 7.047958e-01 7.124659e-01 8.183587e-01 
1369 8 1.763777e-01 3.966301e-01 3.981454e-01 4.139540e-01 5.642627e-01 6.951836e-01 7.124659e-01 8.183587e-01 
1370 8 1.763777e-01 3.966301e-01 3.981454e-01 4.139540e-01 5.642627e-01 6.951836e-01 7.124659e-01 8.183587e-01 
1371 8 1.763777e-01 3.966301e-01 3.981454e-01 4.139540e-01 5.642627e-01 6.951836e-01 7.124659e-01 8.183587e-01 
1372 8 1.763777e-01 3.966301e-01 3.981454e-01 4.139540e-01 5.642627e-01 6.951836e-01 7.124659e-01 8.183587e-01 
1373 8 1.763777e-01 3.966301e-01 3.981454e-01 4.139540e-01 5.642627e-01 6.951836e-01 7.124659e-01 8.183587e-01 
1374 8 1.763777e-01 3.966301e-01 3.981454e-01 4.139540e-01 5.642627e-01 6.951836e-01 7.124659e-01 8.183587e-01 
1375 8 1.763777e-01 3.966301e-01 3.981454e-01 4.139540e-01 5.642627e-01 6.951836e-01 7.124659e-01 8.183587e-01 
1376 8 1.763777e-01 3.966301e-01 3.981454e-01 4.139540e-01 5.642627e-01 6.951836e-01 7.124659e-01 8.183587e-01 
1377 8 1.763777e-01 3.966301e-01 3.981454e-01 4.139540e-01 5.642627e-01 6.951836e-01 7.124659e-01 8.183587e-01 
1378 8 1.763777e-01 3.966301e-01 3.981454e-01 4.139540e-01 5.642627e-01 6.951836e-01 7.124659e-01 8.183587e-01 
1379 8 1.763777e-01 3.966301e-01 3.981454e-01 4.139540e-01 5.642627e-01 6.951836e-01 7.124659e-01 8.183587e-01 
1380 8 1.763777e-01 3.966301e-01 3.981454e-01 4.139540e-01 5.642627e-01 6.951836e-01 7.124659e-01 8.183587e-01 
1381 8 1.763777e-01 3.966301e-01 3.981454e-01 4.139540e-01 5.642627e-01 6.951836e-01 7.124659e-01 8.183587e-01 
1382 8 1.763777e-01 3.966301e-01 3.981454e-01 4.139540e-01 5.642627e-01 6.951836e-01 7.124659e-01 8.183587e-01 
1383 8 1.763777e-01 3.966301e-01 3.981454e-01 4.139540e-01 5.642627e-01 6.951836e-01 7.124659e-01 8.183587e-01 
1384 8 1.763777e-01 3.966301e-01 3.981454e-01 4.139540e-01 5.642627e-01 6.951836e-01 7.124659e-01 8.183587e-01 
1385 8 1.763777e-01 3.966301e-01 3.981454e-01 4.139540e-01 5.642627e-01 6.951836e-01 7.124659e-01 8.183587e-01 
1386 8 1.763777e-01 3.966301e-01 3.981454e-01 4.139540e-01 5.642627e-01 6.951836e-01 7.124659e-01 8.183587e-01 
1387 8 1.763777e-01 3.966301e-01 3.981454e-01 4.139540e-01 5.642627e-01 6.951836e-01 7.124659e-01 8.183587e-01 
1388 8 1.763777e-01 3.966301e-01 3.981454e-01 4.139540e-01 5.642627e-01 6.951836e-01 7.124659e-01 8.183587e-01 
1389 8 1.763777e-01 3.966301e-01 3.981454e-01 4.139540e-01 5.642627e-01 6.951836e-01 7.124659e-01 8.183587e-01 
1390 8 1.763777e-01 3.966301e-01 3.981454e-01 4.139540e-01 5.642627e-01 6.951836e-01 7.124659e-01 8.183587e-01 
1391 8 1.763777e-01 3.966301e-01 3.981454e-01 4.139540e-01 5.642627e-01 6.951836e-01 7.124659e-01 8.183587e-01 
1392 8 1.763777e-01 3.966301e-01 3.981454e-01 4.139540e-01 5.642627e-01 6.951836e-01 7.124659e-01 8.183587e-01 
1393 8 1.763777e-01 3.966301e-01 3.981454e-01 4.139540e-01 5.642627e-01 6.951836e-01 7.124659e-01 8.183587e-01 
1394 8 1.763777e-01 3.966301e-01 3.981454e-01 4.139540e-01 5.642627e-01 6.951836e-01 7.124659e-01 8.183587e-01 
1395 8 1.763777e-01 3.966301e-01 3.981454e-01 4.139540e-01 5.642627e-01 6.951836e-01 7.124659e-01 8.215273e-01 
1396 8 1.763777e-01 3.966301e-01 3.981454e-01 4.139540e-01 5.642627e-01 6.951836e-01 7.124659e-01 8.215273e-01 
1397 8 1.763777e-01 3.966301e-01 3.981454e-01 4.139540e-01 5.642627e-01 6.951836e-01 7.124659e-01 8.215273e-01 
1398 8 1.763777e-01 3.966301e-01 3.981454e-01 4.139540e-01 5.642627e-01 6.951836e-01 7.124659e-01 8.215273e-01 
1399 8 1.763777e-01 3.966301e-01 3.981454e-01 4.139540e-01 5.642627e-01 6.951836e-01 7.124659e-01 8.215273e-01 
1400 8 1.763777e-01 3.966301e-01 3.981454e-01 4.139540e-01 5.642627e-01 6.951836e-01 7.124659e-01 8.215273e-01 
1401 8 1.763777e-01 3.966301e-01 3.981454e-01 4.139540e-01 5.642627e-01 6.951836e-01 7.124659e-01 8.215273e-01 
1402 8 1.763777e-01 3.966301e-01 3.981454e-01 4.139540e-01 5.642627e-01 6.951836e-01 7.124659e-01 8.215273e-01 
1403 8 1.763777e-01 3.966301e-01 4.062931e-01 4.139540e-01 5.642627e-01 6.951836e-01 7.124659e-01 8.215273e-01 
1404 8 1.763777e-01 3.966301e-01 4.062931e-01 4.139540e-01 5.642627e-01 6.951836e-01 7.124659e-01 8.215273e-01 
1405 8 1.763777e-01 3.966301e-01 4.062931e-01 4.139540e-01 5.642627e-01 6.951836e-01 7.124659e-01 8.215273e-01 
1406 8 1.763777e-01 3.966301e-01 4.062931e-01 4.139540e-01 5.642627e-01 6.951836e-01 7.124659e-01 8.215273e-01 
1407 8 1.763777e-01 3.966301e-01 4.062931e-01 4.139540e-01 5.642627e-01 6.951836e-01 7.124659e-01 8.215273e-01 
1408 8 1.763777e-01 3.966301e-01 4.062931e-01 4.139540e-01 5.642627e-01 6.951836e-01 7.124659e-01 8.215273e-01 
1409 8 1.763777e-01 3.966301e-01 4.062931e-01 4.139540e-01 5.642627e-01 6.951836e-01 7.124659e-01 8.215273e-01 
1410 8 1.763777e-01 3.966301e-01 4.062931e-01 4.139540e-01 5.642627e-01 6.951836e-01 7.124659e-01 8.215273e-01 
1411 8 1.763777e-01 3.966301e-01 4.062931e-01 4.139540e-01 5.642627e-01 6.951836e-01 7.124659e-01 8.215273e-01 
1412 8 1.763777e-01 3.966301e-01 4.062931e-01 4.139540e-01 5.642627e-01 6.951836e-01 7.124659e-01 8.215273e-01 
1413 8 1.763777e-01 3.966301e-01 4.062931e-01 4.139540e-01 5.642627e-01 6.951836e-01 7.124659e-01 8.215273e-01 
1414 8 1.763777e-01 3.966301e-01 4.062931e-01 4.139540e-01 5.642627e-01 6.951836e-01 7.124659e-01 8.215273e-01 
1415 8 1.763777e-01 3.966301e-01 4.062931e-01 4.139540e-01 5.642627e-01 6.951836e-01 7.124659e-01 8.215273e-01 
1416 8 1.763777e-01 3.966301e-01 4.062931e-01 4.139540e-01 5.642627e-01 6.951836e-01 7.124659e-01 8.215273e-01 
1417 8 1.763777e-01 3.966301e-01 4.062931e-01 4.139540e-01 5.642627e-01 6.951836e-01 7.124659e-01 8.215273e-01 
1418 8 1.763777e-01 3.966301e-01 4.062931e-01 4.139540e-01 5.642627e-01 6.951836e-01 7.124659e-01 8.215273e-01 
1419 8 1.763777e-01 3.966301e-01 4.062931e-01 4.139540e-01 5.642627e-01 6.951836e-01 7.124659e-01 8.215273e-01 
1420 8 1.763777e-01 3.966301e-01 4.062931e-01 4.139540e-01 5.642627e-01 6.951836e-01 7.124659e-01 8.215273e-01 
1421 8 1.763777e-01 3.966301e-01 4.062931e-01 4.139540e-01 5.642627e-01 6.951836e-01 7.124659e-01 8.215273e-01 
1422 8 1.763777e-01 3.966301e-01 4.062931e-01 4.139540e-01 5.642627e-01 6.951836e-01 7.124659e-01 8.215273e-01 
1423 8 1.763777e-01 3.966301e-01 4.062931e-01 4.139540e-01 5.696193e-01 6.951836e-01 7.124659e-01 8.215273e-01 
1424 8 1.763777e-01 3.966301e-01 4.062931e-01 4.139540e-01 5.696193e-01 6.951836e-01 7.124659e-01 8.215273e-01 
1425 8 1.763777e-01 3.966301e-01 4.062931e-01 4.139540e-01 5.696193e-01 6.951836e-01 7.124659e-01 8.215273e-01 
1426 8 1.763777e-01 3.966301e-01 4.062931e-01 4.139540e-01 5.696193e-01 6.951836e-01 7.124659e-01 8.215273e-01 
1427 8 1.763777e-01 3.966301e-01 4.062931e-01 4.139540e-01 5.696193e-01 6.951836e-01 7.124659e-01 8.215273e-01 
1428 8 1.763777e-01 3.966301e-01 4.062931e-01 4.139540e-01 5.696193e-01 6.951836e-01 7.124659e-01 8.215273e-01 
1429 8 1.763777e-01 3.966301e-01 4.062931e-01 4.139540e-01 5.696193e-01 6.951836e-01 7.124659e-01 8.215273e-01 
1430 8 1.763777e-01 3.966301e-01 4.062931e-01 4.139540e-01 5.535640e-01 6.951836e-01 7.124659e-01 8.215273e-01 
1431 8 1.763777e-01 3.966301e-01 4.062931e-01 4.139540e-01 5.535640e-01 6.951836e-01 7.124659e-01 8.215273e-01 
1432 8 1.763777e-01 3.966301e-01 4.062931e-01 4.139540e-01 5.535640e-01 6.951836e-01 7.124659e-01 8.215273e-01 
1433 8 1.763777e-01 3.966301e-01 4.062931e-01 4.139540e-01 5.535640e-01 6.951836e-01 7.124659e-01 8.215273e-01 
1434 8 1.763777e-01 3.966301e-01 4.062931e-01 4.139540e-01 5.535640e-01 6.951836e-01 7.124659e-01 8.215273e-01 
1435 8 1.763777e-01 3.966301e-01 4.062931e-01 4.139540e-01 5.535640e-01 6.951836e-01 7.124659e-01 8.215273e-01 
1436 8 1.763777e-01 3.966301e-01 4.062931e-01 4.139540e-01 5.535640e-01 6.951836e-01 7.124659e-01 8.215273e-01 
1437 8 1.763777e-01 3.966301e-01 4.062931e-01 4.139540e-01 5.535640e-01 6.951836e-01 7.124659e-01 8.215273e-01 
1438 8 1.763777e-01 3.966301e-01 4.062931e-01 4.139540e-01 5.535640e-01 6.951836e-01 7.124659e-01 8.215273e-01 
1439 8 1.763777e-01 3.966301e-01 4.062931e-01 4.139540e-01 5.535640e-01 6.951836e-01 7.124659e-01 8.215273e-01 
1440 8 1.763777e-01 3.966301e-01 4.062931e-01 4.139540e-01 5.535640e-01 6.951836e-01 7.124659e-01 8.215273e-01 
1441 8 1.763777e-01 3.966301e-01 4.062931e-01 4.139540e-01 5.535640e-01 6.951836e-01 7.124659e-01 8.215273e-01 
1442 8 1.763777e-01 3.966301e-01 4.062931e-01 4.139540e-01 5.535640e-01 6.951836e-01 7.124659e-01 8.215273e-01 
1443 8 1.763777e-01 3.966301e-01 4.062931e-01 4.139540e-01 5.535640e-01 6.951836e-01 7.124659e-01 8.215273e-01 
1444 8 1.763777e-01 3.966301e-01 4.062931e-01 4.139540e-01 5.535640e-01 6.951836e-01 7.124659e-01 8.215273e-01 
1445 8 1.763777e-01 3.966301e-01 4.062931e-01 4.139540e-01 5.535640e-01 6.951836e-01 7.124659e-01 8.215273e-01 
1446 8 1.763777e-01 3.966301e-01 4.062931e-01 4.139540e-01 5.535640e-01 6.951836e-01 7.124659e-01 8.215273e-01 
1447 8 1.763777e-01 3.966301e-01 4.062931e-01 4.139540e-01 5.535640e-01 6.951836e-01 7.124659e-01 8.215273e-01 
1448 8 1.763777e-01 3.966301e-01 4.062931e-01 4.139540e-01 5.535640e-01 6.951836e-01 7.124659e-01 8.215273e-01 
1449 8 1.763777e-01 3.966301e-01 4.062931e-01 4.139540e-01 5.535640e-01 6.951836e-01 7.124659e-01 8.215273e-01 
1450 8 1.763777e-01 3.966301e-01 4.062931e-01 4.139540e-01 5.535640e-01 6.951836e-01 7.124659e-01 8.215273e-01 
1451 8 1.763777e-01 3.966301e-01 4.062931e-01 4.139540e-01 5.535640e-01 6.951836e-01 7.124659e-01 8.215273e-01 
1452 8 1.989820e-01 3.966301e-01 4.062931e-01 4.139540e-01 5.535640e-01 6.951836e-01 7.124659e-01 8.215273e-01 
1453 8 1.989820e-01 3.966301e-01 4.062931e-01 4.139540e-01 5.535640e-01 6.951836e-01 7.124659e-01 8.215273e-01 
1454 8 1.989820e-01 3.966301e-01 4.062931e-01 4.139540e-01 5.535640e-01 6.951836e-01 7.124659e-01 8.215273e-01 
1455 8 1.989820e-01 3.966301e-01 4.062931e-01 4.139540e-01 5.535640e-01 6.951836e-01 7.124659e-01 8.215273e-01 
1456 8 1.989820e-01 3.966301e-01 4.062931e-01 4.139540e-01 5.535640e-01 6.951836e-01 7.124659e-01 8.215273e-01 
1457 8 1.989820e-01 3.966301e-01 4.062931e-01 4.139540e-01 5.535640e-01 6.951836e-01 7.124659e-01 8.215273e-01 
1458 8 1.989820e-01 3.966301e-01 4.062931e-01 4.139540e-01 5.535640e-01 6.951836e-01 7.124659e-01 8.215273e-01 
1459 8 1.989820e-01 3.966301e-01 4.062931e-01 4.139540e-01 5.535640e-01 6.951836e-01 7.124659e-01 8.215273e-01 
1460 8 1.989820e-01 3.966301e-01 4.062931e-01 4.139540e-01 5.535640e-01 6.951836e-01 7.124659e-01 8.215273e-01 
1461 8 1.989820e-01 3.966301e-01 4.062931e-01 4.139540e-01 5.535640e-01 6.951836e-01 7.124659e-01 8.215273e-01 
1462 8 1.989820e-01 3.966301e-01 4.062931e-01 4.139540e-01 5.535640e-01 6.951836e-01 7.124659e-01 8.215273e-01 
1463 8 1.989820e-01 3.966301e-01 4.062931e-01 4.139540e-01 5.535640e-01 6.951836e-01 7.124659e-01 8.215273e-01 
1464 8 1.989820e-01 3.966301e-01 4.062931e-01 4.139540e-01 5.535640e-01 6.951836e-01 7.124659e-01 8.215273e-01 
1465 8 1.989820e-01 3.966301e-01 4.062931e-01 4.139540e-01 5.535640e-01 6.951836e-01 7.124659e-01 8.215273e-01 
1466 8 1.989820e-01 3.966301e-01 4.062931e-01 4.139540e-01 5.535640e-01 6.951836e-01 7.124659e-01 8.215273e-01 
1467 8 1.989820e-01 3.966301e-01 4.062931e-01 4.139540e-01 5.535640e-01 6.951836e-01 7.124659e-01 8.215273e-01 
1468 8 1.989820e-01 3.966301e-01 4.062931e-01 4.139540e-01 5.535640e-01 6.951836e-01 7.124659e-01 8.215273e-01 
1469 8 1.989820e-01 3.966301e-01 4.062931e-01 4.139540e-01 5.388482e-01 6.951836e-01 7.124659e-01 8.215273e-01 
1470 8 1.989820e-01 3.966301e-01 4.062931e-01 4.139540e-01 5.388482e-01 6.951836e-01 7.043495e-01 8.215273e-01 
1471 8 1.989820e-01 3.966301e-01 4.062931e-01 4.139540e-01 5.388482e-01 6.951836e-01 7.043495e-01 8.215273e-01 
1472 8 1.989820e-01 3.966301e-01 4.062931e-01 4.139540e-01 5.388482e-01 6.951836e-01 7.043495e-01 8.215273e-01 
1473 8 1.989820e-01 3.966301e-01 4.062931e-01 4.139540e-01 5.388482e-01 6.951836e-01 7.043495e-01 8.215273e-01 
1474 8 1.989820e-01 3.966301e-01 4.062931e-01 4.139540e-01 5.388482e-01 6.951836e-01 7.043495e-01 8.136303e-01 
1475 8 1.720464e-01 3.966301e-01 4.062931e-01 4.139540e-01 5.388482e-01 6.951836e-01 7.043495e-01 8.136303e-01 
1476 8 1.720464e-01 3.966301e-01 4.062931e-01 4.139540e-01 5.388482e-01 6.951836e-01 7.043495e-01 8.136303e-01 
1477 8 1.720464e-01 3.966301e-01 4.062931e-01 4.139540e-01 5.388482e-01 6.951836e-01 7.043495e-01 8.136303e-01 
1478 8 1.720464e-01 3.966301e-01 4.062931e-01 4.139540e-01 5.388482e-01 6.951836e-01 7.043495e-01 8.136303e-01 
1479 8 1.720464e-01 3.966301e-01 4.062931e-01 4.139540e-01 5.388482e-01 6.951836e-01 7.043495e-01 8.144877e-01 
1480 8 1.720464e-01 3.966301e-01 4.062931e-01 4.139540e-01 5.388482e-01 6.951836e-01 7.043495e-01 8.144877e-01 
1481 8 1.720464e-01 3.966301e-01 4.062931e-01 4.139540e-01 5.388482e-01 6.951836e-01 7.043495e-01 8.144877e-01 
1482 8 1.720464e-01 3.966301e-01 4.062931e-01 4.139540e-01 5.388482e-01 6.951836e-01 7.043495e-01 8.144877e-01 
1483 8 1.720464e-01 3.966301e-01 4.062931e-01 4.139540e-01 5.388482e-01 6.951836e-01 7.043495e-01 8.144877e-01 
1484 8 1.720464e-01 3.966301e-01 4.062931e-01 4.139540e-01 5.388482e-01 6.951836e-01 7.043495e-01 8.144877e-01 
1485 8 1.720464e-01 3.966301e-01 4.062931e-01 4.139540e-01 5.388482e-01 6.951836e-01 7.043495e-01 8.144877e-01 
1486 8 1.720464e-01 3.966301e-01 4.062931e-01 4.139540e-01 5.388482e-01 6.951836e-01 7.043495e-01 8.144877e-01 
1487 8 1.720464e-01 3.966301e-01 4.062931e-01 4.139540e-01 5.388482e-01 6.951836e-01 7.043495e-01 8.144877e-01 
1488 8 1.720464e-01 3.966301e-01 4.062931e-01 4.139540e-01 5.388482e-01 6.951836e-01 7.043495e-01 8.144877e-01 
1489 8 2.004674e-01 3.966301e-01 4.062931e-01 4.139540e-01 5.388482e-01 6.951836e-01 7.043495e-01 8.144877e-01 
1490 8 1.472839e-01 3.966301e-01 4.062931e-01 4.139540e-01 5.388482e-01 6.951836e-01 7.043495e-01 8.144877e-01 
1491 8 1.472839e-01 3.966301e-01 4.062931e-01 4.139540e-01 5.388482e-01 6.951836e-01 7.043495e-01 8.144877e-01 
1492 8 1.472839e-01 3.966301e-01 4.062931e-01 4.139540e-01 5.388482e-01 6.951836e-01 7.043495e-01 8.144877e-01 
1493 8 1.845642e-01 3.966301e-01 4.062931e-01 4.139540e-01 5.388482e-01 6.951836e-01 7.043495e-01 8.144877e-01 
1494 8 1.845642e-01 3.966301e-01 4.062931e-01 4.139540e-01 5.388482e-01 6.951836e-01 7.043495e-01 8.144877e-01 
1495 8 1.845642e-01 3.966301e-01 4.062931e-01 4.139540e-01 5.388482e-01 6.951836e-01 7.043495e-01 8.144877e-01 
1496 8 1.845642e-01 3.966301e-01 4.062931e-01 4.139540e-01 5.388482e-01 6.951836e-01 7.043495e-01 8.144877e-01 
1497 8 1.845642e-01 3.966301e-01 4.062931e-01 4.139540e-01 5.388482e-01 6.951836e-01 7.043495e-01 8.144877e-01 
1498 8 1.845642e-01 3.966301e-01 4.062931e-01 4.139540e-01 5.388482e-01 6.951836e-01 7.043495e-01 8.144877e-01 
1499 8 1.845642e-01 3.966301e-01 4.062931e-01 4.139540e-01 5.388482e-01 6.951836e-01 7.043495e-01 8.144877e-01 
1500 8 1.845642e-01 3.966301e-01 4.062931e-01 4.139540e-01 5.388482e-01 6.951836e-01 7.043495e-01 8.144877e-01 
1501 8 1.845642e-01 3.966301e-01 4.062931e-01 4.139540e-01 5.388482e-01 6.951836e-01 7.043495e-01 8.144877e-01 
1502 8 1.845642e-01 3.966301e-01 4.062931e-01 4.139540e-01 5.388482e-01 6.951836e-01 7.043495e-01 8.144877e-01 
1503 8 1.845642e-01 3.966301e-01 4.062931e-01 4.139540e-01 5.388482e-01 6.951836e-01 7.043495e-01 8.144877e-01 
1504 8 1.845642e-01 3.966301e-01 4.062931e-01 4.139540e-01 5.388482e-01 6.951836e-01 7.043495e-01 8.144877e-01 
1505 8 1.845642e-01 3.966301e-01 4.062931e-01 4.139540e-01 5.388482e-01 6.951836e-01 7.043495e-01 8.144877e-01 
1506 8 1.845642e-01 3.966301e-01 4.062931e-01 4.139540e-01 5.388482e-01 6.951836e-01 7.043495e-01 8.144877e-01 
1507 8 1.845642e-01 3.966301e-01 4.062931e-01 4.139540e-01 5.388482e-01 6.951836e-01 7.043495e-01 8.144877e-01 
1508 8 1.845642e-01 3.966301e-01 4.062931e-01 4.139540e-01 5.388482e-01 6.951836e-01 7.043495e-01 8.144877e-01 
1509 8 1.845642e-01 3.966301e-01 4.062931e-01 4.139540e-01 5.388482e-01 6.951836e-01 7.043495e-01 8.144877e-01 
1510 8 1.845642e-01 3.966301e-01 4.062931e-01 4.139540e-01 5.388482e-01 6.951836e-01 7.043495e-01 8.144877e-01 
1511 8 1.845642e-01 3.966301e-01 4.062931e-01 4.139540e-01 5.388482e-01 6.951836e-01 7.043495e-01 8.144877e-01 
1512 8 1.845642e-01 3.966301e-01 4.062931e-01 4.139540e-01 5.388482e-01 6.951836e-01 7.043495e-01 8.144877e-01 
1513 8 1.845642e-01 3.966301e-01 4.062931e-01 4.139540e-01 5.388482e-01 6.951836e-01 7.043495e-01 8.144877e-01 
1514 8 1.845642e-01 3.966301e-01 4.062931e-01 4.139540e-01 5.388482e-01 6.951836e-01 7.043495e-01 8.208072e-01 
1515 8 1.845642e-01 3.966301e-01 4.062931e-01 4.139540e-01 5.388482e-01 6.951836e-01 7.043495e-01 8.208072e-01 
1516 8 1.845642e-01 3.966301e-01 4.062931e-01 4.139540e-01 5.388482e-01 6.951836e-01 7.118822e-01 8.208072e-01 
1517 8 1.845642e-01 3.966301e-01 4.062931e-01 4.139540e-01 5.388482e-01 6.951836e-01 7.118822e-01 8.208072e-01 
1518 8 1.845642e-01 3.966301e-01 4.062931e-01 4.139540e-01 5.388482e-01 6.951836e-01 7.118822e-01 8.208072e-01 
1519 8 1.845642e-01 3.966301e-01 4.062931e-01 4.139540e-01 5.388482e-01 6.951836e-01 7.118822e-01 8.208072e-01 
1520 8 1.845642e-01 3.966301e-01 4.062931e-01 4.139540e-01 5.388482e-01 6.951836e-01 7.118822e-01 8.208072e-01 
1521 8 1.845642e-01 3.950697e-01 4.062931e-01 4.139540e-01 5.388482e-01 6.951836e-01 7.118822e-01 8.208072e-01 
1522 8 1.845642e-01 3.950697e-01 4.062931e-01 4.139540e-01 5.788407e-01 6.951836e-01 7.118822e-01 8.208072e-01 
1523 8 1.845642e-01 3.950697e-01 4.062931e-01 4.139540e-01 5.788407e-01 6.951836e-01 7.118822e-01 8.208072e-01 
1524 8 1.845642e-01 3.950697e-01 4.062931e-01 4.139540e-01 5.788407e-01 6.951836e-01 7.118822e-01 8.208072e-01 
1525 8 1.845642e-01 3.950697e-01 4.062931e-01 4.139540e-01 5.788407e-01 6.951836e-01 7.118822e-01 8.208072e-01 
1526 8 1.845642e-01 3.950697e-01 4.062931e-01 4.139540e-01 5.788407e-01 6.951836e-01 7.118822e-01 8.208072e-01 
1527 8 1.845642e-01 3.950697e-01 4.062931e-01 4.139540e-01 5.788407e-01 6.951836e-01 7.118822e-01 8.208072e-01 
1528 8 1.845642e-01 3.950697e-01 4.062931e-01 4.139540e-01 5.788407e-01 6.951836e-01 7.118822e-01 8.208072e-01 
1529 8 1.617865e-01 3.950697e-01 4.062931e-01 4.139540e-01 5.788407e-01 6.951836e-01 7.118822e-01 8.208072e-01 
1530 8 1.617865e-01 3.950697e-01 4.062931e-01 4.139540e-01 5.788407e-01 6.951836e-01 7.118822e-01 8.208072e-01 
1531 8 1.617865e-01 3.950697e-01 4.062931e-01 4.139540e-01 5.788407e-01 6.951836e-01 7.118822e-01 8.208072e-01 
1532 8 1.617865e-01 3.950697e-01 4.062931e-01 4.139540e-01 5.788407e-01 6.951836e-01 7.118822e-01 8.208072e-01 
1533 8 1.617865e-01 3.950697e-01 4.062931e-01 4.139540e-01 5.788407e-01 6.951836e-01 7.118822e-01 8.208072e-01 
1534 8 1.617865e-01 3.950697e-01 4.062931e-01 4.139540e-01 5.788407e-01 6.951836e-01 7.118822e-01 8.208072e-01 
1535 8 1.617865e-01 3.950697e-01 4.062931e-01 4.139540e-01 5.788407e-01 6.951836e-01 7.118822e-01 8.208072e-01 
1536 8 1.617865e-01 3.950697e-01 4.062931e-01 4.139540e-01 5.788407e-01 6.951836e-01 7.118822e-01 8.208072e-01 
1537 8 1.617865e-01 3.950697e-01 4.062931e-01 4.139540e-01 5.788407e-01 6.951836e-01 7.118822e-01 8.208072e-01 
1538 8 1.617865e-01 3.950697e-01 4.062931e-01 4.139540e-01 5.788407e-01 6.951836e-01 7.118822e-01 8.208072e-01 
1539 8 1.617865e-01 3.950697e-01 4.062931e-01 4.139540e-01 5.788407e-01 6.951836e-01 7.118822e-01 8.208072e-01 
1540 8 1.617865e-01 3.950697e-01 4.062931e-01 4.139540e-01 5.788407e-01 6.951836e-01 7.118822e-01 8.208072e-01 
1541 8 1.617865e-01 3.950697e-01 4.062931e-01 4.139540e-01 5.788407e-01 6.951836e-01 7.118822e-01 8.208072e-01 
1542 8 1.617865e-01 3.950697e-01 4.062931e-01 4.139540e-01 5.788407e-01 6.951836e-01 7.118822e-01 8.208072e-01 
1543 8 1.617865e-01 3.950697e-01 4.062931e-01 4.139540e-01 5.788407e-01 6.951836e-01 7.118822e-01 8.208072e-01 
1544 8 1.617865e-01 3.950697e-01 4.062931e-01 4.139540e-01 5.788407e-01 6.951836e-01 7.118822e-01 8.208072e-01 
1545 8 1.617865e-01 3.950697e-01 4.062931e-01 4.139540e-01 5.788407e-01 6.951836e-01 7.118822e-01 8.208072e-01 
1546 8 1.617865e-01 3.950697e-01 4.062931e-01 4.139540e-01 5.788407e-01 6.951836e-01 7.118822e-01 8.208072e-01 
1547 8 1.617865e-01 3.950697e-01 4.062931e-01 4.139540e-01 5.788407e-01 6.951836e-01 7.118822e-01 8.208072e-01 
1548 8 1.617865e-01 3.950697e-01 4.062931e-01 4.139540e-01 5.788407e-01 6.951836e-01 7.118822e-01 8.208072e-01 
1549 8 1.617865e-01 3.950697e-01 4.062931e-01 4.139540e-01 5.788407e-01 6.951836e-01 7.118822e-01 8.208072e-01 
1550 8 1.617865e-01 3.950697e-01 4.062931e-01 4.139540e-01 5.788407e-01 6.951836e-01 7.118822e-01 8.208072e-01 
1551 8 1.617865e-01 3.950697e-01 4.062931e-01 4.139540e-01 5.788407e-01 6.951836e-01 7.118822e-01 8.208072e-01 
1552 8 1.617865e-01 3.950697e-01 4.062931e-01 4.139540e-01 5.788407e-01 6.951836e-01 7.118822e-01 8.208072e-01 
1553 8 1.617865e-01 3.950697e-01 4.062931e-01 4.139540e-01 5.788407e-01 6.951836e-01 7.118822e-01 8.208072e-01 
1554 8 1.617865e-01 3.950697e-01 4.062931e-01 4.139540e-01 5.788407e-01 6.951836e-01 7.118822e-01 8.208072e-01 
1555 8 1.617865e-01 3.950697e-01 4.062931e-01 4.139540e-01 5.788407e-01 6.951836e-01 7.118822e-01 8.208072e-01 
1556 8 1.617865e-01 3.950697e-01 4.062931e-01 4.139540e-01 5.788407e-01 6.951836e-01 7.118822e-01 8.208072e-01 
1557 8 1.617865e-01 3.950697e-01 4.062931e-01 4.139540e-01 5.788407e-01 6.951836e-01 7.118822e-01 8.208072e-01 
1558 8 1.617865e-01 3.950697e-01 4.062931e-01 4.139540e-01 5.788407e-01 6.951836e-01 7.118822e-01 8.208072e-01 
1559 8 1.617865e-01 3.950697e-01 4.062931e-01 4.139540e-01 5.788407e-01 6.951836e-01 7.118822e-01 8.208072e-01 
1560 8 1.617865e-01 3.950697e-01 4.062931e-01 4.139540e-01 5.788407e-01 6.951836e-01 7.118822e-01 8.208072e-01 
1561 8 1.617865e-01 3.950697e-01 4.062931e-01 4.139540e-01 5.788407e-01 6.951836e-01 7.118822e-01 8.208072e-01 
1562 8 1.617865e-01 3.950697e-01 4.062931e-01 4.139540e-01 5.788407e-01 6.951836e-01 7.118822e-01 8.208072e-01 
1563 8 1.617865e-01 3.950697e-01 4.062931e-01 4.139540e-01 5.788407e-01 6.951836e-01 7.118822e-01 8.208072e-01 
1564 8 1.617865e-01 3.950697e-01 4.062931e-01 4.139540e-01 5.788407e-01 6.951836e-01 7.118822e-01 8.208072e-01 
1565 8 1.617865e-01 3.950697e-01 4.062931e-01 4.139540e-01 5.402692e-01 6.951836e-01 7.118822e-01 8.208072e-01 
1566 8 1.617865e-01 3.950697e-01 4.062931e-01 4.139540e-01 5.402692e-01 6.951836e-01 7.118822e-01 8.208072e-01 
1567 8 1.617865e-01 3.950697e-01 4.062931e-01 4.139540e-01 5.402692e-01 6.951836e-01 7.118822e-01 8.208072e-01 
1568 8 1.617865e-01 3.950697e-01 4.062931e-01 4.139540e-01 5.402692e-01 6.951836e-01 7.118822e-01 8.208072e-01 
1569 8 1.617865e-01 3.950697e-01 4.062931e-01 4.139540e-01 5.402692e-01 6.951836e-01 7.118822e-01 8.208072e-01 
1570 8 1.617865e-01 3.950697e-01 4.062931e-01 4.139540e-01 5.402692e-01 6.951836e-01 7.118822e-01 8.208072e-01 
1571 8 1.617865e-01 3.950697e-01 4.062931e-01 4.139540e-01 5.402692e-01 6.951836e-01 7.118822e-01 8.208072e-01 
1572 8 1.617865e-01 3.950697e-01 4.062931e-01 4.139540e-01 5.751702e-01 6.951836e-01 7.118822e-01 8.208072e-01 
1573 8 1.617865e-01 3.950697e-01 4.062931e-01 4.139540e-01 5.751702e-01 6.951836e-01 7.118822e-01 8.208072e-01 
1574 8 1.617865e-01 3.950697e-01 4.062931e-01 4.139540e-01 5.751702e-01 6.951836e-01 7.118822e-01 8.208072e-01 
1575 8 1.617865e-01 3.950697e-01 4.062931e-01 4.139540e-01 5.751702e-01 6.951836e-01 7.118822e-01 8.208072e-01 
1576 8 1.617865e-01 3.950697e-01 4.062931e-01 4.139540e-01 5.751702e-01 6.951836e-01 7.118822e-01 8.208072e-01 
1577 8 1.617865e-01 3.950697e-01 4.062931e-01 4.139540e-01 5.751702e-01 6.951836e-01 7.118822e-01 8.208072e-01 
1578 8 1.617865e-01 3.950697e-01 4.062931e-01 4.139540e-01 5.751702e-01 6.951836e-01 7.118822e-01 8.208072e-01 
1579 8 1.617865e-01 3.950697e-01 4.062931e-01 4.139540e-01 5.751702e-01 6.951836e-01 7.118822e-01 8.208072e-01 
1580 8 1.617865e-01 3.950697e-01 4.062931e-01 4.139540e-01 5.751702e-01 6.951836e-01 7.118822e-01 8.208072e-01 
1581 8 1.617865e-01 3.950697e-01 4.062931e-01 4.139540e-01 5.751702e-01 6.951836e-01 7.118822e-01 8.208072e-01 
1582 8 1.617865e-01 3.950697e-01 4.062931e-01 4.139540e-01 5.751702e-01 6.951836e-01 7.118822e-01 8.208072e-01 
1583 8 1.617865e-01 3.950697e-01 4.062931e-01 4.139540e-01 5.751702e-01 6.951836e-01 7.118822e-01 8.208072e-01 
1584 8 1.617865e-01 3.950697e-01 4.062931e-01 4.139540e-01 5.751702e-01 6.951836e-01 7.118822e-01 8.208072e-01 
1585 8 1.617865e-01 3.950697e-01 4.062931e-01 4.139540e-01 5.751702e-01 6.951836e-01 7.118822e-01 8.208072e-01 
1586 8 1.617865e-01 3.950697e-01 4.062931e-01 4.139540e-01 5.751702e-01 6.951836e-01 7.118822e-01 8.208072e-01 
1587 8 1.617865e-01 3.950697e-01 4.062931e-01 4.139540e-01 5.751702e-01 6.951836e-01 7.118822e-01 8.208072e-01 
1588 8 1.262555e-01 3.950697e-01 4.062931e-01 4.139540e-01 5.751702e-01 6.951836e-01 7.118822e-01 8.208072e-01 
1589 8 1.262555e-01 3.950697e-01 4.062931e-01 4.139540e-01 5.751702e-01 6.951836e-01 7.118822e-01 8.208072e-01 
1590 8 1.262555e-01 3.939189e-01 4.062931e-01 4.139540e-01 5.751702e-01 6.951836e-01 7.118822e-01 8.208072e-01 
1591 8 1.262555e-01 3.939189e-01 4.062931e-01 4.139540e-01 5.751702e-01 6.951836e-01 7.118822e-01 8.208072e-01 
1592 8 1.262555e-01 3.939189e-01 4.062931e-01 4.139540e-01 5.751702e-01 6.951836e-01 7.118822e-01 8.208072e-01 
1593 8 1.262555e-01 3.939189e-01 4.062931e-01 4.139540e-01 5.751702e-01 6.951836e-01 7.118822e-01 8.208072e-01 
1594 8 1.262555e-01 3.939189e-01 4.062931e-01 4.139540e-01 5.751702e-01 6.951836e-01 7.118822e-01 8.208072e-01 
1595 8 1.262555e-01 3.939189e-01 4.062931e-01 4.139540e-01 5.751702e-01 6.951836e-01 7.118822e-01 8.208072e-01 
1596 8 1.262555e-01 3.939189e-01 4.062931e-01 4.139540e-01 5.751702e-01 6.951836e-01 7.118822e-01 8.208072e-01 
1597 8 1.262555e-01 3.939189e-01 4.062931e-01 4.139540e-01 5.751702e-01 6.951836e-01 7.118822e-01 8.208072e-01 
1598 8 1.262555e-01 3.939189e-01 4.062931e-01 4.139540e-01 5.751702e-01 6.951836e-01 7.118822e-01 8.208072e-01 
1599 8 1.262555e-01 3.939189e-01 4.062931e-01 4.139540e-01 5.751702e-01 6.951836e-01 7.118822e-01 8.208072e-01 
1600 8 1.262555e-01 3.939189e-01 4.062931e-01 4.139540e-01 5.751702e-01 6.951836e-01 7.118822e-01 8.208072e-01 
1601 8 1.262555e-01 3.939189e-01 4.062931e-01 4.139540e-01 5.751702e-01 6.951836e-01 7.118822e-01 8.208072e-01 
1602 8 1.262555e-01 3.939189e-01 4.062931e-01 4.139540e-01 5.751702e-01 6.951836e-01 7.118822e-01 8.208072e-01 
1603 8 1.262555e-01 3.939189e-01 4.062931e-01 4.139540e-01 5.751702e-01 6.951836e-01 7.118822e-01 8.208072e-01 
1604 8 1.262555e-01 3.939189e-01 4.062931e-01 4.139540e-01 5.751702e-01 6.951836e-01 7.118822e-01 8.208072e-01 
1605 8 1.262555e-01 3.939189e-01 4.062931e-01 4.139540e-01 5.751702e-01 6.951836e-01 7.118822e-01 8.208072e-01 
1606 8 1.262555e-01 3.939189e-01 4.062931e-01 4.139540e-01 5.751702e-01 6.951836e-01 7.118822e-01 8.208072e-01 
1607 8 1.262555e-01 3.939189e-01 4.062931e-01 4.139540e-01 5.751702e-01 6.951836e-01 7.118822e-01 8.208072e-01 
1608 8 1.262555e-01 3.939189e-01 4.062931e-01 4.139540e-01 5.590960e-01 6.951836e-01 7.118822e-01 8.208072e-01 
1609 8 1.262555e-01 3.939189e-01 4.062931e-01 4.139540e-01 5.590960e-01 6.951836e-01 7.118822e-01 8.208072e-01 
1610 8 1.262555e-01 3.939189e-01 4.062931e-01 4.139540e-01 5.590960e-01 6.951836e-01 7.118822e-01 8.208072e-01 
1611 8 1.262555e-01 3.939189e-01 4.062931e-01 4.139540e-01 5.590960e-01 6.951836e-01 7.118822e-01 8.208072e-01 
1612 8 1.262555e-01 3.939189e-01 4.062931e-01 4.139540e-01 5.590960e-01 6.951836e-01 7.118822e-01 8.208072e-01 
1613 8 1.262555e-01 3.939189e-01 4.062931e-01 4.139540e-01 5.590960e-01 6.951836e-01 7.118822e-01 8.208072e-01 
1614 8 1.262555e-01 3.939189e-01 4.062931e-01 4.139540e-01 5.590960e-01 6.951836e-01 7.118822e-01 8.208072e-01 
1615 8 1.262555e-01 3.939189e-01 4.062931e-01 4.139540e-01 5.590960e-01 6.951836e-01 7.118822e-01 8.208072e-01 
1616 8 1.262555e-01 3.939189e-01 4.062931e-01 4.139540e-01 5.590960e-01 6.951836e-01 7.118822e-01 8.208072e-01 
1617 8 1.262555e-01 3.939189e-01 4.062931e-01 4.139540e-01 5.590960e-01 6.951836e-01 7.118822e-01 8.208072e-01 
1618 8 1.262555e-01 3.939189e-01 4.062931e-01 4.139540e-01 5.590960e-01 6.951836e-01 7.118822e-01 8.208072e-01 
1619 8 1.278063e-01 3.939189e-01 4.062931e-01 4.139540e-01 5.590960e-01 6.951836e-01 7.118822e-01 8.208072e-01 
1620 8 1.278063e-01 3.939189e-01 4.062931e-01 4.139540e-01 5.590960e-01 6.951836e-01 7.118822e-01 8.208072e-01 
1621 8 1.278063e-01 3.939189e-01 4.062931e-01 4.139540e-01 5.590960e-01 6.951836e-01 7.118822e-01 8.208072e-01 
1622 8 1.278063e-01 3.939189e-01 4.062931e-01 4.139540e-01 5.590960e-01 6.951836e-01 7.118822e-01 8.208072e-01 
1623 8 1.278063e-01 3.939189e-01 4.062931e-01 4.139540e-01 5.590960e-01 6.951836e-01 7.118822e-01 8.208072e-01 
1624 8 1.278063e-01 3.939189e-01 4.062931e-01 4.139540e-01 5.590960e-01 6.951836e-01 7.118822e-01 8.208072e-01 
1625 8 1.278063e-01 3.939189e-01 4.062931e-01 4.139540e-01 5.590960e-01 6.951836e-01 7.118822e-01 8.208072e-01 
1626 8 1.278063e-01 3.939189e-01 4.062931e-01 4.139540e-01 5.590960e-01 6.951836e-01 7.118822e-01 8.208072e-01 
1627 8 1.278063e-01 3.939189e-01 4.062931e-01 4.139540e-01 5.758754e-01 6.951836e-01 7.118822e-01 8.208072e-01 
1628 8 1.278063e-01 3.939189e-01 4.062931e-01 4.139540e-01 5.758754e-01 6.951836e-01 7.118822e-01 8.208072e-01 
1629 8 1.278063e-01 3.939189e-01 4.062931e-01 4.139540e-01 5.758754e-01 6.951836e-01 7.118822e-01 8.208072e-01 
1630 8 1.278063e-01 3.939189e-01 4.062931e-01 4.139540e-01 5.758754e-01 6.951836e-01 7.118822e-01 8.208072e-01 
1631 8 1.278063e-01 3.939189e-01 4.062931e-01 4.139540e-01 5.758754e-01 6.951836e-01 7.118822e-01 8.208072e-01 
1632 8 1.278063e-01 3.939189e-01 4.062931e-01 4.139540e-01 5.758754e-01 6.951836e-01 7.118822e-01 8.208072e-01 
1633 8 1.278063e-01 3.939189e-01 4.062931e-01 4.139540e-01 5.758754e-01 6.951836e-01 7.118822e-01 8.208072e-01 
1634 8 1.278063e-01 3.939189e-01 4.062931e-01 4.139540e-01 5.758754e-01 6.951836e-01 7.118822e-01 8.208072e-01 
1635 8 1.278063e-01 3.939189e-01 4.062931e-01 4.139540e-01 5.758754e-01 6.951836e-01 7.118822e-01 8.208072e-01 
1636 8 1.278063e-01 3.939189e-01 4.062931e-01 4.139540e-01 5.758754e-01 6.951836e-01 7.118822e-01 8.208072e-01 
1637 8 1.278063e-01 3.939189e-01 4.062931e-01 4.139540e-01 5.758754e-01 6.951836e-01 7.118822e-01 8.208072e-01 
1638 8 1.278063e-01 3.939189e-01 4.062931e-01 4.139540e-01 5.635345e-01 6.951836e-01 7.118822e-01 8.208072e-01 
1639 8 1.278063e-01 3.939189e-01 4.062931e-01 4.139540e-01 5.635345e-01 6.951836e-01 7.118822e-01 8.208072e-01 
1640 8 1.278063e-01 3.939189e-01 4.062931e-01 4.139540e-01 5.635345e-01 6.951836e-01 7.118822e-01 8.208072e-01 
1641 8 1.278063e-01 3.939189e-01 4.062931e-01 4.139540e-01 5.635345e-01 6.951836e-01 7.118822e-01 8.208072e-01 
1642 8 1.278063e-01 3.939189e-01 4.062931e-01 4.139540e-01 5.635345e-01 6.951836e-01 7.118822e-01 8.208072e-01 
1643 8 1.278063e-01 3.939189e-01 4.062931e-01 4.139540e-01 5.635345e-01 6.951836e-01 7.118822e-01 8.208072e-01 
1644 8 1.278063e-01 3.939189e-01 4.062931e-01 4.139540e-01 5.635345e-01 6.951836e-01 7.118822e-01 8.208072e-01 
1645 8 1.278063e-01 3.939189e-01 4.062931e-01 4.139540e-01 5.635345e-01 6.951836e-01 7.118822e-01 8.208072e-01 
1646 8 1.278063e-01 3.939189e-01 4.062931e-01 4.139540e-01 5.635345e-01 6.951836e-01 7.118822e-01 8.208072e-01 
1647 8 1.278063e-01 3.939189e-01 4.062931e-01 4.139540e-01 5.635345e-01 6.951836e-01 7.118822e-01 8.208072e-01 
1648 8 1.278063e-01 3.939189e-01 4.062931e-01 4.139540e-01 5.635345e-01 6.951836e-01 7.118822e-01 8.208072e-01 
1649 8 1.278063e-01 3.939189e-01 4.062931e-01 4.139540e-01 5.635345e-01 6.951836e-01 7.118822e-01 8.208072e-01 
1650 8 1.278063e-01 3.939189e-01 4.062931e-01 4.139540e-01 5.635345e-01 6.951836e-01 7.118822e-01 8.208072e-01 
1651 8 1.278063e-01 3.939189e-01 4.062931e-01 4.139540e-01 5.635345e-01 6.951836e-01 7.118822e-01 8.208072e-01 
1652 8 1.278063e-01 3.939189e-01 4.062931e-01 4.139540e-01 5.635345e-01 6.951836e-01 7.118822e-01 8.208072e-01 
1653 8 1.278063e-01 3.939189e-01 4.062931e-01 4.139540e-01 5.635345e-01 6.951836e-01 7.118822e-01 8.208072e-01 
1654 8 1.279177e-01 3.939189e-01 4.062931e-01 4.139540e-01 5.635345e-01 6.951836e-01 7.118822e-01 8.208072e-01 
1655 8 1.279177e-01 3.939189e-01 4.062931e-01 4.139540e-01 5.635345e-01 6.951836e-01 7.118822e-01 8.208072e-01 
1656 8 1.279177e-01 3.939189e-01 4.062931e-01 4.139540e-01 5.635345e-01 6.951836e-01 7.118822e-01 8.208072e-01 
1657 8 1.279177e-01 3.939189e-01 4.062931e-01 4.139540e-01 5.635345e-01 6.828656e-01 7.118822e-01 8.208072e-01 
1658 8 1.279177e-01 3.939189e-01 4.062931e-01 4.139540e-01 5.635345e-01 6.828656e-01 7.118822e-01 8.208072e-01 
1659 8 1.279177e-01 3.939189e-01 4.062931e-01 4.139540e-01 5.635345e-01 6.828656e-01 7.118822e-01 8.208072e-01 
1660 8 1.279177e-01 3.939189e-01 4.062931e-01 4.139540e-01 5.635345e-01 6.828656e-01 7.118822e-01 8.208072e-01 
1661 8 1.446040e-01 3.939189e-01 4.062931e-01 4.139540e-01 5.635345e-01 6.828656e-01 7.118822e-01 8.208072e-01 
1662 8 1.446040e-01 3.939189e-01 4.062931e-01 4.139540e-01 5.635345e-01 6.828656e-01 7.118822e-01 8.208072e-01 
1663 8 1.446040e-01 3.939189e-01 4.062931e-01 4.139540e-01 5.635345e-01 6.828656e-01 7.118822e-01 8.208072e-01 
1664 8 1.446040e-01 3.939189e-01 4.062931e-01 4.139540e-01 5.635345e-01 6.828656e-01 7.118822e-01 8.208072e-01 
1665 8 1.446040e-01 3.939189e-01 4.062931e-01 4.139540e-01 5.635345e-01 6.828656e-01 7.118822e-01 8.208072e-01 
1666 8 1.446040e-01 3.939189e-01 4.062931e-01 4.139540e-01 5.635345e-01 6.828656e-01 7.118822e-01 8.208072e-01 
1667 8 1.446040e-01 3.939189e-01 4.062931e-01 4.139540e-01 5.635345e-01 6.828656e-01 7.118822e-01 8.208072e-01 
1668 8 1.446040e-01 3.939189e-01 4.062931e-01 4.139540e-01 5.635345e-01 6.828656e-01 7.118822e-01 8.208072e-01 
1669 8 1.446040e-01 3.939189e-01 4.062931e-01 4.139540e-01 5.635345e-01 6.828656e-01 7.118822e-01 8.208072e-01 
1670 8 1.446040e-01 3.939189e-01 4.062931e-01 4.139540e-01 5.635345e-01 6.828656e-01 7.118822e-01 8.208072e-01 
1671 8 1.446040e-01 3.939189e-01 4.062931e-01 4.139540e-01 5.635345e-01 6.828656e-01 7.118822e-01 8.208072e-01 
1672 8 1.446040e-01 3.939189e-01 4.062931e-01 4.139540e-01 5.635345e-01 6.828656e-01 7.118822e-01 8.208072e-01 
1673 8 1.446040e-01 3.939189e-01 4.062931e-01 4.139540e-01 5.635345e-01 6.828656e-01 7.118822e-01 8.208072e-01 
1674 8 1.446040e-01 3.939189e-01 4.062931e-01 4.139540e-01 5.635345e-01 6.828656e-01 7.118822e-01 8.208072e-01 
1675 8 1.446040e-01 3.939189e-01 4.062931e-01 4.139540e-01 5.635345e-01 6.828656e-01 7.118822e-01 8.208072e-01 
1676 8 1.446040e-01 3.939189e-01 4.062931e-01 4.139540e-01 5.635345e-01 6.828656e-01 7.118822e-01 8.208072e-01 
1677 8 1.446040e-01 3.939189e-01 4.062931e-01 4.139540e-01 5.635345e-01 6.828656e-01 7.118822e-01 8.208072e-01 
1678 8 1.446040e-01 3.939189e-01 4.062931e-01 4.139540e-01 5.635345e-01 6.828656e-01 7.118822e-01 8.208072e-01 
1679 8 1.446040e-01 3.939189e-01 4.062931e-01 4.139540e-01 5.635345e-01 6.828656e-01 7.118822e-01 8.208072e-01 
1680 8 1.446040e-01 3.939189e-01 4.062931e-01 4.139540e-01 5.635345e-01 6.828656e-01 7.118822e-01 8.208072e-01 
1681 8 1.446040e-01 3.939189e-01 4.062931e-01 4.139540e-01 5.635345e-01 6.828656e-01 7.118822e-01 8.208072e-01 
1682 8 1.446040e-01 3.939189e-01 4.062931e-01 4.139540e-01 5.635345e-01 6.828656e-01 7.118822e-01 8.208072e-01 
1683 8 1.446040e-01 3.939189e-01 4.062931e-01 4.139540e-01 5.635345e-01 6.828656e-01 7.118822e-01 8.208072e-01 
1684 8 1.446040e-01 3.939189e-01 4.062931e-01 4.139540e-01 5.635345e-01 6.828656e-01 7.118822e-01 8.208072e-01 
1685 8 1.446040e-01 3.939189e-01 4.062931e-01 4.139540e-01 5.635345e-01 6.828656e-01 7.118822e-01 8.208072e-01 
1686 8 1.446040e-01 3.939189e-01 4.062931e-01 4.139540e-01 5.635345e-01 6.828656e-01 7.118822e-01 8.208072e-01 
1687 8 1.446040e-01 3.939189e-01 4.062931e-01 4.139540e-01 5.635345e-01 6.828656e-01 7.118822e-01 8.208072e-01 
1688 8 1.446040e-01 3.939189e-01 4.062931e-01 4.139540e-01 5.635345e-01 6.828656e-01 7.118822e-01 8.208072e-01 
1689 8 1.446040e-01 3.939189e-01 4.062931e-01 4.139540e-01 5.635345e-01 6.828656e-01 7.118822e-01 8.208072e-01 
1690 8 1.446040e-01 3.939189e-01 4.062931e-01 4.139540e-01 5.635345e-01 6.828656e-01 7.118822e-01 8.208072e-01 
1691 8 1.446040e-01 3.939189e-01 4.062931e-01 4.139540e-01 5.635345e-01 6.828656e-01 7.118822e-01 8.208072e-01 
1692 8 1.446040e-01 3.939189e-01 4.062931e-01 4.139540e-01 5.635345e-01 6.828656e-01 7.118822e-01 8.208072e-01 
1693 8 1.446040e-01 3.939189e-01 4.062931e-01 4.139540e-01 5.635345e-01 6.828656e-01 7.118822e-01 8.208072e-01 
1694 8 1.446040e-01 3.939189e-01 4.062931e-01 4.139540e-01 5.975606e-01 6.828656e-01 7.118822e-01 8.208072e-01 
1695 8 1.446040e-01 3.939189e-01 4.062931e-01 4.139540e-01 5.975606e-01 6.828656e-01 7.118822e-01 8.208072e-01 
1696 8 1.446040e-01 3.939189e-01 4.062931e-01 4.139540e-01 5.975606e-01 6.828656e-01 7.118822e-01 8.208072e-01 
1697 8 1.446040e-01 3.939189e-01 4.062931e-01 4.139540e-01 5.975606e-01 6.828656e-01 7.118822e-01 8.208072e-01 
1698 8 1.446040e-01 3.939189e-01 4.062931e-01 4.139540e-01 5.975606e-01 6.828656e-01 7.118822e-01 8.208072e-01 
1699 8 1.446040e-01 3.939189e-01 4.062931e-01 4.139540e-01 5.975606e-01 6.828656e-01 7.118822e-01 8.208072e-01 
1700 8 1.446040e-01 3.939189e-01 4.062931e-01 4.139540e-01 5.975606e-01 6.828656e-01 7.118822e-01 8.208072e-01 
1701 8 1.446040e-01 3.939189e-01 4.023815e-01 4.062931e-01 5.975606e-01 6.828656e-01 7.118822e-01 8.208072e-01 
1702 8 1.446040e-01 3.939189e-01 4.023815e-01 4.062931e-01 5.975606e-01 6.828656e-01 7.118822e-01 8.208072e-01 
1703 8 1.446040e-01 3.939189e-01 4.023815e-01 4.062931e-01 5.695940e-01 6.828656e-01 7.118822e-01 8.208072e-01 
1704 8 1.446040e-01 3.939189e-01 4.023815e-01 4.062931e-01 5.546639e-01 6.828656e-01 7.118822e-01 8.208072e-01 
1705 8 1.446040e-01 3.939189e-01 4.023815e-01 4.062931e-01 5.546639e-01 6.828656e-01 7.118822e-01 8.208072e-01 
1706 8 1.446040e-01 3.939189e-01 4.023815e-01 4.062931e-01 5.546639e-01 6.828656e-01 7.118822e-01 8.208072e-01 
1707 8 1.446040e-01 3.939189e-01 4.023815e-01 4.062931e-01 5.546639e-01 6.828656e-01 7.118822e-01 8.208072e-01 
1708 8 1.446040e-01 3.939189e-01 4.023815e-01 4.062931e-01 5.546639e-01 6.828656e-01 7.118822e-01 8.208072e-01 
1709 8 1.446040e-01 3.939189e-01 4.023815e-01 4.062931e-01 5.546639e-01 6.828656e-01 7.118822e-01 8.208072e-01 
1710 8 1.446040e-01 3.939189e-01 4.023815e-01 4.062931e-01 5.546639e-01 6.828656e-01 7.118822e-01 8.208072e-01 
1711 8 1.446040e-01 3.939189e-01 4.023815e-01 4.062931e-01 5.546639e-01 6.828656e-01 7.118822e-01 8.208072e-01 
1712 8 1.446040e-01 3.939189e-01 4.023815e-01 4.062931e-01 5.546639e-01 6.828656e-01 7.118822e-01 8.208072e-01 
1713 8 1.446040e-01 3.939189e-01 4.023815e-01 4.062931e-01 5.546639e-01 6.828656e-01 7.118822e-01 8.208072e-01 
1714 8 1.446040e-01 3.939189e-01 4.023815e-01 4.062931e-01 5.546639e-01 6.828656e-01 7.118822e-01 8.208072e-01 
1715 8 1.446040e-01 3.939189e-01 4.023815e-01 4.062931e-01 5.546639e-01 6.828656e-01 7.118822e-01 8.208072e-01 
1716 8 1.446040e-01 3.939189e-01 4.023815e-01 4.062931e-01 5.546639e-01 6.828656e-01 7.118822e-01 8.208072e-01 
1717 8 1.446040e-01 3.939189e-01 4.023815e-01 4.062931e-01 5.546639e-01 6.828656e-01 7.118822e-01 8.208072e-01 
1718 8 1.446040e-01 3.939189e-01 4.023815e-01 4.062931e-01 5.413058e-01 6.828656e-01 7.118822e-01 8.208072e-01 
1719 8 1.446040e-01 3.939189e-01 4.023815e-01 4.062931e-01 5.413058e-01 6.828656e-01 7.118822e-01 8.208072e-01 
1720 8 1.446040e-01 3.939189e-01 4.023815e-01 4.062931e-01 5.413058e-01 6.828656e-01 7.118822e-01 8.208072e-01 
1721 8 1.446040e-01 3.939189e-01 4.023815e-01 4.062931e-01 5.413058e-01 6.828656e-01 7.118822e-01 8.208072e-01 
1722 8 1.780483e-01 3.939189e-01 4.023815e-01 4.062931e-01 5.413058e-01 6.828656e-01 7.118822e-01 8.208072e-01 
1723 8 1.780483e-01 3.939189e-01 4.023815e-01 4.062931e-01 5.413058e-01 6.828656e-01 7.118822e-01 8.208072e-01 
1724 8 1.780483e-01 3.939189e-01 4.023815e-01 4.062931e-01 5.413058e-01 6.828656e-01 7.118822e-01 8.208072e-01 
1725 8 1.780483e-01 3.939189e-01 4.023815e-01 4.062931e-01 5.413058e-01 6.828656e-01 7.118822e-01 8.208072e-01 
1726 8 1.780483e-01 3.939189e-01 4.023815e-01 4.062931e-01 5.413058e-01 6.828656e-01 7.118822e-01 8.208072e-01 
1727 8 1.780483e-01 3.939189e-01 4.023815e-01 4.062931e-01 5.413058e-01 6.828656e-01 7.118822e-01 8.208072e-01 
1728 8 1.780483e-01 3.939189e-01 4.023815e-01 4.062931e-01 5.413058e-01 6.828656e-01 7.118822e-01 8.208072e-01 
1729 8 1.780483e-01 3.939189e-01 4.023815e-01 4.062931e-01 5.413058e-01 6.828656e-01 7.118822e-01 8.208072e-01 
1730 8 1.780483e-01 3.939189e-01 4.023815e-01 4.062931e-01 5.413058e-01 6.828656e-01 7.118822e-01 8.208072e-01 
1731 8 1.780483e-01 3.939189e-01 4.023815e-01 4.062931e-01 5.413058e-01 6.828656e-01 7.118822e-01 8.208072e-01 
1732 8 1.780483e-01 3.939189e-01 4.023815e-01 4.062931e-01 5.413058e-01 6.828656e-01 7.118822e-01 8.208072e-01 
1733 8 1.780483e-01 3.939189e-01 4.023815e-01 4.062931e-01 5.413058e-01 6.828656e-01 7.118822e-01 8.208072e-01 
1734 8 1.780483e-01 3.939189e-01 4.023815e-01 4.062931e-01 5.413058e-01 6.828656e-01 7.118822e-01 8.208072e-01 
1735 8 1.780483e-01 3.939189e-01 4.023815e-01 4.062931e-01 5.564148e-01 6.828656e-01 7.118822e-01 8.208072e-01 
1736 8 1.780483e-01 3.939189e-01 4.023815e-01 4.062931e-01 5.564148e-01 6.828656e-01 7.118822e-01 8.208072e-01 
1737 8 1.780483e-01 3.939189e-01 4.023815e-01 4.062931e-01 5.564148e-01 6.828656e-01 7.118822e-01 8.208072e-01 
1738 8 1.780483e-01 3.939189e-01 4.023815e-01 4.062931e-01 5.564148e-01 6.828656e-01 7.118822e-01 8.208072e-01 
1739 8 1.780483e-01 3.939189e-01 4.023815e-01 4.062931e-01 5.564148e-01 6.828656e-01 7.118822e-01 8.208072e-01 
1740 8 1.780483e-01 3.939189e-01 4.023815e-01 4.062931e-01 5.564148e-01 6.828656e-01 7.118822e-01 8.208072e-01 
1741 8 1.780483e-01 3.939189e-01 4.023815e-01 4.062931e-01 5.564148e-01 6.828656e-01 7.118822e-01 8.208072e-01 
1742 8 1.780483e-01 3.939189e-01 4.023815e-01 4.062931e-01 5.564148e-01 6.828656e-01 7.118822e-01 8.208072e-01 
1743 8 1.780483e-01 3.939189e-01 4.023815e-01 4.062931e-01 5.564148e-01 6.828656e-01 7.118822e-01 8.208072e-01 
1744 8 1.780483e-01 3.939189e-01 4.023815e-01 4.062931e-01 5.564148e-01 6.828656e-01 7.118822e-01 8.208072e-01 
1745 8 1.780483e-01 3.939189e-01 4.023815e-01 4.062931e-01 5.564148e-01 6.828656e-01 7.118822e-01 8.208072e-01 
1746 8 1.780483e-01 3.939189e-01 4.023815e-01 4.062931e-01 5.564148e-01 6.828656e-01 7.118822e-01 8.234117e-01 
1747 8 1.780483e-01 3.939189e-01 4.023815e-01 4.062931e-01 5.564148e-01 6.828656e-01 7.118822e-01 8.234117e-01 
1748 8 1.780483e-01 3.939189e-01 4.023815e-01 4.062931e-01 5.564148e-01 6.828656e-01 7.118822e-01 8.234117e-01 
1749 8 1.780483e-01 3.939189e-01 4.023815e-01 4.062931e-01 5.564148e-01 6.828656e-01 7.118822e-01 8.234117e-01 
1750 8 1.780483e-01 3.939189e-01 4.023815e-01 4.062931e-01 5.564148e-01 6.828656e-01 7.118822e-01 8.234117e-01 
1751 8 1.780483e-01 3.939189e-01 4.023815e-01 4.062931e-01 5.564148e-01 6.828656e-01 7.118822e-01 8.234117e-01 
1752 8 1.780483e-01 3.939189e-01 4.023815e-01 4.062931e-01 5.564148e-01 6.828656e-01 7.118822e-01 8.234117e-01 
1753 8 1.780483e-01 3.939189e-01 4.023815e-01 4.062931e-01 5.564148e-01 6.828656e-01 7.118822e-01 8.234117e-01 
1754 8 1.780483e-01 3.939189e-01 4.023815e-01 4.062931e-01 5.564148e-01 6.828656e-01 7.118822e-01 8.234117e-01 
1755 8 1.780483e-01 3.939189e-01 4.023815e-01 4.062931e-01 5.564148e-01 6.828656e-01 7.118822e-01 8.234117e-01 
1756 8 1.780483e-01 3.939189e-01 4.023815e-01 4.062931e-01 5.564148e-01 6.828656e-01 7.118822e-01 8.234117e-01 
1757 8 1.780483e-01 3.939189e-01 4.023815e-01 4.062931e-01 5.564148e-01 6.828656e-01 7.118822e-01 8.234117e-01 
1758 8 1.780483e-01 3.939189e-01 4.023815e-01 4.062931e-01 5.564148e-01 6.828656e-01 7.118822e-01 8.234117e-01 
1759 8 1.780483e-01 3.939189e-01 4.023815e-01 4.062931e-01 5.564148e-01 6.828656e-01 7.118822e-01 8.234117e-01 
1760 8 1.780483e-01 3.939189e-01 4.023815e-01 4.062931e-01 5.564148e-01 6.828656e-01 7.118822e-01 8.234117e-01 
1761 8 1.780483e-01 3.939189e-01 4.023815e-01 4.062931e-01 5.564148e-01 6.828656e-01 7.118822e-01 8.234117e-01 
1762 8 1.780483e-01 3.939189e-01 4.023815e-01 4.062931e-01 5.564148e-01 6.828656e-01 7.118822e-01 8.234117e-01 
1763 8 1.780483e-01 3.939189e-01 4.023815e-01 4.062931e-01 5.564148e-01 6.828656e-01 7.118822e-01 8.234117e-01 
1764 8 1.780483e-01 3.939189e-01 4.023815e-01 4.062931e-01 5.564148e-01 6.828656e-01 7.118822e-01 8.234117e-01 
1765 8 1.780483e-01 3.939189e-01 4.023815e-01 4.062931e-01 5.564148e-01 6.828656e-01 7.118822e-01 8.234117e-01 
1766 8 1.780483e-01 3.939189e-01 4.023815e-01 4.062931e-01 5.564148e-01 6.828656e-01 7.118822e-01 8.234117e-01 
1767 8 1.780483e-01 3.939189e-01 4.023815e-01 4.062931e-01 5.321470e-01 6.828656e-01 7.118822e-01 8.234117e-01 
1768 8 1.780483e-01 3.939189e-01 4.023815e-01 4.062931e-01 5.321470e-01 6.828656e-01 7.118822e-01 8.234117e-01 
1769 8 1.780483e-01 3.939189e-01 4.023815e-01 4.062931e-01 5.321470e-01 6.828656e-01 7.118822e-01 8.234117e-01 
1770 8 1.780483e-01 3.939189e-01 4.023815e-01 4.062931e-01 5.321470e-01 6.828656e-01 7.118822e-01 8.234117e-01 
1771 8 1.780483e-01 3.939189e-01 4.023815e-01 4.062931e-01 5.321470e-01 6.828656e-01 7.118822e-01 8.234117e-01 
1772 8 1.780483e-01 3.939189e-01 4.023815e-01 4.062931e-01 5.321470e-01 6.828656e-01 7.118822e-01 8.234117e-01 
1773 8 1.780483e-01 3.939189e-01 4.023815e-01 4.062931e-01 5.321470e-01 6.828656e-01 7.118822e-01 8.234117e-01 
1774 8 1.780483e-01 3.939189e-01 4.023815e-01 4.062931e-01 5.321470e-01 6.828656e-01 7.118822e-01 8.234117e-01 
1775 8 1.780483e-01 3.939189e-01 4.023815e-01 4.062931e-01 5.321470e-01 6.828656e-01 7.118822e-01 8.234117e-01 
1776 8 1.780483e-01 3.939189e-01 4.023815e-01 4.062931e-01 5.321470e-01 6.828656e-01 7.118822e-01 8.234117e-01 
1777 8 1.780483e-01 3.939189e-01 4.023815e-01 4.062931e-01 5.321470e-01 6.828656e-01 7.118822e-01 8.234117e-01 
1778 8 1.780483e-01 3.939189e-01 4.023815e-01 4.062931e-01 5.321470e-01 6.828656e-01 7.118822e-01 8.234117e-01 
1779 8 1.780483e-01 3.939189e-01 4.023815e-01 4.062931e-01 5.321470e-01 6.828656e-01 7.118822e-01 8.234117e-01 
1780 8 1.780483e-01 3.939189e-01 4.023815e-01 4.062931e-01 5.321470e-01 6.828656e-01 7.118822e-01 8.482383e-01 
1781 8 1.780483e-01 3.939189e-01 4.023815e-01 4.062931e-01 5.321470e-01 6.828656e-01 7.118822e-01 8.482383e-01 
1782 8 1.780483e-01 3.939189e-01 4.023815e-01 4.062931e-01 5.321470e-01 6.828656e-01 7.118822e-01 8.482383e-01 
1783 8 1.780483e-01 3.939189e-01 4.023815e-01 4.062931e-01 5.321470e-01 6.828656e-01 7.118822e-01 8.482383e-01 
1784 8 1.780483e-01 3.939189e-01 4.023815e-01 4.062931e-01 5.321470e-01 6.828656e-01 7.118822e-01 8.482383e-01 
1785 8 1.780483e-01 3.939189e-01 4.023815e-01 4.062931e-01 5.321470e-01 6.828656e-01 7.118822e-01 8.482383e-01 
1786 8 1.780483e-01 3.939189e-01 4.023815e-01 4.062931e-01 5.321470e-01 6.828656e-01 7.118822e-01 8.482383e-01 
1787 8 1.780483e-01 3.939189e-01 4.023815e-01 4.062931e-01 5.321470e-01 6.828656e-01 7.118822e-01 8.482383e-01 
1788 8 1.780483e-01 3.939189e-01 4.023815e-01 4.062931e-01 5.321470e-01 6.828656e-01 7.118822e-01 8.482383e-01 
1789 8 1.780483e-01 3.939189e-01 4.023815e-01 4.062931e-01 5.321470e-01 6.828656e-01 7.118822e-01 8.482383e-01 
1790 8 1.780483e-01 3.939189e-01 4.023815e-01 4.062931e-01 5.321470e-01 6.828656e-01 7.118822e-01 8.482383e-01 
1791 8 1.780483e-01 3.939189e-01 4.023815e-01 4.062931e-01 5.321470e-01 6.828656e-01 7.118822e-01 8.482383e-01 
1792 8 1.780483e-01 3.939189e-01 4.023815e-01 4.062931e-01 5.321470e-01 6.828656e-01 7.118822e-01 8.482383e-01 
1793 8 1.780483e-01 3.939189e-01 4.023815e-01 4.062931e-01 5.321470e-01 6.828656e-01 7.118822e-01 8.482383e-01 
1794 8 1.780483e-01 3.939189e-01 4.023815e-01 4.062931e-01 5.321470e-01 6.828656e-01 7.118822e-01 8.482383e-01 
1795 8 1.780483e-01 3.939189e-01 4.023815e-01 4.062931e-01 5.321470e-01 6.828656e-01 7.118822e-01 8.482383e-01 
1796 8 1.780483e-01 3.939189e-01 4.023815e-01 4.062931e-01 5.321470e-01 6.828656e-01 7.118822e-01 8.482383e-01 
1797 8 1.780483e-01 3.939189e-01 4.023815e-01 4.062931e-01 5.321470e-01 6.828656e-01 7.118822e-01 8.482383e-01 
1798 8 1.780483e-01 3.939189e-01 4.023815e-01 4.062931e-01 5.321470e-01 6.828656e-01 7.118822e-01 8.482383e-01 
1799 8 1.780483e-01 3.939189e-01 4.023815e-01 4.062931e-01 5.321470e-01 6.828656e-01 7.118822e-01 8.482383e-01 
1800 8 1.780483e-01 3.939189e-01 4.023815e-01 4.062931e-01 5.321470e-01 6.767199e-01 7.118822e-01 8.482383e-01 
1801 8 1.780483e-01 3.939189e-01 4.023815e-01 4.062931e-01 5.321470e-01 6.767199e-01 7.118822e-01 8.482383e-01 
1802 8 1.780483e-01 3.939189e-01 4.023815e-01 4.062931e-01 5.321470e-01 6.767199e-01 7.118822e-01 8.482383e-01 
1803 8 1.780483e-01 3.939189e-01 4.023815e-01 4.062931e-01 5.321470e-01 6.767199e-01 7.118822e-01 8.482383e-01 
1804 8 1.780483e-01 3.939189e-01 4.023815e-01 4.062931e-01 5.321470e-01 6.767199e-01 7.118822e-01 8.376982e-01 
1805 8 1.780483e-01 3.939189e-01 4.023815e-01 4.062931e-01 5.321470e-01 6.767199e-01 7.118822e-01 8.376982e-01 
1806 8 1.780483e-01 3.939189e-01 4.023815e-01 4.062931e-01 5.321470e-01 6.767199e-01 7.118822e-01 8.376982e-01 
1807 8 1.780483e-01 3.939189e-01 4.023815e-01 4.062931e-01 5.321470e-01 6.767199e-01 7.118822e-01 8.376982e-01 
1808 8 1.780483e-01 3.939189e-01 4.023815e-01 4.062931e-01 5.321470e-01 6.767199e-01 7.118822e-01 8.376982e-01 
1809 8 1.780483e-01 3.939189e-01 4.023815e-01 4.062931e-01 5.321470e-01 6.767199e-01 7.118822e-01 8.376982e-01 
1810 8 1.780483e-01 3.939189e-01 4.023815e-01 4.062931e-01 5.321470e-01 6.767199e-01 7.118822e-01 8.376982e-01 
1811 8 1.780483e-01 3.939189e-01 4.023815e-01 4.062931e-01 5.321470e-01 6.767199e-01 7.118822e-01 8.376982e-01 
1812 8 1.780483e-01 3.939189e-01 4.023815e-01 4.062931e-01 5.321470e-01 6.767199e-01 7.118822e-01 8.376982e-01 
1813 8 1.780483e-01 3.939189e-01 4.023815e-01 4.062931e-01 5.321470e-01 6.767199e-01 7.118822e-01 8.376982e-01 
1814 8 1.780483e-01 3.939189e-01 4.023815e-01 4.062931e-01 5.321470e-01 6.767199e-01 7.118822e-01 8.376982e-01 
1815 8 1.780483e-01 3.939189e-01 4.023815e-01 4.062931e-01 5.321470e-01 6.767199e-01 7.118822e-01 8.376982e-01 
1816 8 1.780483e-01 3.939189e-01 4.023815e-01 4.062931e-01 5.321470e-01 6.767199e-01 7.118822e-01 8.376982e-01 
1817 8 1.780483e-01 3.939189e-01 4.023815e-01 4.062931e-01 5.321470e-01 6.767199e-01 7.118822e-01 8.376982e-01 
1818 8 1.780483e-01 3.939189e-01 4.023815e-01 4.062931e-01 5.547999e-01 6.767199e-01 7.118822e-01 8.376982e-01 
1819 8 1.780483e-01 3.939189e-01 4.023815e-01 4.062931e-01 5.547999e-01 6.767199e-01 7.118822e-01 8.376982e-01 
1820 8 1.780483e-01 3.939189e-01 4.023815e-01 4.062931e-01 5.547999e-01 6.767199e-01 7.118822e-01 8.376982e-01 
1821 8 1.780483e-01 3.939189e-01 4.023815e-01 4.062931e-01 5.547999e-01 6.767199e-01 7.118822e-01 8.376982e-01 
1822 8 1.780483e-01 3.939189e-01 4.023815e-01 4.062931e-01 5.547999e-01 6.767199e-01 7.118822e-01 8.625583e-01 
1823 8 1.780483e-01 3.939189e-01 4.023815e-01 4.062931e-01 5.547999e-01 6.767199e-01 7.118822e-01 8.625583e-01 
1824 8 1.780483e-01 3.939189e-01 4.023815e-01 4.062931e-01 5.547999e-01 6.767199e-01 7.118822e-01 8.625583e-01 
1825 8 1.780483e-01 3.939189e-01 4.023815e-01 4.062931e-01 5.547999e-01 6.767199e-01 7.118822e-01 8.625583e-01 
1826 8 1.780483e-01 3.939189e-01 4.023815e-01 4.062931e-01 5.547999e-01 6.767199e-01 7.118822e-01 8.625583e-01 
1827 8 1.780483e-01 3.939189e-01 4.023815e-01 4.062931e-01 5.661565e-01 6.767199e-01 7.118822e-01 8.625583e-01 
1828 8 1.780483e-01 4.009640e-01 4.023815e-01 4.062931e-01 5.661565e-01 6.767199e-01 7.118822e-01 8.625583e-01 
1829 8 1.876394e-01 4.009640e-01 4.023815e-01 4.062931e-01 5.661565e-01 6.767199e-01 7.118822e-01 8.625583e-01 
1830 8 1.602332e-01 4.009640e-01 4.023815e-01 4.062931e-01 5.661565e-01 6.767199e-01 7.118822e-01 8.625583e-01 
1831 8 1.602332e-01 4.009640e-01 4.023815e-01 4.062931e-01 5.661565e-01 6.767199e-01 7.118822e-01 8.625583e-01 
1832 8 1.602332e-01 4.009640e-01 4.023815e-01 4.062931e-01 5.661565e-01 6.767199e-01 7.118822e-01 8.625583e-01 
1833 8 1.602332e-01 4.009640e-01 4.023815e-01 4.062931e-01 5.661565e-01 6.767199e-01 7.118822e-01 8.625583e-01 
1834 8 1.602332e-01 4.009640e-01 4.023815e-01 4.062931e-01 5.661565e-01 6.767199e-01 7.118822e-01 8.625583e-01 
1835 8 1.602332e-01 4.009640e-01 4.023815e-01 4.062931e-01 5.661565e-01 6.767199e-01 7.118822e-01 8.625583e-01 
1836 8 1.602332e-01 4.009640e-01 4.023815e-01 4.075188e-01 5.661565e-01 6.767199e-01 7.118822e-01 8.625583e-01 
1837 8 1.602332e-01 4.009640e-01 4.023815e-01 4.075188e-01 5.661565e-01 6.767199e-01 7.118822e-01 8.625583e-01 
1838 8 1.602332e-01 4.009640e-01 4.023815e-01 4.075188e-01 5.661565e-01 6.767199e-01 7.118822e-01 8.625583e-01 
1839 8 1.602332e-01 4.009640e-01 4.023815e-01 4.075188e-01 5.661565e-01 6.767199e-01 7.118822e-01 8.625583e-01 
1840 8 1.602332e-01 4.009640e-01 4.023815e-01 4.075188e-01 5.661565e-01 6.767199e-01 7.118822e-01 8.625583e-01 
1841 8 1.602332e-01 4.009640e-01 4.023815e-01 4.075188e-01 5.661565e-01 6.767199e-01 7.118822e-01 8.625583e-01 
1842 8 1.602332e-01 4.009640e-01 4.023815e-01 4.075188e-01 5.661565e-01 6.767199e-01 7.118822e-01 8.625583e-01 
1843 8 1.602332e-01 4.009640e-01 4.023815e-01 4.116682e-01 5.661565e-01 6.767199e-01 7.118822e-01 8.625583e-01 
1844 8 1.602332e-01 4.009640e-01 4.023815e-01 4.116682e-01 5.661565e-01 6.767199e-01 7.118822e-01 8.625583e-01 
1845 8 1.602332e-01 4.009640e-01 4.023815e-01 4.116682e-01 5.661565e-01 6.767199e-01 7.118822e-01 8.625583e-01 
1846 8 1.602332e-01 4.009640e-01 4.023815e-01 4.116682e-01 5.661565e-01 6.767199e-01 7.118822e-01 8.625583e-01 
1847 8 1.602332e-01 4.009640e-01 4.023815e-01 4.116682e-01 5.661565e-01 6.767199e-01 7.118822e-01 8.625583e-01 
1848 8 1.602332e-01 4.009640e-01 4.023815e-01 4.116682e-01 5.661565e-01 6.767199e-01 7.118822e-01 8.625583e-01 
1849 8 1.602332e-01 4.009640e-01 4.023815e-01 4.116682e-01 5.661565e-01 6.767199e-01 7.118822e-01 8.625583e-01 
1850 8 1.602332e-01 4.009640e-01 4.023815e-01 4.116682e-01 5.661565e-01 6.767199e-01 7.118822e-01 8.625583e-01 
1851 8 1.602332e-01 4.009640e-01 4.023815e-01 4.116682e-01 5.661565e-01 6.767199e-01 7.118822e-01 8.625583e-01 
1852 8 1.602332e-01 4.009640e-01 4.023815e-01 4.116682e-01 5.661565e-01 6.767199e-01 7.118822e-01 8.625583e-01 
1853 8 1.602332e-01 4.009640e-01 4.023815e-01 4.116682e-01 5.661565e-01 6.767199e-01 7.118822e-01 8.625583e-01 
1854 8 1.602332e-01 4.009640e-01 4.023815e-01 4.116682e-01 5.661565e-01 6.767199e-01 7.118822e-01 8.625583e-01 
1855 8 1.602332e-01 4.009640e-01 4.023815e-01 4.116682e-01 5.661565e-01 6.767199e-01 7.118822e-01 8.625583e-01 
1856 8 1.602332e-01 4.009640e-01 4.023815e-01 4.116682e-01 5.661565e-01 6.767199e-01 6.996163e-01 8.625583e-01 
1857 8 1.602332e-01 4.009640e-01 4.023815e-01 4.116682e-01 5.661565e-01 6.767199e-01 6.996163e-01 8.625583e-01 
1858 8 1.602332e-01 4.009640e-01 4.023815e-01 4.116682e-01 5.661565e-01 6.767199e-01 6.996163e-01 8.625583e-01 
1859 8 1.602332e-01 4.009640e-01 4.023815e-01 4.116682e-01 5.661565e-01 6.767199e-01 6.996163e-01 8.625583e-01 
1860 8 1.602332e-01 4.009640e-01 4.023815e-01 4.116682e-01 6.060236e-01 6.767199e-01 6.996163e-01 8.625583e-01 
1861 8 1.602332e-01 4.009640e-01 4.023815e-01 4.116682e-01 6.060236e-01 6.767199e-01 6.996163e-01 8.625583e-01 
1862 8 1.602332e-01 4.009640e-01 4.023815e-01 4.116682e-01 6.060236e-01 6.767199e-01 6.996163e-01 8.625583e-01 
1863 8 1.602332e-01 4.009640e-01 4.023815e-01 4.116682e-01 6.060236e-01 6.767199e-01 6.996163e-01 8.625583e-01 
1864 8 1.602332e-01 4.009640e-01 4.023815e-01 4.116682e-01 6.060236e-01 6.767199e-01 6.996163e-01 8.625583e-01 
1865 8 1.602332e-01 4.009640e-01 4.023815e-01 4.116682e-01 6.060236e-01 6.767199e-01 6.996163e-01 8.625583e-01 
1866 8 1.602332e-01 4.009640e-01 4.023815e-01 4.116682e-01 6.060236e-01 6.767199e-01 6.996163e-01 8.625583e-01 
1867 8 1.602332e-01 4.009640e-01 4.023815e-01 4.116682e-01 6.060236e-01 6.767199e-01 6.996163e-01 8.625583e-01 
1868 8 1.602332e-01 4.009640e-01 4.023815e-01 4.116682e-01 6.060236e-01 6.767199e-01 6.996163e-01 8.625583e-01 
1869 8 1.602332e-01 4.009640e-01 4.023815e-01 4.116682e-01 6.060236e-01 6.767199e-01 6.996163e-01 8.625583e-01 
1870 8 1.602332e-01 3.900239e-01 4.009640e-01 4.116682e-01 6.060236e-01 6.767199e-01 6.996163e-01 8.625583e-01 
1871 8 1.602332e-01 3.900239e-01 4.009640e-01 4.116682e-01 6.060236e-01 6.767199e-01 6.996163e-01 8.625583e-01 
1872 8 1.602332e-01 3.900239e-01 4.009640e-01 4.116682e-01 6.060236e-01 6.767199e-01 6.996163e-01 8.625583e-01 
1873 8 1.602332e-01 3.900239e-01 4.009640e-01 4.116682e-01 6.060236e-01 6.767199e-01 6.996163e-01 8.625583e-01 
1874 8 1.602332e-01 4.009640e-01 4.018563e-01 4.116682e-01 6.060236e-01 6.767199e-01 6.996163e-01 8.625583e-01 
1875 8 1.602332e-01 4.009640e-01 4.018563e-01 4.116682e-01 6.060236e-01 6.767199e-01 6.996163e-01 8.625583e-01 
1876 8 1.602332e-01 4.009640e-01 4.018563e-01 4.116682e-01 6.060236e-01 6.767199e-01 6.996163e-01 8.625583e-01 
1877 8 1.602332e-01 4.009640e-01 4.018563e-01 4.116682e-01 6.060236e-01 6.767199e-01 6.996163e-01 8.625583e-01 
1878 8 1.602332e-01 4.009640e-01 4.018563e-01 4.116682e-01 6.060236e-01 6.767199e-01 6.996163e-01 8.625583e-01 
1879 8 1.602332e-01 4.009640e-01 4.018563e-01 4.116682e-01 6.060236e-01 6.767199e-01 6.996163e-01 8.625583e-01 
1880 8 1.602332e-01 4.009640e-01 4.018563e-01 4.116682e-01 6.060236e-01 6.767199e-01 6.996163e-01 8.625583e-01 
1881 8 1.602332e-01 4.009640e-01 4.018563e-01 4.116682e-01 6.060236e-01 6.767199e-01 6.996163e-01 8.625583e-01 
1882 8 1.602332e-01 4.009640e-01 4.018563e-01 4.116682e-01 6.060236e-01 6.648450e-01 6.996163e-01 8.625583e-01 
1883 8 1.602332e-01 4.009640e-01 4.018563e-01 4.116682e-01 6.060236e-01 6.648450e-01 6.996163e-01 8.625583e-01 
1884 8 1.602332e-01 4.009640e-01 4.018563e-01 4.116682e-01 6.060236e-01 6.648450e-01 6.996163e-01 8.625583e-01 
1885 8 1.602332e-01 4.009640e-01 4.018563e-01 4.116682e-01 6.060236e-01 6.648450e-01 6.996163e-01 8.625583e-01 
1886 8 1.602332e-01 4.009640e-01 4.018563e-01 4.116682e-01 6.060236e-01 6.648450e-01 6.996163e-01 8.625583e-01 
1887 8 1.602332e-01 4.009640e-01 4.018563e-01 4.116682e-01 6.179391e-01 6.648450e-01 6.996163e-01 8.625583e-01 
1888 8 1.602332e-01 4.009640e-01 4.018563e-01 4.116682e-01 6.179391e-01 6.648450e-01 6.996163e-01 8.625583e-01 
1889 8 1.602332e-01 4.009640e-01 4.018563e-01 4.116682e-01 6.179391e-01 6.648450e-01 6.996163e-01 8.625583e-01 
1890 8 1.602332e-01 4.009640e-01 4.018563e-01 4.116682e-01 6.179391e-01 6.648450e-01 6.996163e-01 8.625583e-01 
1891 8 1.602332e-01 4.009640e-01 4.018563e-01 4.116682e-01 6.179391e-01 6.648450e-01 6.996163e-01 8.625583e-01 
1892 8 1.896357e-01 4.009640e-01 4.018563e-01 4.116682e-01 6.179391e-01 6.648450e-01 6.996163e-01 8.625583e-01 
1893 8 1.896357e-01 4.009640e-01 4.018563e-01 4.116682e-01 5.565221e-01 6.648450e-01 6.996163e-01 8.625583e-01 
1894 8 1.896357e-01 4.009640e-01 4.018563e-01 4.116682e-01 5.565221e-01 6.648450e-01 6.996163e-01 8.625583e-01 
1895 8 1.896357e-01 4.009640e-01 4.018563e-01 4.116682e-01 5.565221e-01 6.648450e-01 6.996163e-01 8.625583e-01 
1896 8 1.896357e-01 4.009640e-01 4.018563e-01 4.116682e-01 5.565221e-01 6.648450e-01 6.996163e-01 8.625583e-01 
1897 8 1.896357e-01 4.009640e-01 4.018563e-01 4.116682e-01 5.565221e-01 6.648450e-01 6.996163e-01 8.625583e-01 
1898 8 1.896357e-01 4.009640e-01 4.018563e-01 4.116682e-01 5.565221e-01 6.648450e-01 6.996163e-01 8.625583e-01 
1899 8 1.896357e-01 4.009640e-01 4.018563e-01 4.116682e-01 5.565221e-01 6.648450e-01 6.996163e-01 8.625583e-01 
1900 8 1.527772e-01 4.009640e-01 4.018563e-01 4.116682e-01 5.565221e-01 6.648450e-01 6.996163e-01 8.625583e-01 
1901 8 1.527772e-01 4.009640e-01 4.018563e-01 4.116682e-01 5.565221e-01 6.648450e-01 6.996163e-01 8.625583e-01 
1902 8 1.527772e-01 4.009640e-01 4.018563e-01 4.116682e-01 5.565221e-01 6.648450e-01 6.996163e-01 8.625583e-01 
1903 8 1.527772e-01 4.009640e-01 4.018563e-01 4.116682e-01 5.565221e-01 6.648450e-01 6.996163e-01 8.625583e-01 
1904 8 1.527772e-01 4.009640e-01 4.018563e-01 4.116682e-01 5.565221e-01 6.648450e-01 6.996163e-01 8.625583e-01 
1905 8 1.762641e-01 4.009640e-01 4.018563e-01 4.116682e-01 5.565221e-01 6.648450e-01 6.996163e-01 8.625583e-01 
1906 8 1.762641e-01 4.009640e-01 4.018563e-01 4.116682e-01 5.565221e-01 6.648450e-01 6.996163e-01 8.475360e-01 
1907 8 1.762641e-01 4.009640e-01 4.018563e-01 4.116682e-01 5.565221e-01 6.648450e-01 6.996163e-01 8.475360e-01 
1908 8 1.762641e-01 4.009640e-01 4.018563e-01 4.116682e-01 5.613441e-01 6.648450e-01 6.996163e-01 8.475360e-01 
1909 8 1.762641e-01 4.009640e-01 4.018563e-01 4.116682e-01 5.613441e-01 6.648450e-01 6.996163e-01 8.475360e-01 
1910 8 1.762641e-01 4.009640e-01 4.018563e-01 4.116682e-01 5.613441e-01 6.648450e-01 6.996163e-01 8.475360e-01 
1911 8 1.762641e-01 4.009640e-01 4.018563e-01 4.116682e-01 5.613441e-01 6.648450e-01 6.996163e-01 8.475360e-01 
1912 8 1.762641e-01 4.009640e-01 4.018563e-01 4.116682e-01 5.613441e-01 6.648450e-01 6.996163e-01 8.475360e-01 
1913 8 1.762641e-01 4.009640e-01 4.018563e-01 4.116682e-01 5.613441e-01 6.648450e-01 6.996163e-01 8.475360e-01 
1914 8 1.762641e-01 4.009640e-01 4.018563e-01 4.116682e-01 5.613441e-01 6.648450e-01 6.996163e-01 8.475360e-01 
1915 8 1.762641e-01 4.009640e-01 4.018563e-01 4.116682e-01 5.613441e-01 6.648450e-01 6.996163e-01 8.475360e-01 
1916 8 1.762641e-01 4.009640e-01 4.018563e-01 4.116682e-01 5.613441e-01 6.648450e-01 6.996163e-01 8.475360e-01 
1917 8 1.762641e-01 4.009640e-01 4.018563e-01 4.116682e-01 5.613441e-01 6.648450e-01 6.996163e-01 8.475360e-01 
1918 8 1.762641e-01 4.009640e-01 4.018563e-01 4.116682e-01 5.613441e-01 6.648450e-01 6.996163e-01 8.475360e-01 
1919 8 1.762641e-01 4.009640e-01 4.018563e-01 4.116682e-01 5.613441e-01 6.648450e-01 6.996163e-01 8.475360e-01 
1920 8 1.762641e-01 4.009640e-01 4.018563e-01 4.116682e-01 5.613441e-01 6.648450e-01 6.996163e-01 8.475360e-01 
1921 8 1.762641e-01 4.009640e-01 4.018563e-01 4.116682e-01 5.613441e-01 6.648450e-01 7.311970e-01 8.475360e-01 
1922 8 1.762641e-01 4.009640e-01 4.018563e-01 4.116682e-01 5.613441e-01 6.648450e-01 7.311970e-01 8.475360e-01 
1923 8 1.762641e-01 4.009640e-01 4.018563e-01 4.116682e-01 5.613441e-01 6.648450e-01 7.311970e-01 8.475360e-01 
1924 8 1.762641e-01 4.009640e-01 4.018563e-01 4.116682e-01 5.613441e-01 6.648450e-01 7.311970e-01 8.475360e-01 
1925 8 1.762641e-01 4.009640e-01 4.018563e-01 4.116682e-01 5.613441e-01 6.648450e-01 7.311970e-01 8.475360e-01 
1926 8 1.762641e-01 4.009640e-01 4.018563e-01 4.116682e-01 5.613441e-01 6.648450e-01 7.284763e-01 8.475360e-01 
1927 8 1.762641e-01 4.009640e-01 4.018563e-01 4.116682e-01 5.616190e-01 6.648450e-01 7.284763e-01 8.475360e-01 
1928 8 1.762641e-01 4.009640e-01 4.018563e-01 4.116682e-01 5.616190e-01 6.648450e-01 7.284763e-01 8.475360e-01 
1929 8 1.762641e-01 4.009640e-01 4.018563e-01 4.116682e-01 5.616190e-01 6.648450e-01 7.284763e-01 8.475360e-01 
1930 8 1.762641e-01 4.009640e-01 4.018563e-01 4.116682e-01 5.616190e-01 6.648450e-01 7.284763e-01 8.475360e-01 
1931 8 1.762641e-01 4.009640e-01 4.018563e-01 4.116682e-01 5.729221e-01 6.648450e-01 7.284763e-01 8.475360e-01 
1932 8 1.762641e-01 4.009640e-01 4.018563e-01 4.116682e-01 5.845435e-01 6.648450e-01 7.284763e-01 8.475360e-01 
1933 8 1.762641e-01 4.009640e-01 4.018563e-01 4.116682e-01 5.845435e-01 6.648450e-01 7.284763e-01 8.475360e-01 
1934 8 1.762641e-01 4.009640e-01 4.018563e-01 4.116682e-01 5.845435e-01 6.648450e-01 7.284763e-01 8.475360e-01 
1935 8 1.762641e-01 4.009640e-01 4.018563e-01 4.116682e-01 5.845435e-01 6.648450e-01 7.284763e-01 8.475360e-01 
1936 8 1.762641e-01 4.009640e-01 4.018563e-01 4.116682e-01 5.845435e-01 6.648450e-01 7.284763e-01 8.475360e-01 
1937 8 1.762641e-01 4.009640e-01 4.018563e-01 4.116682e-01 5.845435e-01 6.648450e-01 7.284763e-01 8.475360e-01 
1938 8 1.762641e-01 4.009640e-01 4.018563e-01 4.116682e-01 5.845435e-01 6.648450e-01 7.284763e-01 8.475360e-01 
1939 8 1.762641e-01 4.009640e-01 4.018563e-01 4.116682e-01 5.845435e-01 6.648450e-01 7.284763e-01 8.475360e-01 
1940 8 1.762641e-01 4.009640e-01 4.018563e-01 4.116682e-01 5.845435e-01 6.648450e-01 7.284763e-01 8.475360e-01 
1941 8 1.762641e-01 4.009640e-01 4.018563e-01 4.116682e-01 5.845435e-01 6.648450e-01 7.284763e-01 8.475360e-01 
1942 8 1.762641e-01 4.009640e-01 4.018563e-01 4.116682e-01 5.845435e-01 6.648450e-01 7.284763e-01 8.412293e-01 
1943 8 1.762641e-01 4.009640e-01 4.018563e-01 4.116682e-01 5.845435e-01 6.648450e-01 7.284763e-01 8.422049e-01 
1944 8 1.762641e-01 4.009640e-01 4.018563e-01 4.116682e-01 5.845435e-01 6.648450e-01 7.284763e-01 8.422049e-01 
1945 8 1.762641e-01 4.009640e-01 4.018563e-01 4.116682e-01 5.845435e-01 6.648450e-01 7.284763e-01 8.422049e-01 
1946 8 1.762641e-01 4.009640e-01 4.018563e-01 4.116682e-01 5.845435e-01 6.648450e-01 7.284763e-01 8.422049e-01 
1947 8 1.762641e-01 4.009640e-01 4.018563e-01 4.116682e-01 5.845435e-01 6.648450e-01 7.027464e-01 8.422049e-01 
1948 8 1.762641e-01 4.009640e-01 4.018563e-01 4.116682e-01 5.845435e-01 6.648450e-01 7.027464e-01 8.422049e-01 
1949 8 1.762641e-01 4.009640e-01 4.018563e-01 4.116682e-01 5.845435e-01 6.648450e-01 7.027464e-01 8.422049e-01 
1950 8 1.762641e-01 4.009640e-01 4.018563e-01 4.116682e-01 5.845435e-01 6.648450e-01 7.027464e-01 8.422049e-01 
1951 8 1.762641e-01 4.009640e-01 4.018563e-01 4.116682e-01 5.845435e-01 6.648450e-01 7.027464e-01 8.422049e-01 
1952 8 1.762641e-01 4.009640e-01 4.018563e-01 4.116682e-01 5.845435e-01 6.648450e-01 7.027464e-01 8.422049e-01 
1953 8 1.762641e-01 4.009640e-01 4.018563e-01 4.116682e-01 6.491035e-01 6.648450e-01 7.027464e-01 8.422049e-01 
1954 8 1.762641e-01 4.009640e-01 4.018563e-01 4.116682e-01 6.491035e-01 6.648450e-01 7.027464e-01 8.422049e-01 
1955 8 1.762641e-01 4.009640e-01 4.018563e-01 4.116682e-01 6.491035e-01 6.648450e-01 7.027464e-01 8.422049e-01 
1956 8 1.762641e-01 4.009640e-01 4.018563e-01 4.116682e-01 6.491035e-01 6.648450e-01 7.027464e-01 8.422049e-01 
1957 8 1.762641e-01 4.009640e-01 4.018563e-01 4.116682e-01 6.491035e-01 6.648450e-01 7.027464e-01 8.422049e-01 
1958 8 1.762641e-01 4.009640e-01 4.018563e-01 4.116682e-01 6.491035e-01 6.648450e-01 7.027464e-01 8.422049e-01 
1959 8 1.762641e-01 4.009640e-01 4.018563e-01 4.116682e-01 6.491035e-01 6.648450e-01 7.027464e-01 8.422049e-01 
1960 8 1.762641e-01 4.009640e-01 4.018563e-01 4.116682e-01 6.491035e-01 6.648450e-01 7.027464e-01 8.422049e-01 
1961 8 1.762641e-01 4.009640e-01 4.018563e-01 4.116682e-01 6.491035e-01 6.648450e-01 6.867710e-01 8.422049e-01 
1962 8 1.762641e-01 4.009640e-01 4.018563e-01 4.116682e-01 6.491035e-01 6.648450e-01 6.867710e-01 8.422049e-01 
1963 8 1.762641e-01 4.009640e-01 4.018563e-01 4.116682e-01 6.491035e-01 6.648450e-01 6.867710e-01 8.422049e-01 
1964 8 1.762641e-01 4.009640e-01 4.018563e-01 4.116682e-01 6.491035e-01 6.648450e-01 6.867710e-01 8.422049e-01 
1965 8 1.762641e-01 4.009640e-01 4.018563e-01 4.116682e-01 6.491035e-01 6.648450e-01 6.867710e-01 8.422049e-01 
1966 8 1.762641e-01 4.009640e-01 4.018563e-01 4.116682e-01 6.491035e-01 6.648450e-01 6.867710e-01 8.422049e-01 
1967 8 1.762641e-01 4.009640e-01 4.018563e-01 4.116682e-01 6.648450e-01 6.794028e-01 6.867710e-01 8.422049e-01 
1968 8 1.762641e-01 4.009640e-01 4.018563e-01 4.116682e-01 6.648450e-01 6.794028e-01 6.867710e-01 8.422049e-01 
1969 8 1.762641e-01 4.009640e-01 4.018563e-01 4.116682e-01 6.648450e-01 6.794028e-01 6.867710e-01 8.422049e-01 
1970 8 1.762641e-01 4.009640e-01 4.018563e-01 4.116682e-01 6.648450e-01 6.794028e-01 6.867710e-01 8.422049e-01 
1971 8 1.762641e-01 4.009640e-01 4.018563e-01 4.116682e-01 6.648450e-01 6.794028e-01 6.867710e-01 8.422049e-01 
1972 8 1.762641e-01 4.009640e-01 4.018563e-01 4.116682e-01 6.648450e-01 6.794028e-01 6.867710e-01 8.422049e-01 
1973 8 1.762641e-01 4.009640e-01 4.018563e-01 4.116682e-01 6.648450e-01 6.794028e-01 6.867710e-01 8.422049e-01 
1974 8 1.762641e-01 4.009640e-01 4.018563e-01 4.116682e-01 6.648450e-01 6.794028e-01 6.867710e-01 8.422049e-01 
1975 8 1.762641e-01 4.009640e-01 4.018563e-01 4.116682e-01 6.648450e-01 6.794028e-01 6.867710e-01 7.981424e-01 
1976 8 1.762641e-01 4.009640e-01 4.018563e-01 4.116682e-01 6.648450e-01 6.794028e-01 6.867710e-01 7.981424e-01 
1977 8 1.762641e-01 4.009640e-01 4.018563e-01 4.116682e-01 6.607568e-01 6.794028e-01 6.867710e-01 7.981424e-01 
1978 8 1.762641e-01 4.009640e-01 4.018563e-01 4.116682e-01 6.607568e-01 6.794028e-01 6.867710e-01 7.981424e-01 
1979 8 1.762641e-01 4.009640e-01 4.018563e-01 4.116682e-01 6.607568e-01 6.794028e-01 6.867710e-01 7.981424e-01 
1980 8 1.762641e-01 4.009640e-01 4.018563e-01 4.116682e-01 6.607568e-01 6.794028e-01 6.867710e-01 7.981424e-01 
1981 8 1.762641e-01 4.009640e-01 4.018563e-01 4.116682e-01 6.607568e-01 6.794028e-01 6.867710e-01 7.981424e-01 
1982 8 1.762641e-01 4.009640e-01 4.018563e-01 4.116682e-01 6.607568e-01 6.794028e-01 6.867710e-01 7.981424e-01 
1983 8 1.762641e-01 4.009640e-01 4.018563e-01 4.116682e-01 6.607568e-01 6.794028e-01 6.867710e-01 7.981424e-01 
1984 8 1.762641e-01 4.009640e-01 4.018563e-01 4.116682e-01 6.607568e-01 6.794028e-01 6.867710e-01 7.981424e-01 
1985 8 1.762641e-01 4.009640e-01 4.018563e-01 4.116682e-01 6.607568e-01 6.794028e-01 6.867710e-01 7.981424e-01 
1986 8 1.762641e-01 4.009640e-01 4.018563e-01 4.116682e-01 6.607568e-01 6.794028e-01 6.867710e-01 7.981424e-01 
1987 8 1.762641e-01 4.009640e-01 4.018563e-01 4.116682e-01 6.607568e-01 6.794028e-01 6.867710e-01 7.981424e-01 
1988 8 1.762641e-01 4.009640e-01 4.018563e-01 4.116682e-01 6.607568e-01 6.794028e-01 6.867710e-01 7.981424e-01 
1989 8 1.762641e-01 4.009640e-01 4.018563e-01 4.116682e-01 6.607568e-01 6.794028e-01 6.867710e-01 7.981424e-01 
1990 8 1.762641e-01 4.009640e-01 4.018563e-01 4.116682e-01 6.607568e-01 6.794028e-01 6.867710e-01 7.981424e-01 
1991 8 1.762641e-01 4.009640e-01 4.018563e-01 4.116682e-01 6.607568e-01 6.794028e-01 6.867710e-01 7.981424e-01 
1992 8 1.762641e-01 4.009640e-01 4.018563e-01 4.116682e-01 6.607568e-01 6.794028e-01 6.867710e-01 7.981424e-01 
1993 8 1.762641e-01 4.009640e-01 4.018563e-01 4.116682e-01 6.607568e-01 6.794028e-01 6.867710e-01 7.981424e-01 
1994 8 1.762641e-01 4.009640e-01 4.018563e-01 4.116682e-01 6.607568e-01 6.794028e-01 6.867710e-01 7.981424e-01 
1995 8 1.762641e-01 4.009640e-01 4.018563e-01 4.116682e-01 6.607568e-01 6.794028e-01 6.867710e-01 7.981424e-01 
1996 8 1.708824e-01 4.009640e-01 4.018563e-01 4.116682e-01 6.607568e-01 6.794028e-01 6.867710e-01 7.981424e-01 
1997 8 1.708824e-01 4.009640e-01 4.018563e-01 4.116682e-01 6.607568e-01 6.794028e-01 6.867710e-01 7.981424e-01 
1998 8 1.708824e-01 4.009640e-01 4.018563e-01 4.116682e-01 6.607568e-01 6.794028e-01 6.867710e-01 7.981424e-01 
1999 8 1.708824e-01 4.009640e-01 4.018563e-01 4.116682e-01 6.607568e-01 6.794028e-01 6.867710e-01 7.981424e-01 
2000 8 1.708824e-01 4.009640e-01 4.018563e-01 4.116682e-01 6.607568e-01 6.794028e-01 6.867710e-01 7.981424e-01 
2001 8 1.708824e-01 4.009640e-01 4.018563e-01 4.116682e-01 6.607568e-01 6.794028e-01 6.867710e-01 7.981424e-01 
2002 8 1.708824e-01 4.009640e-01 4.018563e-01 4.116682e-01 6.607568e-01 6.794028e-01 6.867710e-01 7.981424e-01 
2003 8 1.708824e-01 4.009640e-01 4.018563e-01 4.116682e-01 6.607568e-01 6.794028e-01 6.867710e-01 7.981424e-01 
2004 8 1.708824e-01 4.009640e-01 4.018563e-01 4.116682e-01 6.607568e-01 6.794028e-01 6.867710e-01 7.981424e-01 
2005 8 1.708824e-01 4.009640e-01 4.018563e-01 4.116682e-01 6.607568e-01 6.794028e-01 6.867710e-01 7.981424e-01 
2006 8 1.708824e-01 4.009640e-01 4.018563e-01 4.116682e-01 6.607568e-01 6.794028e-01 6.867710e-01 7.981424e-01 
2007 8 1.708824e-01 4.009640e-01 4.018563e-01 4.116682e-01 6.607568e-01 6.794028e-01 6.867710e-01 7.981424e-01 
2008 8 1.708824e-01 4.009640e-01 4.018563e-01 4.116682e-01 6.607568e-01 6.734491e-01 6.867710e-01 7.981424e-01 
2009 8 1.708824e-01 4.009640e-01 4.018563e-01 4.116682e-01 6.607568e-01 6.734491e-01 6.867710e-01 7.981424e-01 
2010 8 1.708824e-01 4.009640e-01 4.018563e-01 4.116682e-01 6.607568e-01 6.734491e-01 6.867710e-01 7.981424e-01 
2011 8 1.708824e-01 4.009640e-01 4.018563e-01 4.116682e-01 6.607568e-01 6.867710e-01 7.100880e-01 7.981424e-01 
2012 8 1.708824e-01 4.009640e-01 4.018563e-01 4.116682e-01 5.488150e-01 6.867710e-01 7.100880e-01 7.981424e-01 
2013 8 1.708824e-01 4.009640e-01 4.018563e-01 4.116682e-01 5.488150e-01 6.867710e-01 7.100880e-01 7.981424e-01 
2014 8 1.708824e-01 4.009640e-01 4.018563e-01 4.116682e-01 5.488150e-01 6.867710e-01 7.100880e-01 7.981424e-01 
2015 8 1.708824e-01 4.009640e-01 4.018563e-01 4.116682e-01 5.488150e-01 6.867710e-01 7.100880e-01 7.981424e-01 
2016 8 1.708824e-01 4.009640e-01 4.018563e-01 4.116682e-01 5.488150e-01 6.867710e-01 7.100880e-01 7.981424e-01 
2017 8 1.708824e-01 4.009640e-01 4.018563e-01 4.116682e-01 5.488150e-01 6.867710e-01 7.100880e-01 7.981424e-01 
2018 8 1.708824e-01 4.009640e-01 4.018563e-01 4.116682e-01 5.488150e-01 6.867710e-01 7.100880e-01 7.981424e-01 
2019 8 1.708824e-01 4.009640e-01 4.018563e-01 4.116682e-01 5.488150e-01 6.867710e-01 7.100880e-01 7.981424e-01 
2020 8 1.708824e-01 4.009640e-01 4.018563e-01 4.116682e-01 5.488150e-01 6.867710e-01 7.100880e-01 7.981424e-01 
2021 8 1.708824e-01 4.009640e-01 4.018563e-01 4.116682e-01 5.488150e-01 6.867710e-01 7.100880e-01 7.981424e-01 
2022 8 1.708824e-01 4.009640e-01 4.018563e-01 4.116682e-01 5.488150e-01 6.867710e-01 7.100880e-01 7.981424e-01 
2023 8 1.708824e-01 4.009640e-01 4.018563e-01 4.116682e-01 5.488150e-01 6.867710e-01 7.100880e-01 7.981424e-01 
2024 8 1.708824e-01 4.009640e-01 4.018563e-01 4.116682e-01 5.488150e-01 6.867710e-01 7.100880e-01 7.981424e-01 
2025 8 1.708824e-01 4.009640e-01 4.018563e-01 4.116682e-01 5.488150e-01 6.867710e-01 7.100880e-01 7.981424e-01 
2026 8 1.708824e-01 4.009640e-01 4.018563e-01 4.116682e-01 5.488150e-01 6.867710e-01 7.100880e-01 7.981424e-01 
2027 8 1.708824e-01 4.009640e-01 4.018563e-01 4.116682e-01 5.488150e-01 6.867710e-01 7.100880e-01 7.981424e-01 
2028 8 1.708824e-01 4.009640e-01 4.018563e-01 4.116682e-01 5.488150e-01 6.867710e-01 7.100880e-01 7.981424e-01 
2029 8 1.708824e-01 4.009640e-01 4.018563e-01 4.116682e-01 5.488150e-01 6.867710e-01 7.100880e-01 7.981424e-01 
2030 8 1.708824e-01 4.009640e-01 4.018563e-01 4.116682e-01 5.488150e-01 6.867710e-01 7.100880e-01 7.981424e-01 
2031 8 1.708824e-01 4.009640e-01 4.018563e-01 4.116682e-01 5.488150e-01 6.867710e-01 7.100880e-01 7.981424e-01 
2032 8 1.708824e-01 4.009640e-01 4.018563e-01 4.116682e-01 5.488150e-01 6.867710e-01 7.100880e-01 7.981424e-01 
2033 8 1.708824e-01 4.009640e-01 4.018563e-01 4.116682e-01 5.488150e-01 7.100880e-01 7.147252e-01 7.981424e-01 
2034 8 1.708824e-01 4.009640e-01 4.018563e-01 4.116682e-01 5.488150e-01 7.100880e-01 7.147252e-01 7.981424e-01 
2035 8 1.708824e-01 4.009640e-01 4.018563e-01 4.116682e-01 5.488150e-01 7.100880e-01 7.147252e-01 7.981424e-01 
2036 8 1.708824e-01 4.009640e-01 4.018563e-01 4.116682e-01 5.488150e-01 7.100880e-01 7.147252e-01 7.981424e-01 
2037 8 1.708824e-01 4.009640e-01 4.018563e-01 4.116682e-01 5.488150e-01 7.100880e-01 7.147252e-01 7.981424e-01 
2038 8 1.708824e-01 4.009640e-01 4.061964e-01 4.116682e-01 5.488150e-01 7.100880e-01 7.147252e-01 7.981424e-01 
2039 8 1.708824e-01 4.009640e-01 4.061964e-01 4.116682e-01 5.488150e-01 7.100880e-01 7.147252e-01 7.981424e-01 
2040 8 1.708824e-01 4.009640e-01 4.061964e-01 4.116682e-01 5.488150e-01 7.100880e-01 7.147252e-01 7.981424e-01 
2041 8 1.708824e-01 3.971566e-01 4.061964e-01 4.116682e-01 5.488150e-01 7.100880e-01 7.147252e-01 7.981424e-01 
2042 8 1.708824e-01 3.971566e-01 4.061964e-01 4.116682e-01 5.488150e-01 7.100880e-01 7.147252e-01 7.981424e-01 
2043 8 1.708824e-01 3.971566e-01 4.061964e-01 4.116682e-01 5.488150e-01 7.100880e-01 7.147252e-01 7.981424e-01 
2044 8 1.708824e-01 3.971566e-01 4.061964e-01 4.116682e-01 5.488150e-01 7.100880e-01 7.147252e-01 7.981424e-01 
2045 8 1.708824e-01 3.971566e-01 4.061964e-01 4.116682e-01 5.488150e-01 7.100880e-01 7.147252e-01 7.981424e-01 
2046 8 1.708824e-01 3.971566e-01 4.061964e-01 4.116682e-01 5.488150e-01 7.100880e-01 7.147252e-01 7.981424e-01 
2047 8 1.708824e-01 3.971566e-01 4.061964e-01 4.116682e-01 5.488150e-01 7.100880e-01 7.147252e-01 7.981424e-01 
2048 8 1.708824e-01 3.971566e-01 4.061964e-01 4.116682e-01 5.488150e-01 7.100880e-01 7.147252e-01 7.981424e-01 
2049 8 1.708824e-01 3.971566e-01 4.061964e-01 4.116682e-01 5.488150e-01 7.100880e-01 7.147252e-01 7.981424e-01 
2050 8 1.708824e-01 3.971566e-01 4.061964e-01 4.116682e-01 5.488150e-01 7.100880e-01 7.147252e-01 7.981424e-01 
2051 8 1.708824e-01 3.971566e-01 4.061964e-01 4.116682e-01 5.488150e-01 7.100880e-01 7.147252e-01 8.147090e-01 
2052 8 1.708824e-01 3.971566e-01 4.061964e-01 4.116682e-01 5.488150e-01 7.100880e-01 7.147252e-01 8.147090e-01 
2053 8 1.708824e-01 3.971566e-01 4.061964e-01 4.116682e-01 5.488150e-01 7.100880e-01 7.147252e-01 8.147090e-01 
2054 8 1.708824e-01 3.971566e-01 4.061964e-01 4.116682e-01 5.488150e-01 7.100880e-01 7.147252e-01 8.147090e-01 
2055 8 1.708824e-01 3.971566e-01 4.061964e-01 4.116682e-01 5.488150e-01 7.100880e-01 7.147252e-01 8.147090e-01 
2056 8 1.708824e-01 3.971566e-01 4.061964e-01 4.116682e-01 5.488150e-01 7.100880e-01 7.147252e-01 8.147090e-01 
2057 8 1.708824e-01 3.971566e-01 4.061964e-01 4.116682e-01 5.488150e-01 7.100880e-01 7.147252e-01 8.147090e-01 
2058 8 1.708824e-01 3.971566e-01 4.061964e-01 4.116682e-01 5.488150e-01 7.100880e-01 7.147252e-01 8.147090e-01 
2059 8 1.708824e-01 3.971566e-01 4.061964e-01 4.116682e-01 5.488150e-01 7.100880e-01 7.147252e-01 8.147090e-01 
2060 8 1.708824e-01 3.971566e-01 4.061964e-01 4.116682e-01 5.488150e-01 7.100880e-01 7.147252e-01 8.147090e-01 
2061 8 1.708824e-01 3.971566e-01 4.061964e-01 4.116682e-01 5.488150e-01 7.100880e-01 7.147252e-01 8.147090e-01 
2062 8 1.708824e-01 3.971566e-01 4.061964e-01 4.116682e-01 5.488150e-01 7.100880e-01 7.147252e-01 8.147090e-01 
2063 8 1.708824e-01 3.971566e-01 4.061964e-01 4.087676e-01 5.488150e-01 7.100880e-01 7.147252e-01 8.147090e-01 
2064 8 1.708824e-01 3.971566e-01 4.061964e-01 4.087676e-01 5.488150e-01 7.100880e-01 7.147252e-01 8.147090e-01 
2065 8 1.708824e-01 3.971566e-01 4.061964e-01 4.087676e-01 5.488150e-01 7.100880e-01 7.147252e-01 8.147090e-01 
2066 8 1.708824e-01 3.971566e-01 4.061964e-01 4.087676e-01 5.488150e-01 7.100880e-01 7.147252e-01 8.147090e-01 
2067 8 1.708824e-01 3.971566e-01 4.061964e-01 4.087676e-01 5.433726e-01 7.100880e-01 7.147252e-01 8.147090e-01 
2068 8 1.708824e-01 3.971566e-01 4.061964e-01 4.087676e-01 5.433726e-01 7.100880e-01 7.147252e-01 8.147090e-01 
2069 8 1.708824e-01 3.971566e-01 4.061964e-01 4.087676e-01 5.433726e-01 7.100880e-01 7.147252e-01 8.147090e-01 
2070 8 1.708824e-01 3.971566e-01 4.061964e-01 4.087676e-01 5.433726e-01 7.100880e-01 7.147252e-01 8.147090e-01 
2071 8 1.708824e-01 3.971566e-01 4.061964e-01 4.087676e-01 5.433726e-01 7.100880e-01 7.147252e-01 8.147090e-01 
2072 8 1.708824e-01 3.971566e-01 4.061964e-01 4.087676e-01 5.433726e-01 7.100880e-01 7.147252e-01 8.147090e-01 
2073 8 1.891599e-01 3.971566e-01 4.061964e-01 4.087676e-01 5.433726e-01 7.100880e-01 7.147252e-01 8.147090e-01 
2074 8 1.891599e-01 3.971566e-01 4.061964e-01 4.087676e-01 5.433726e-01 7.100880e-01 7.147252e-01 8.147090e-01 
2075 8 1.891599e-01 3.971566e-01 4.061964e-01 4.087676e-01 5.433726e-01 7.100880e-01 7.147252e-01 8.147090e-01 
2076 8 1.891599e-01 3.971566e-01 4.061964e-01 4.087676e-01 5.433726e-01 7.100880e-01 7.147252e-01 8.147090e-01 
2077 8 1.891599e-01 3.971566e-01 4.061964e-01 4.087676e-01 5.433726e-01 7.115532e-01 7.147252e-01 8.147090e-01 
2078 8 1.891599e-01 3.971566e-01 4.061964e-01 4.087676e-01 5.433726e-01 7.115532e-01 7.147252e-01 8.147090e-01 
2079 8 1.891599e-01 3.971566e-01 4.061964e-01 4.087676e-01 5.433726e-01 7.115532e-01 7.147252e-01 8.147090e-01 
2080 8 1.891599e-01 3.971566e-01 4.061964e-01 4.087676e-01 5.433726e-01 7.115532e-01 7.147252e-01 8.147090e-01 
2081 8 1.891599e-01 3.971566e-01 4.061964e-01 4.087676e-01 5.433726e-01 7.115532e-01 7.147252e-01 8.147090e-01 
2082 8 1.891599e-01 3.971566e-01 4.061964e-01 4.087676e-01 5.433726e-01 7.115532e-01 7.147252e-01 8.147090e-01 
2083 8 1.891599e-01 3.971566e-01 4.061964e-01 4.087676e-01 5.542497e-01 7.115532e-01 7.147252e-01 8.147090e-01 
2084 8 1.891599e-01 3.971566e-01 4.061964e-01 4.087676e-01 5.542497e-01 7.115532e-01 7.147252e-01 8.147090e-01 
2085 8 1.891599e-01 3.971566e-01 4.061964e-01 4.087676e-01 5.542497e-01 7.115532e-01 7.147252e-01 8.147090e-01 
2086 8 1.891599e-01 3.971566e-01 4.061964e-01 4.087676e-01 5.542497e-01 7.115532e-01 7.147252e-01 8.147090e-01 
2087 8 1.891599e-01 3.971566e-01 4.061964e-01 4.087676e-01 5.542497e-01 7.115532e-01 7.147252e-01 8.147090e-01 
2088 8 1.891599e-01 3.971566e-01 4.061964e-01 4.087676e-01 5.542497e-01 7.115532e-01 7.147252e-01 8.147090e-01 
2089 8 1.891599e-01 3.971566e-01 4.061964e-01 4.087676e-01 5.542497e-01 7.115532e-01 7.147252e-01 8.185484e-01 
2090 8 1.891599e-01 3.971566e-01 4.061964e-01 4.087676e-01 5.542497e-01 7.115532e-01 7.147252e-01 8.185484e-01 
2091 8 1.891599e-01 3.971566e-01 4.061964e-01 4.087676e-01 5.542497e-01 7.115532e-01 7.147252e-01 8.185484e-01 
2092 8 1.891599e-01 3.971566e-01 4.061964e-01 4.087676e-01 5.542497e-01 7.115532e-01 7.147252e-01 8.185484e-01 
2093 8 1.891599e-01 3.971566e-01 4.061964e-01 4.087676e-01 5.542497e-01 7.115532e-01 7.147252e-01 8.185484e-01 
2094 8 1.891599e-01 3.971566e-01 4.061964e-01 4.087676e-01 5.542497e-01 7.115532e-01 7.147252e-01 8.185484e-01 
2095 8 1.891599e-01 3.971566e-01 4.061964e-01 4.087676e-01 5.542497e-01 7.115532e-01 7.147252e-01 8.185484e-01 
2096 8 1.891599e-01 3.971566e-01 4.061964e-01 4.087676e-01 5.542497e-01 7.115532e-01 7.147252e-01 8.185484e-01 
2097 8 1.891599e-01 3.971566e-01 4.061964e-01 4.087676e-01 5.542497e-01 6.839912e-01 7.115532e-01 8.185484e-01 
2098 8 1.891599e-01 3.971566e-01 4.061964e-01 4.087676e-01 5.922357e-01 6.839912e-01 7.115532e-01 8.185484e-01 
2099 8 1.891599e-01 3.971566e-01 4.061964e-01 4.087676e-01 5.922357e-01 6.839912e-01 7.115532e-01 8.185484e-01 
2100 8 1.891599e-01 3.971566e-01 4.061964e-01 4.087676e-01 5.922357e-01 6.839912e-01 7.115532e-01 8.185484e-01 
2101 8 1.891599e-01 3.971566e-01 4.061964e-01 4.087676e-01 5.922357e-01 6.839912e-01 7.115532e-01 8.185484e-01 
2102 8 1.891599e-01 3.971566e-01 4.061964e-01 4.087676e-01 5.922357e-01 6.839912e-01 7.115532e-01 8.185484e-01 
2103 8 1.891599e-01 3.971566e-01 4.061964e-01 4.087676e-01 5.922357e-01 6.839912e-01 7.115532e-01 8.185484e-01 
2104 8 1.891599e-01 3.971566e-01 4.061964e-01 4.087676e-01 5.922357e-01 6.839912e-01 7.115532e-01 8.185484e-01 
2105 8 1.891599e-01 3.971566e-01 4.061964e-01 4.087676e-01 5.922357e-01 6.839912e-01 7.115532e-01 8.185484e-01 
2106 8 1.891599e-01 3.971566e-01 4.061964e-01 4.087676e-01 5.922357e-01 6.839912e-01 7.115532e-01 8.185484e-01 
2107 8 1.891599e-01 3.971566e-01 4.061964e-01 4.087676e-01 5.922357e-01 6.839912e-01 7.115532e-01 8.185484e-01 
2108 8 1.891599e-01 3.971566e-01 4.061964e-01 4.087676e-01 5.922357e-01 6.839912e-01 7.115532e-01 8.185484e-01 
2109 8 1.891599e-01 3.971566e-01 4.061964e-01 4.087676e-01 5.922357e-01 6.839912e-01 7.115532e-01 8.185484e-01 
2110 8 1.891599e-01 3.971566e-01 4.061964e-01 4.087676e-01 5.922357e-01 6.839912e-01 7.115532e-01 8.185484e-01 
2111 8 1.891599e-01 3.971566e-01 4.061964e-01 4.087676e-01 5.922357e-01 6.839912e-01 7.115532e-01 8.185484e-01 
2112 8 1.891599e-01 3.971566e-01 4.061964e-01 4.087676e-01 5.922357e-01 6.839912e-01 6.967955e-01 8.185484e-01 
2113 8 1.891599e-01 3.971566e-01 4.061964e-01 4.087676e-01 5.922357e-01 6.839912e-01 6.967955e-01 8.185484e-01 
2114 8 1.891599e-01 3.971566e-01 4.061964e-01 4.087676e-01 5.922357e-01 6.839912e-01 6.967955e-01 8.185484e-01 
2115 8 1.891599e-01 3.971566e-01 4.061964e-01 4.087676e-01 5.922357e-01 6.967955e-01 7.139347e-01 8.185484e-01 
2116 8 1.891599e-01 3.971566e-01 4.061964e-01 4.087676e-01 5.922357e-01 6.967955e-01 7.139347e-01 8.185484e-01 
2117 8 1.891599e-01 3.971566e-01 4.061964e-01 4.087676e-01 5.922357e-01 6.967955e-01 7.139347e-01 8.185484e-01 
2118 8 1.903251e-01 3.971566e-01 4.061964e-01 4.087676e-01 5.922357e-01 6.967955e-01 7.139347e-01 8.185484e-01 
2119 8 1.903251e-01 3.971566e-01 4.061964e-01 4.087676e-01 5.922357e-01 6.967955e-01 7.139347e-01 8.185484e-01 
2120 8 1.903251e-01 3.971566e-01 4.061964e-01 4.087676e-01 5.922357e-01 6.967955e-01 7.139347e-01 8.185484e-01 
2121 8 1.638601e-01 3.971566e-01 4.061964e-01 4.087676e-01 5.922357e-01 6.967955e-01 7.139347e-01 8.185484e-01 
2122 8 1.638601e-01 3.971566e-01 4.061964e-01 4.087676e-01 5.922357e-01 6.967955e-01 7.139347e-01 8.185484e-01 
2123 8 1.638601e-01 3.971566e-01 4.061964e-01 4.087676e-01 5.922357e-01 6.967955e-01 7.139347e-01 8.185484e-01 
2124 8 1.638601e-01 3.971566e-01 4.061964e-01 4.087676e-01 5.922357e-01 6.967955e-01 7.139347e-01 8.185484e-01 
2125 8 1.638601e-01 3.971566e-01 4.061964e-01 4.087676e-01 5.922357e-01 6.967955e-01 7.139347e-01 8.185484e-01 
2126 8 1.638601e-01 3.971566e-01 4.061964e-01 4.087676e-01 5.922357e-01 6.967955e-01 7.139347e-01 8.185484e-01 
2127 8 1.638601e-01 3.971566e-01 4.061964e-01 4.087676e-01 5.922357e-01 6.967955e-01 7.139347e-01 8.185484e-01 
2128 8 1.638601e-01 3.971566e-01 4.061964e-01 4.087676e-01 5.922357e-01 6.967955e-01 7.139347e-01 8.185484e-01 
2129 8 1.638601e-01 3.971566e-01 4.061964e-01 4.087676e-01 5.922357e-01 6.967955e-01 7.139347e-01 8.059672e-01 
2130 8 1.638601e-01 3.971566e-01 4.061964e-01 4.087676e-01 5.922357e-01 6.967955e-01 7.139347e-01 8.059672e-01 
2131 8 1.638601e-01 3.971566e-01 4.061964e-01 4.087676e-01 5.922357e-01 6.967955e-01 7.139347e-01 8.059672e-01 
2132 8 1.638601e-01 3.971566e-01 4.061964e-01 4.087676e-01 5.922357e-01 6.967955e-01 7.139347e-01 8.059672e-01 
2133 8 1.638601e-01 3.971566e-01 4.061964e-01 4.087676e-01 5.922357e-01 6.967955e-01 7.139347e-01 8.143938e-01 
2134 8 1.638601e-01 3.971566e-01 4.061964e-01 4.087676e-01 5.922357e-01 6.967955e-01 7.139347e-01 8.143938e-01 
2135 8 1.638601e-01 3.971566e-01 4.061964e-01 4.087676e-01 5.922357e-01 6.967955e-01 7.139347e-01 8.143938e-01 
2136 8 1.638601e-01 3.971566e-01 4.061964e-01 4.087676e-01 5.922357e-01 6.967955e-01 7.139347e-01 8.143938e-01 
2137 8 1.638601e-01 3.971566e-01 4.061964e-01 4.087676e-01 5.922357e-01 6.967955e-01 7.139347e-01 8.143938e-01 
2138 8 1.584759e-01 3.971566e-01 4.061964e-01 4.087676e-01 5.922357e-01 6.967955e-01 7.139347e-01 8.143938e-01 
2139 8 1.584759e-01 3.971566e-01 4.061964e-01 4.087676e-01 5.922357e-01 6.967955e-01 7.139347e-01 8.143938e-01 
2140 8 1.584759e-01 3.971566e-01 4.061964e-01 4.087676e-01 5.922357e-01 6.967955e-01 7.139347e-01 8.143938e-01 
2141 8 1.584759e-01 3.971566e-01 4.061964e-01 4.087676e-01 5.922357e-01 6.967955e-01 7.139347e-01 8.143938e-01 
2142 8 1.584759e-01 3.971566e-01 4.061964e-01 4.087676e-01 5.922357e-01 6.967955e-01 7.139347e-01 8.143938e-01 
2143 8 1.584759e-01 3.971566e-01 4.061964e-01 4.087676e-01 5.922357e-01 6.967955e-01 7.139347e-01 8.143938e-01 
2144 8 1.584759e-01 3.971566e-01 4.061964e-01 4.087676e-01 5.922357e-01 6.967955e-01 7.139347e-01 8.143938e-01 
2145 8 1.584759e-01 3.971566e-01 4.061964e-01 4.087676e-01 5.922357e-01 6.967955e-01 7.139347e-01 8.143938e-01 
2146 8 1.584759e-01 3.971566e-01 4.061964e-01 4.087676e-01 5.922357e-01 6.967955e-01 7.139347e-01 8.143938e-01 
2147 8 1.584759e-01 3.971566e-01 4.061964e-01 4.087676e-01 5.922357e-01 6.967955e-01 7.139347e-01 8.143938e-01 
2148 8 1.584759e-01 3.971566e-01 4.061964e-01 4.087676e-01 5.922357e-01 6.967955e-01 7.139347e-01 8.143938e-01 
2149 8 1.584759e-01 3.971566e-01 4.061964e-01 4.087676e-01 5.922357e-01 6.967955e-01 7.139347e-01 8.143938e-01 
2150 8 1.584759e-01 3.971566e-01 4.061964e-01 4.087676e-01 5.922357e-01 6.967955e-01 7.139347e-01 8.143938e-01 
2151 8 1.584759e-01 3.971566e-01 4.061964e-01 4.087676e-01 5.922357e-01 6.967955e-01 7.139347e-01 8.143938e-01 
2152 8 1.584759e-01 3.971566e-01 4.061964e-01 4.087676e-01 5.922357e-01 6.967955e-01 7.139347e-01 8.143938e-01 
2153 8 1.584759e-01 3.971566e-01 4.061964e-01 4.087676e-01 5.922357e-01 6.967955e-01 7.139347e-01 8.143938e-01 
2154 8 1.584759e-01 3.971566e-01 4.061964e-01 4.087676e-01 5.922357e-01 6.967955e-01 7.139347e-01 8.143938e-01 
2155 8 1.584759e-01 3.971566e-01 4.061964e-01 4.087676e-01 5.922357e-01 6.967955e-01 7.139347e-01 8.143938e-01 
2156 8 1.584759e-01 3.971566e-01 4.061964e-01 4.087676e-01 5.922357e-01 6.967955e-01 7.139347e-01 8.143938e-01 
2157 8 1.584759e-01 3.971566e-01 4.061964e-01 4.087676e-01 5.922357e-01 6.967955e-01 7.139347e-01 8.143938e-01 
2158 8 1.584759e-01 3.971566e-01 4.061964e-01 4.087676e-01 5.922357e-01 6.967955e-01 7.139347e-01 8.143938e-01 
2159 8 1.584759e-01 3.971566e-01 4.061964e-01 4.087676e-01 5.922357e-01 6.967955e-01 7.139347e-01 8.143938e-01 
2160 8 1.584759e-01 3.971566e-01 4.061964e-01 4.087676e-01 5.922357e-01 6.967955e-01 7.048568e-01 8.143938e-01 
2161 8 1.584759e-01 3.971566e-01 4.071668e-01 4.087676e-01 5.922357e-01 6.967955e-01 7.048568e-01 8.143938e-01 
2162 8 1.584759e-01 3.971566e-01 4.071668e-01 4.087676e-01 5.922357e-01 6.967955e-01 7.048568e-01 8.143938e-01 
2163 8 1.584759e-01 3.971566e-01 4.071668e-01 4.087676e-01 5.922357e-01 6.967955e-01 7.048568e-01 8.143938e-01 
2164 8 1.584759e-01 3.971566e-01 4.071668e-01 4.087676e-01 5.922357e-01 6.967955e-01 7.048568e-01 8.143938e-01 
2165 8 1.584759e-01 3.971566e-01 4.071668e-01 4.087676e-01 5.922357e-01 6.967955e-01 7.048568e-01 8.143938e-01 
2166 8 1.584759e-01 3.971566e-01 4.071668e-01 4.087676e-01 5.922357e-01 6.967955e-01 7.048568e-01 8.143938e-01 
2167 8 1.584759e-01 3.971566e-01 4.071668e-01 4.087676e-01 5.922357e-01 6.967955e-01 7.048568e-01 8.143938e-01 
2168 8 1.584759e-01 3.971566e-01 4.071668e-01 4.087676e-01 5.922357e-01 6.967955e-01 7.048568e-01 8.143938e-01 
2169 8 1.584759e-01 3.971566e-01 4.071668e-01 4.087676e-01 5.922357e-01 6.967955e-01 7.048568e-01 8.143938e-01 
2170 8 1.584759e-01 3.971566e-01 4.071668e-01 4.087676e-01 5.922357e-01 6.967955e-01 7.048568e-01 8.143938e-01 
2171 8 1.584759e-01 3.971566e-01 4.071668e-01 4.087676e-01 5.922357e-01 6.967955e-01 7.048568e-01 8.143938e-01 
2172 8 1.584759e-01 3.971566e-01 4.071668e-01 4.087676e-01 5.922357e-01 6.967955e-01 7.048568e-01 8.143938e-01 
2173 8 1.584759e-01 3.971566e-01 4.071668e-01 4.087676e-01 5.922357e-01 6.967955e-01 7.048568e-01 8.143938e-01 
2174 8 1.584759e-01 3.971566e-01 4.071668e-01 4.087676e-01 5.922357e-01 6.967955e-01 7.048568e-01 8.143938e-01 
2175 8 1.584759e-01 3.971566e-01 4.071668e-01 4.087676e-01 5.922357e-01 6.967955e-01 7.048568e-01 8.143938e-01 
2176 8 1.584759e-01 3.971566e-01 4.071668e-01 4.087676e-01 5.922357e-01 6.967955e-01 7.048568e-01 8.143938e-01 
2177 8 1.584759e-01 3.971566e-01 4.071668e-01 4.087676e-01 5.922357e-01 6.967955e-01 7.048568e-01 8.143938e-01 
2178 8 1.584759e-01 3.971566e-01 4.071668e-01 4.087676e-01 5.922357e-01 6.967955e-01 7.048568e-01 8.143938e-01 
2179 8 1.584759e-01 3.971566e-01 4.071668e-01 4.087676e-01 5.922357e-01 6.967955e-01 7.048568e-01 8.143938e-01 
2180 8 1.584759e-01 3.971566e-01 4.071668e-01 4.087676e-01 5.922357e-01 6.967955e-01 7.048568e-01 8.143938e-01 
2181 8 1.584759e-01 3.971566e-01 4.071668e-01 4.087676e-01 5.922357e-01 6.967955e-01 7.048568e-01 8.143938e-01 
2182 8 1.584759e-01 3.971566e-01 4.071668e-01 4.087676e-01 5.922357e-01 6.967955e-01 7.048568e-01 8.143938e-01 
2183 8 1.584759e-01 3.971566e-01 4.071668e-01 4.087676e-01 5.922357e-01 6.967955e-01 7.048568e-01 8.143938e-01 
2184 8 1.584759e-01 3.971566e-01 4.071668e-01 4.087676e-01 5.688125e-01 6.967955e-01 7.048568e-01 8.143938e-01 
2185 8 1.584759e-01 3.971566e-01 4.071668e-01 4.087676e-01 5.688125e-01 6.967955e-01 7.048568e-01 7.697902e-01 
2186 8 1.584759e-01 3.971566e-01 4.071668e-01 4.087676e-01 5.688125e-01 6.967955e-01 7.048568e-01 7.697902e-01 
2187 8 1.584759e-01 3.971566e-01 4.071668e-01 4.087676e-01 6.672838e-01 6.967955e-01 7.048568e-01 7.697902e-01 
2188 8 1.584759e-01 3.971566e-01 4.071668e-01 4.087676e-01 6.672838e-01 6.967955e-01 7.048568e-01 7.697902e-01 
2189 8 1.584759e-01 3.971566e-01 4.071668e-01 4.087676e-01 6.672838e-01 6.967955e-01 7.048568e-01 7.697902e-01 
2190 8 1.584759e-01 3.971566e-01 4.071668e-01 4.087676e-01 6.672838e-01 6.967955e-01 7.048568e-01 7.697902e-01 
2191 8 1.584759e-01 3.971566e-01 4.071668e-01 4.087676e-01 6.672838e-01 6.967955e-01 7.048568e-01 7.697902e-01 
2192 8 1.584759e-01 3.971566e-01 4.071668e-01 4.087676e-01 6.672838e-01 6.967955e-01 7.048568e-01 7.697902e-01 
2193 8 1.584759e-01 3.971566e-01 4.071668e-01 4.087676e-01 6.672838e-01 6.967955e-01 7.048568e-01 7.697902e-01 
2194 8 1.584759e-01 3.971566e-01 4.071668e-01 4.087676e-01 6.672838e-01 6.967955e-01 7.048568e-01 7.697902e-01 
2195 8 1.584759e-01 3.971566e-01 4.071668e-01 4.087676e-01 6.672838e-01 6.967955e-01 7.048568e-01 7.697902e-01 
2196 8 1.584759e-01 3.971566e-01 4.071668e-01 4.087676e-01 6.672838e-01 6.967955e-01 7.048568e-01 7.697902e-01 
2197 8 1.584759e-01 3.971566e-01 4.071668e-01 4.087676e-01 6.672838e-01 6.967955e-01 7.048568e-01 7.697902e-01 
2198 8 1.584759e-01 3.971566e-01 4.071668e-01 4.087676e-01 6.672838e-01 6.967955e-01 7.048568e-01 7.697902e-01 
2199 8 1.584759e-01 3.971566e-01 4.071668e-01 4.087676e-01 6.672838e-01 6.967955e-01 7.048568e-01 7.697902e-01 
